source,target,weight,last_update,cycle
bbc_mundo,eldiario,9,2026-03-06 22:56,2026-03-06 22:56
bbc_mundo,expansion,9,2026-03-06 22:56,2026-03-06 22:56
bbc_mundo,lavanguardia,9,2026-03-06 22:56,2026-03-06 22:56
bbc_mundo,heraldo_aragon,8,2026-03-06 22:56,2026-03-06 22:56
20minutos,bbc_mundo,8,2026-03-06 22:56,2026-03-06 22:56
heraldo_aragon,infolibre,8,2026-03-06 22:56,2026-03-06 22:56
20minutos,infolibre,7,2026-03-06 22:56,2026-03-06 22:56
20minutos,heraldo_aragon,7,2026-03-06 22:56,2026-03-06 22:56
heraldo_aragon,lavanguardia,7,2026-03-06 22:56,2026-03-06 22:56
eldiario,heraldo_aragon,7,2026-03-06 22:56,2026-03-06 22:56
bbc_mundo,infolibre,7,2026-03-06 22:56,2026-03-06 22:56
eldiario,expansion,7,2026-03-06 22:56,2026-03-06 22:56
expansion,infolibre,7,2026-03-06 22:56,2026-03-06 22:56
expansion,heraldo_aragon,7,2026-03-06 22:56,2026-03-06 22:56
20minutos,eldiario,6,2026-03-06 22:56,2026-03-06 22:56
elpais,heraldo_aragon,6,2026-03-06 22:56,2026-03-06 22:56
expansion,lavanguardia,6,2026-03-06 22:56,2026-03-06 22:56
eldiario,lavanguardia,6,2026-03-06 22:56,2026-03-06 22:56
infolibre,lavanguardia,6,2026-03-06 22:56,2026-03-06 22:56
elpais,lavanguardia,6,2026-03-06 22:56,2026-03-06 22:56
20minutos,elpais,6,2026-03-06 22:56,2026-03-06 22:56
20minutos,expansion,6,2026-03-06 22:56,2026-03-06 22:56
elpais,infolibre,6,2026-03-06 22:56,2026-03-06 22:56
20minutos,lavanguardia,6,2026-03-06 22:56,2026-03-06 22:56
bbc_mundo,elpais,6,2026-03-06 22:56,2026-03-06 22:56
eldiario,infolibre,6,2026-03-06 22:56,2026-03-06 22:56
bbc_mundo,elpais_internacional,5,2026-03-06 22:56,2026-03-06 22:56
20minutos,elpais_internacional,5,2026-03-06 22:56,2026-03-06 22:56
elpais_internacional,lavanguardia,5,2026-03-06 22:56,2026-03-06 22:56
eldiario,elpais,5,2026-03-06 22:56,2026-03-06 22:56
bbc_mundo,eldiario,9,2026-03-06 23:02,2026-03-06 23:02
bbc_mundo,expansion,9,2026-03-06 23:02,2026-03-06 23:02
bbc_mundo,lavanguardia,9,2026-03-06 23:02,2026-03-06 23:02
bbc_mundo,heraldo_aragon,8,2026-03-06 23:02,2026-03-06 23:02
20minutos,bbc_mundo,8,2026-03-06 23:02,2026-03-06 23:02
heraldo_aragon,infolibre,8,2026-03-06 23:02,2026-03-06 23:02
20minutos,infolibre,7,2026-03-06 23:02,2026-03-06 23:02
20minutos,heraldo_aragon,7,2026-03-06 23:02,2026-03-06 23:02
heraldo_aragon,lavanguardia,7,2026-03-06 23:02,2026-03-06 23:02
eldiario,heraldo_aragon,7,2026-03-06 23:02,2026-03-06 23:02
bbc_mundo,infolibre,7,2026-03-06 23:02,2026-03-06 23:02
eldiario,expansion,7,2026-03-06 23:02,2026-03-06 23:02
expansion,infolibre,7,2026-03-06 23:02,2026-03-06 23:02
expansion,heraldo_aragon,7,2026-03-06 23:02,2026-03-06 23:02
20minutos,eldiario,6,2026-03-06 23:02,2026-03-06 23:02
elpais,heraldo_aragon,6,2026-03-06 23:02,2026-03-06 23:02
expansion,lavanguardia,6,2026-03-06 23:02,2026-03-06 23:02
eldiario,lavanguardia,6,2026-03-06 23:02,2026-03-06 23:02
infolibre,lavanguardia,6,2026-03-06 23:02,2026-03-06 23:02
elpais,lavanguardia,6,2026-03-06 23:02,2026-03-06 23:02
20minutos,elpais,6,2026-03-06 23:02,2026-03-06 23:02
20minutos,expansion,6,2026-03-06 23:02,2026-03-06 23:02
elpais,infolibre,6,2026-03-06 23:02,2026-03-06 23:02
20minutos,lavanguardia,6,2026-03-06 23:02,2026-03-06 23:02
bbc_mundo,elpais,6,2026-03-06 23:02,2026-03-06 23:02
eldiario,infolibre,6,2026-03-06 23:02,2026-03-06 23:02
bbc_mundo,elpais_internacional,5,2026-03-06 23:02,2026-03-06 23:02
20minutos,elpais_internacional,5,2026-03-06 23:02,2026-03-06 23:02
elpais_internacional,lavanguardia,5,2026-03-06 23:02,2026-03-06 23:02
eldiario,elpais,5,2026-03-06 23:02,2026-03-06 23:02
bbc_mundo,eldiario,9,2026-03-06 23:30,2026-03-06 23:30
bbc_mundo,expansion,9,2026-03-06 23:30,2026-03-06 23:30
bbc_mundo,lavanguardia,9,2026-03-06 23:30,2026-03-06 23:30
bbc_mundo,heraldo_aragon,8,2026-03-06 23:30,2026-03-06 23:30
20minutos,bbc_mundo,8,2026-03-06 23:30,2026-03-06 23:30
heraldo_aragon,infolibre,8,2026-03-06 23:30,2026-03-06 23:30
20minutos,infolibre,7,2026-03-06 23:30,2026-03-06 23:30
20minutos,heraldo_aragon,7,2026-03-06 23:30,2026-03-06 23:30
heraldo_aragon,lavanguardia,7,2026-03-06 23:30,2026-03-06 23:30
eldiario,heraldo_aragon,7,2026-03-06 23:30,2026-03-06 23:30
bbc_mundo,infolibre,7,2026-03-06 23:30,2026-03-06 23:30
eldiario,expansion,7,2026-03-06 23:30,2026-03-06 23:30
expansion,infolibre,7,2026-03-06 23:30,2026-03-06 23:30
expansion,heraldo_aragon,7,2026-03-06 23:30,2026-03-06 23:30
20minutos,eldiario,6,2026-03-06 23:30,2026-03-06 23:30
elpais,heraldo_aragon,6,2026-03-06 23:30,2026-03-06 23:30
expansion,lavanguardia,6,2026-03-06 23:30,2026-03-06 23:30
eldiario,lavanguardia,6,2026-03-06 23:30,2026-03-06 23:30
infolibre,lavanguardia,6,2026-03-06 23:30,2026-03-06 23:30
elpais,lavanguardia,6,2026-03-06 23:30,2026-03-06 23:30
20minutos,elpais,6,2026-03-06 23:30,2026-03-06 23:30
20minutos,expansion,6,2026-03-06 23:30,2026-03-06 23:30
elpais,infolibre,6,2026-03-06 23:30,2026-03-06 23:30
20minutos,lavanguardia,6,2026-03-06 23:30,2026-03-06 23:30
bbc_mundo,elpais,6,2026-03-06 23:30,2026-03-06 23:30
eldiario,infolibre,6,2026-03-06 23:30,2026-03-06 23:30
bbc_mundo,elpais_internacional,5,2026-03-06 23:30,2026-03-06 23:30
20minutos,elpais_internacional,5,2026-03-06 23:30,2026-03-06 23:30
elpais_internacional,lavanguardia,5,2026-03-06 23:30,2026-03-06 23:30
eldiario,elpais,5,2026-03-06 23:30,2026-03-06 23:30
bbc_mundo,eldiario,9,2026-03-07 00:00,2026-03-07 00:00
bbc_mundo,expansion,9,2026-03-07 00:00,2026-03-07 00:00
bbc_mundo,lavanguardia,9,2026-03-07 00:00,2026-03-07 00:00
bbc_mundo,heraldo_aragon,8,2026-03-07 00:00,2026-03-07 00:00
20minutos,bbc_mundo,8,2026-03-07 00:00,2026-03-07 00:00
heraldo_aragon,infolibre,8,2026-03-07 00:00,2026-03-07 00:00
20minutos,infolibre,7,2026-03-07 00:00,2026-03-07 00:00
20minutos,heraldo_aragon,7,2026-03-07 00:00,2026-03-07 00:00
heraldo_aragon,lavanguardia,7,2026-03-07 00:00,2026-03-07 00:00
eldiario,heraldo_aragon,7,2026-03-07 00:00,2026-03-07 00:00
bbc_mundo,infolibre,7,2026-03-07 00:00,2026-03-07 00:00
eldiario,expansion,7,2026-03-07 00:00,2026-03-07 00:00
expansion,infolibre,7,2026-03-07 00:00,2026-03-07 00:00
expansion,heraldo_aragon,7,2026-03-07 00:00,2026-03-07 00:00
20minutos,eldiario,6,2026-03-07 00:00,2026-03-07 00:00
elpais,heraldo_aragon,6,2026-03-07 00:00,2026-03-07 00:00
expansion,lavanguardia,6,2026-03-07 00:00,2026-03-07 00:00
eldiario,lavanguardia,6,2026-03-07 00:00,2026-03-07 00:00
infolibre,lavanguardia,6,2026-03-07 00:00,2026-03-07 00:00
elpais,lavanguardia,6,2026-03-07 00:00,2026-03-07 00:00
20minutos,elpais,6,2026-03-07 00:00,2026-03-07 00:00
20minutos,expansion,6,2026-03-07 00:00,2026-03-07 00:00
elpais,infolibre,6,2026-03-07 00:00,2026-03-07 00:00
20minutos,lavanguardia,6,2026-03-07 00:00,2026-03-07 00:00
bbc_mundo,elpais,6,2026-03-07 00:00,2026-03-07 00:00
eldiario,infolibre,6,2026-03-07 00:00,2026-03-07 00:00
bbc_mundo,elpais_internacional,5,2026-03-07 00:00,2026-03-07 00:00
20minutos,elpais_internacional,5,2026-03-07 00:00,2026-03-07 00:00
elpais_internacional,lavanguardia,5,2026-03-07 00:00,2026-03-07 00:00
eldiario,elpais,5,2026-03-07 00:00,2026-03-07 00:00
bbc_mundo,eldiario,9,2026-03-07 00:30,2026-03-07 00:30
bbc_mundo,expansion,9,2026-03-07 00:30,2026-03-07 00:30
bbc_mundo,lavanguardia,9,2026-03-07 00:30,2026-03-07 00:30
bbc_mundo,heraldo_aragon,8,2026-03-07 00:30,2026-03-07 00:30
20minutos,bbc_mundo,8,2026-03-07 00:30,2026-03-07 00:30
heraldo_aragon,infolibre,8,2026-03-07 00:30,2026-03-07 00:30
20minutos,infolibre,7,2026-03-07 00:30,2026-03-07 00:30
20minutos,heraldo_aragon,7,2026-03-07 00:30,2026-03-07 00:30
heraldo_aragon,lavanguardia,7,2026-03-07 00:30,2026-03-07 00:30
eldiario,heraldo_aragon,7,2026-03-07 00:30,2026-03-07 00:30
bbc_mundo,infolibre,7,2026-03-07 00:30,2026-03-07 00:30
eldiario,expansion,7,2026-03-07 00:30,2026-03-07 00:30
expansion,infolibre,7,2026-03-07 00:30,2026-03-07 00:30
expansion,heraldo_aragon,7,2026-03-07 00:30,2026-03-07 00:30
20minutos,eldiario,6,2026-03-07 00:30,2026-03-07 00:30
elpais,heraldo_aragon,6,2026-03-07 00:30,2026-03-07 00:30
expansion,lavanguardia,6,2026-03-07 00:30,2026-03-07 00:30
eldiario,lavanguardia,6,2026-03-07 00:30,2026-03-07 00:30
infolibre,lavanguardia,6,2026-03-07 00:30,2026-03-07 00:30
elpais,lavanguardia,6,2026-03-07 00:30,2026-03-07 00:30
20minutos,elpais,6,2026-03-07 00:30,2026-03-07 00:30
20minutos,expansion,6,2026-03-07 00:30,2026-03-07 00:30
elpais,infolibre,6,2026-03-07 00:30,2026-03-07 00:30
20minutos,lavanguardia,6,2026-03-07 00:30,2026-03-07 00:30
bbc_mundo,elpais,6,2026-03-07 00:30,2026-03-07 00:30
eldiario,infolibre,6,2026-03-07 00:30,2026-03-07 00:30
bbc_mundo,elpais_internacional,5,2026-03-07 00:30,2026-03-07 00:30
20minutos,elpais_internacional,5,2026-03-07 00:30,2026-03-07 00:30
elpais_internacional,lavanguardia,5,2026-03-07 00:30,2026-03-07 00:30
eldiario,elpais,5,2026-03-07 00:30,2026-03-07 00:30
bbc_mundo,eldiario,9,2026-03-07 01:00,2026-03-07 01:00
bbc_mundo,expansion,9,2026-03-07 01:00,2026-03-07 01:00
bbc_mundo,lavanguardia,9,2026-03-07 01:00,2026-03-07 01:00
bbc_mundo,heraldo_aragon,8,2026-03-07 01:00,2026-03-07 01:00
20minutos,bbc_mundo,8,2026-03-07 01:00,2026-03-07 01:00
heraldo_aragon,infolibre,8,2026-03-07 01:00,2026-03-07 01:00
google_news_politica,infolibre,7,2026-03-07 01:00,2026-03-07 01:00
20minutos,infolibre,7,2026-03-07 01:00,2026-03-07 01:00
20minutos,heraldo_aragon,7,2026-03-07 01:00,2026-03-07 01:00
heraldo_aragon,lavanguardia,7,2026-03-07 01:00,2026-03-07 01:00
eldiario,heraldo_aragon,7,2026-03-07 01:00,2026-03-07 01:00
bbc_mundo,infolibre,7,2026-03-07 01:00,2026-03-07 01:00
eldiario,expansion,7,2026-03-07 01:00,2026-03-07 01:00
expansion,infolibre,7,2026-03-07 01:00,2026-03-07 01:00
expansion,heraldo_aragon,7,2026-03-07 01:00,2026-03-07 01:00
20minutos,lavanguardia,6,2026-03-07 01:00,2026-03-07 01:00
eldiario,infolibre,6,2026-03-07 01:00,2026-03-07 01:00
20minutos,expansion,6,2026-03-07 01:00,2026-03-07 01:00
infolibre,lavanguardia,6,2026-03-07 01:00,2026-03-07 01:00
elpais,lavanguardia,6,2026-03-07 01:00,2026-03-07 01:00
elpais,infolibre,6,2026-03-07 01:00,2026-03-07 01:00
elpais,heraldo_aragon,6,2026-03-07 01:00,2026-03-07 01:00
bbc_mundo,elpais,6,2026-03-07 01:00,2026-03-07 01:00
20minutos,eldiario,6,2026-03-07 01:00,2026-03-07 01:00
bbc_mundo,google_news_politica,6,2026-03-07 01:00,2026-03-07 01:00
20minutos,elpais,6,2026-03-07 01:00,2026-03-07 01:00
eldiario,lavanguardia,6,2026-03-07 01:00,2026-03-07 01:00
expansion,lavanguardia,6,2026-03-07 01:00,2026-03-07 01:00
google_news_politica,lavanguardia,5,2026-03-07 01:00,2026-03-07 01:00
google_news_politica,heraldo_aragon,5,2026-03-07 01:00,2026-03-07 01:00
bbc_mundo,expansion,9,2026-03-07 01:30,2026-03-07 01:30
bbc_mundo,eldiario,9,2026-03-07 01:30,2026-03-07 01:30
bbc_mundo,lavanguardia,9,2026-03-07 01:30,2026-03-07 01:30
heraldo_aragon,infolibre,8,2026-03-07 01:30,2026-03-07 01:30
20minutos,bbc_mundo,8,2026-03-07 01:30,2026-03-07 01:30
bbc_mundo,heraldo_aragon,8,2026-03-07 01:30,2026-03-07 01:30
20minutos,infolibre,7,2026-03-07 01:30,2026-03-07 01:30
heraldo_aragon,lavanguardia,7,2026-03-07 01:30,2026-03-07 01:30
bbc_mundo,infolibre,7,2026-03-07 01:30,2026-03-07 01:30
eldiario,heraldo_aragon,7,2026-03-07 01:30,2026-03-07 01:30
eldiario,expansion,7,2026-03-07 01:30,2026-03-07 01:30
google_news_politica,infolibre,7,2026-03-07 01:30,2026-03-07 01:30
expansion,infolibre,7,2026-03-07 01:30,2026-03-07 01:30
expansion,heraldo_aragon,7,2026-03-07 01:30,2026-03-07 01:30
20minutos,heraldo_aragon,7,2026-03-07 01:30,2026-03-07 01:30
elpais,lavanguardia,6,2026-03-07 01:30,2026-03-07 01:30
elpais,infolibre,6,2026-03-07 01:30,2026-03-07 01:30
infolibre,lavanguardia,6,2026-03-07 01:30,2026-03-07 01:30
elpais,heraldo_aragon,6,2026-03-07 01:30,2026-03-07 01:30
20minutos,eldiario,6,2026-03-07 01:30,2026-03-07 01:30
20minutos,expansion,6,2026-03-07 01:30,2026-03-07 01:30
eldiario,infolibre,6,2026-03-07 01:30,2026-03-07 01:30
20minutos,lavanguardia,6,2026-03-07 01:30,2026-03-07 01:30
bbc_mundo,elpais,6,2026-03-07 01:30,2026-03-07 01:30
20minutos,elpais,6,2026-03-07 01:30,2026-03-07 01:30
eldiario,lavanguardia,6,2026-03-07 01:30,2026-03-07 01:30
expansion,lavanguardia,6,2026-03-07 01:30,2026-03-07 01:30
google_news_politica,heraldo_aragon,6,2026-03-07 01:30,2026-03-07 01:30
bbc_mundo,google_news_politica,6,2026-03-07 01:30,2026-03-07 01:30
elpais_internacional,heraldo_aragon,5,2026-03-07 01:30,2026-03-07 01:30
bbc_mundo,expansion,9,2026-03-07 02:00,2026-03-07 02:00
bbc_mundo,eldiario,9,2026-03-07 02:00,2026-03-07 02:00
bbc_mundo,lavanguardia,9,2026-03-07 02:00,2026-03-07 02:00
heraldo_aragon,infolibre,8,2026-03-07 02:00,2026-03-07 02:00
20minutos,bbc_mundo,8,2026-03-07 02:00,2026-03-07 02:00
bbc_mundo,heraldo_aragon,8,2026-03-07 02:00,2026-03-07 02:00
20minutos,infolibre,7,2026-03-07 02:00,2026-03-07 02:00
heraldo_aragon,lavanguardia,7,2026-03-07 02:00,2026-03-07 02:00
bbc_mundo,infolibre,7,2026-03-07 02:00,2026-03-07 02:00
eldiario,heraldo_aragon,7,2026-03-07 02:00,2026-03-07 02:00
eldiario,expansion,7,2026-03-07 02:00,2026-03-07 02:00
google_news_politica,infolibre,7,2026-03-07 02:00,2026-03-07 02:00
expansion,infolibre,7,2026-03-07 02:00,2026-03-07 02:00
expansion,heraldo_aragon,7,2026-03-07 02:00,2026-03-07 02:00
20minutos,heraldo_aragon,7,2026-03-07 02:00,2026-03-07 02:00
elpais,lavanguardia,6,2026-03-07 02:00,2026-03-07 02:00
elpais,infolibre,6,2026-03-07 02:00,2026-03-07 02:00
infolibre,lavanguardia,6,2026-03-07 02:00,2026-03-07 02:00
elpais,heraldo_aragon,6,2026-03-07 02:00,2026-03-07 02:00
20minutos,eldiario,6,2026-03-07 02:00,2026-03-07 02:00
20minutos,expansion,6,2026-03-07 02:00,2026-03-07 02:00
eldiario,infolibre,6,2026-03-07 02:00,2026-03-07 02:00
20minutos,lavanguardia,6,2026-03-07 02:00,2026-03-07 02:00
bbc_mundo,elpais,6,2026-03-07 02:00,2026-03-07 02:00
20minutos,elpais,6,2026-03-07 02:00,2026-03-07 02:00
eldiario,lavanguardia,6,2026-03-07 02:00,2026-03-07 02:00
expansion,lavanguardia,6,2026-03-07 02:00,2026-03-07 02:00
google_news_politica,heraldo_aragon,6,2026-03-07 02:00,2026-03-07 02:00
bbc_mundo,google_news_politica,6,2026-03-07 02:00,2026-03-07 02:00
elpais_internacional,heraldo_aragon,5,2026-03-07 02:00,2026-03-07 02:00
bbc_mundo,expansion,9,2026-03-07 02:30,2026-03-07 02:30
bbc_mundo,eldiario,9,2026-03-07 02:30,2026-03-07 02:30
bbc_mundo,lavanguardia,9,2026-03-07 02:30,2026-03-07 02:30
heraldo_aragon,infolibre,8,2026-03-07 02:30,2026-03-07 02:30
20minutos,bbc_mundo,8,2026-03-07 02:30,2026-03-07 02:30
bbc_mundo,heraldo_aragon,8,2026-03-07 02:30,2026-03-07 02:30
20minutos,infolibre,7,2026-03-07 02:30,2026-03-07 02:30
heraldo_aragon,lavanguardia,7,2026-03-07 02:30,2026-03-07 02:30
bbc_mundo,infolibre,7,2026-03-07 02:30,2026-03-07 02:30
eldiario,heraldo_aragon,7,2026-03-07 02:30,2026-03-07 02:30
eldiario,expansion,7,2026-03-07 02:30,2026-03-07 02:30
google_news_politica,infolibre,7,2026-03-07 02:30,2026-03-07 02:30
expansion,infolibre,7,2026-03-07 02:30,2026-03-07 02:30
expansion,heraldo_aragon,7,2026-03-07 02:30,2026-03-07 02:30
20minutos,heraldo_aragon,7,2026-03-07 02:30,2026-03-07 02:30
elpais,lavanguardia,6,2026-03-07 02:30,2026-03-07 02:30
elpais,infolibre,6,2026-03-07 02:30,2026-03-07 02:30
infolibre,lavanguardia,6,2026-03-07 02:30,2026-03-07 02:30
elpais,heraldo_aragon,6,2026-03-07 02:30,2026-03-07 02:30
20minutos,eldiario,6,2026-03-07 02:30,2026-03-07 02:30
20minutos,expansion,6,2026-03-07 02:30,2026-03-07 02:30
eldiario,infolibre,6,2026-03-07 02:30,2026-03-07 02:30
20minutos,lavanguardia,6,2026-03-07 02:30,2026-03-07 02:30
bbc_mundo,elpais,6,2026-03-07 02:30,2026-03-07 02:30
20minutos,elpais,6,2026-03-07 02:30,2026-03-07 02:30
eldiario,lavanguardia,6,2026-03-07 02:30,2026-03-07 02:30
expansion,lavanguardia,6,2026-03-07 02:30,2026-03-07 02:30
google_news_politica,heraldo_aragon,6,2026-03-07 02:30,2026-03-07 02:30
bbc_mundo,google_news_politica,6,2026-03-07 02:30,2026-03-07 02:30
elpais_internacional,heraldo_aragon,5,2026-03-07 02:30,2026-03-07 02:30
bbc_mundo,expansion,9,2026-03-07 03:00,2026-03-07 03:00
bbc_mundo,eldiario,9,2026-03-07 03:00,2026-03-07 03:00
bbc_mundo,lavanguardia,9,2026-03-07 03:00,2026-03-07 03:00
heraldo_aragon,infolibre,8,2026-03-07 03:00,2026-03-07 03:00
20minutos,bbc_mundo,8,2026-03-07 03:00,2026-03-07 03:00
bbc_mundo,heraldo_aragon,8,2026-03-07 03:00,2026-03-07 03:00
20minutos,infolibre,7,2026-03-07 03:00,2026-03-07 03:00
heraldo_aragon,lavanguardia,7,2026-03-07 03:00,2026-03-07 03:00
bbc_mundo,infolibre,7,2026-03-07 03:00,2026-03-07 03:00
eldiario,heraldo_aragon,7,2026-03-07 03:00,2026-03-07 03:00
eldiario,expansion,7,2026-03-07 03:00,2026-03-07 03:00
google_news_politica,infolibre,7,2026-03-07 03:00,2026-03-07 03:00
expansion,infolibre,7,2026-03-07 03:00,2026-03-07 03:00
expansion,heraldo_aragon,7,2026-03-07 03:00,2026-03-07 03:00
20minutos,heraldo_aragon,7,2026-03-07 03:00,2026-03-07 03:00
elpais,lavanguardia,6,2026-03-07 03:00,2026-03-07 03:00
elpais,infolibre,6,2026-03-07 03:00,2026-03-07 03:00
infolibre,lavanguardia,6,2026-03-07 03:00,2026-03-07 03:00
elpais,heraldo_aragon,6,2026-03-07 03:00,2026-03-07 03:00
20minutos,eldiario,6,2026-03-07 03:00,2026-03-07 03:00
20minutos,expansion,6,2026-03-07 03:00,2026-03-07 03:00
eldiario,infolibre,6,2026-03-07 03:00,2026-03-07 03:00
20minutos,lavanguardia,6,2026-03-07 03:00,2026-03-07 03:00
bbc_mundo,elpais,6,2026-03-07 03:00,2026-03-07 03:00
20minutos,elpais,6,2026-03-07 03:00,2026-03-07 03:00
eldiario,lavanguardia,6,2026-03-07 03:00,2026-03-07 03:00
expansion,lavanguardia,6,2026-03-07 03:00,2026-03-07 03:00
google_news_politica,heraldo_aragon,6,2026-03-07 03:00,2026-03-07 03:00
bbc_mundo,google_news_politica,6,2026-03-07 03:00,2026-03-07 03:00
elpais_internacional,heraldo_aragon,5,2026-03-07 03:00,2026-03-07 03:00
bbc_mundo,expansion,9,2026-03-07 03:30,2026-03-07 03:30
bbc_mundo,eldiario,9,2026-03-07 03:30,2026-03-07 03:30
bbc_mundo,lavanguardia,9,2026-03-07 03:30,2026-03-07 03:30
heraldo_aragon,infolibre,8,2026-03-07 03:30,2026-03-07 03:30
20minutos,bbc_mundo,8,2026-03-07 03:30,2026-03-07 03:30
bbc_mundo,heraldo_aragon,8,2026-03-07 03:30,2026-03-07 03:30
20minutos,infolibre,7,2026-03-07 03:30,2026-03-07 03:30
heraldo_aragon,lavanguardia,7,2026-03-07 03:30,2026-03-07 03:30
bbc_mundo,infolibre,7,2026-03-07 03:30,2026-03-07 03:30
eldiario,heraldo_aragon,7,2026-03-07 03:30,2026-03-07 03:30
eldiario,expansion,7,2026-03-07 03:30,2026-03-07 03:30
google_news_politica,infolibre,7,2026-03-07 03:30,2026-03-07 03:30
expansion,infolibre,7,2026-03-07 03:30,2026-03-07 03:30
expansion,heraldo_aragon,7,2026-03-07 03:30,2026-03-07 03:30
20minutos,heraldo_aragon,7,2026-03-07 03:30,2026-03-07 03:30
elpais,lavanguardia,6,2026-03-07 03:30,2026-03-07 03:30
elpais,infolibre,6,2026-03-07 03:30,2026-03-07 03:30
infolibre,lavanguardia,6,2026-03-07 03:30,2026-03-07 03:30
elpais,heraldo_aragon,6,2026-03-07 03:30,2026-03-07 03:30
20minutos,eldiario,6,2026-03-07 03:30,2026-03-07 03:30
20minutos,expansion,6,2026-03-07 03:30,2026-03-07 03:30
eldiario,infolibre,6,2026-03-07 03:30,2026-03-07 03:30
20minutos,lavanguardia,6,2026-03-07 03:30,2026-03-07 03:30
bbc_mundo,elpais,6,2026-03-07 03:30,2026-03-07 03:30
20minutos,elpais,6,2026-03-07 03:30,2026-03-07 03:30
eldiario,lavanguardia,6,2026-03-07 03:30,2026-03-07 03:30
expansion,lavanguardia,6,2026-03-07 03:30,2026-03-07 03:30
google_news_politica,heraldo_aragon,6,2026-03-07 03:30,2026-03-07 03:30
bbc_mundo,google_news_politica,6,2026-03-07 03:30,2026-03-07 03:30
elpais_internacional,heraldo_aragon,5,2026-03-07 03:30,2026-03-07 03:30
bbc_mundo,expansion,9,2026-03-07 04:00,2026-03-07 04:00
bbc_mundo,eldiario,9,2026-03-07 04:00,2026-03-07 04:00
bbc_mundo,lavanguardia,9,2026-03-07 04:00,2026-03-07 04:00
heraldo_aragon,infolibre,8,2026-03-07 04:00,2026-03-07 04:00
20minutos,bbc_mundo,8,2026-03-07 04:00,2026-03-07 04:00
bbc_mundo,heraldo_aragon,8,2026-03-07 04:00,2026-03-07 04:00
20minutos,infolibre,7,2026-03-07 04:00,2026-03-07 04:00
heraldo_aragon,lavanguardia,7,2026-03-07 04:00,2026-03-07 04:00
bbc_mundo,infolibre,7,2026-03-07 04:00,2026-03-07 04:00
eldiario,heraldo_aragon,7,2026-03-07 04:00,2026-03-07 04:00
eldiario,expansion,7,2026-03-07 04:00,2026-03-07 04:00
google_news_politica,infolibre,7,2026-03-07 04:00,2026-03-07 04:00
expansion,infolibre,7,2026-03-07 04:00,2026-03-07 04:00
expansion,heraldo_aragon,7,2026-03-07 04:00,2026-03-07 04:00
20minutos,heraldo_aragon,7,2026-03-07 04:00,2026-03-07 04:00
elpais,lavanguardia,6,2026-03-07 04:00,2026-03-07 04:00
elpais,infolibre,6,2026-03-07 04:00,2026-03-07 04:00
infolibre,lavanguardia,6,2026-03-07 04:00,2026-03-07 04:00
elpais,heraldo_aragon,6,2026-03-07 04:00,2026-03-07 04:00
20minutos,eldiario,6,2026-03-07 04:00,2026-03-07 04:00
20minutos,expansion,6,2026-03-07 04:00,2026-03-07 04:00
eldiario,infolibre,6,2026-03-07 04:00,2026-03-07 04:00
20minutos,lavanguardia,6,2026-03-07 04:00,2026-03-07 04:00
bbc_mundo,elpais,6,2026-03-07 04:00,2026-03-07 04:00
20minutos,elpais,6,2026-03-07 04:00,2026-03-07 04:00
eldiario,lavanguardia,6,2026-03-07 04:00,2026-03-07 04:00
expansion,lavanguardia,6,2026-03-07 04:00,2026-03-07 04:00
google_news_politica,heraldo_aragon,6,2026-03-07 04:00,2026-03-07 04:00
bbc_mundo,google_news_politica,6,2026-03-07 04:00,2026-03-07 04:00
elpais_internacional,heraldo_aragon,5,2026-03-07 04:00,2026-03-07 04:00
bbc_mundo,expansion,9,2026-03-07 04:30,2026-03-07 04:30
bbc_mundo,eldiario,9,2026-03-07 04:30,2026-03-07 04:30
bbc_mundo,lavanguardia,9,2026-03-07 04:30,2026-03-07 04:30
heraldo_aragon,infolibre,8,2026-03-07 04:30,2026-03-07 04:30
20minutos,bbc_mundo,8,2026-03-07 04:30,2026-03-07 04:30
bbc_mundo,heraldo_aragon,8,2026-03-07 04:30,2026-03-07 04:30
20minutos,infolibre,7,2026-03-07 04:30,2026-03-07 04:30
heraldo_aragon,lavanguardia,7,2026-03-07 04:30,2026-03-07 04:30
bbc_mundo,infolibre,7,2026-03-07 04:30,2026-03-07 04:30
eldiario,heraldo_aragon,7,2026-03-07 04:30,2026-03-07 04:30
eldiario,expansion,7,2026-03-07 04:30,2026-03-07 04:30
google_news_politica,infolibre,7,2026-03-07 04:30,2026-03-07 04:30
expansion,infolibre,7,2026-03-07 04:30,2026-03-07 04:30
expansion,heraldo_aragon,7,2026-03-07 04:30,2026-03-07 04:30
20minutos,heraldo_aragon,7,2026-03-07 04:30,2026-03-07 04:30
elpais,lavanguardia,6,2026-03-07 04:30,2026-03-07 04:30
elpais,infolibre,6,2026-03-07 04:30,2026-03-07 04:30
infolibre,lavanguardia,6,2026-03-07 04:30,2026-03-07 04:30
elpais,heraldo_aragon,6,2026-03-07 04:30,2026-03-07 04:30
20minutos,eldiario,6,2026-03-07 04:30,2026-03-07 04:30
20minutos,expansion,6,2026-03-07 04:30,2026-03-07 04:30
eldiario,infolibre,6,2026-03-07 04:30,2026-03-07 04:30
20minutos,lavanguardia,6,2026-03-07 04:30,2026-03-07 04:30
bbc_mundo,elpais,6,2026-03-07 04:30,2026-03-07 04:30
20minutos,elpais,6,2026-03-07 04:30,2026-03-07 04:30
eldiario,lavanguardia,6,2026-03-07 04:30,2026-03-07 04:30
expansion,lavanguardia,6,2026-03-07 04:30,2026-03-07 04:30
google_news_politica,heraldo_aragon,6,2026-03-07 04:30,2026-03-07 04:30
bbc_mundo,google_news_politica,6,2026-03-07 04:30,2026-03-07 04:30
elpais_internacional,heraldo_aragon,5,2026-03-07 04:30,2026-03-07 04:30
bbc_mundo,expansion,9,2026-03-07 05:00,2026-03-07 05:00
bbc_mundo,eldiario,9,2026-03-07 05:00,2026-03-07 05:00
bbc_mundo,lavanguardia,9,2026-03-07 05:00,2026-03-07 05:00
heraldo_aragon,infolibre,8,2026-03-07 05:00,2026-03-07 05:00
20minutos,bbc_mundo,8,2026-03-07 05:00,2026-03-07 05:00
bbc_mundo,heraldo_aragon,8,2026-03-07 05:00,2026-03-07 05:00
20minutos,heraldo_aragon,7,2026-03-07 05:00,2026-03-07 05:00
heraldo_aragon,lavanguardia,7,2026-03-07 05:00,2026-03-07 05:00
bbc_mundo,infolibre,7,2026-03-07 05:00,2026-03-07 05:00
eldiario,heraldo_aragon,7,2026-03-07 05:00,2026-03-07 05:00
eldiario,expansion,7,2026-03-07 05:00,2026-03-07 05:00
google_news_politica,infolibre,7,2026-03-07 05:00,2026-03-07 05:00
expansion,infolibre,7,2026-03-07 05:00,2026-03-07 05:00
expansion,heraldo_aragon,7,2026-03-07 05:00,2026-03-07 05:00
bbc_mundo,google_news_politica,7,2026-03-07 05:00,2026-03-07 05:00
20minutos,infolibre,7,2026-03-07 05:00,2026-03-07 05:00
elpais,lavanguardia,6,2026-03-07 05:00,2026-03-07 05:00
elpais,infolibre,6,2026-03-07 05:00,2026-03-07 05:00
elpais,heraldo_aragon,6,2026-03-07 05:00,2026-03-07 05:00
infolibre,lavanguardia,6,2026-03-07 05:00,2026-03-07 05:00
20minutos,eldiario,6,2026-03-07 05:00,2026-03-07 05:00
bbc_mundo,elpais,6,2026-03-07 05:00,2026-03-07 05:00
20minutos,expansion,6,2026-03-07 05:00,2026-03-07 05:00
eldiario,infolibre,6,2026-03-07 05:00,2026-03-07 05:00
20minutos,lavanguardia,6,2026-03-07 05:00,2026-03-07 05:00
20minutos,elpais,6,2026-03-07 05:00,2026-03-07 05:00
eldiario,google_news_politica,6,2026-03-07 05:00,2026-03-07 05:00
expansion,lavanguardia,6,2026-03-07 05:00,2026-03-07 05:00
google_news_politica,heraldo_aragon,6,2026-03-07 05:00,2026-03-07 05:00
eldiario,lavanguardia,6,2026-03-07 05:00,2026-03-07 05:00
bbc_mundo,expansion,9,2026-03-07 05:30,2026-03-07 05:30
bbc_mundo,eldiario,9,2026-03-07 05:30,2026-03-07 05:30
bbc_mundo,lavanguardia,9,2026-03-07 05:30,2026-03-07 05:30
heraldo_aragon,infolibre,8,2026-03-07 05:30,2026-03-07 05:30
20minutos,bbc_mundo,8,2026-03-07 05:30,2026-03-07 05:30
heraldo_aragon,lavanguardia,8,2026-03-07 05:30,2026-03-07 05:30
bbc_mundo,heraldo_aragon,8,2026-03-07 05:30,2026-03-07 05:30
20minutos,heraldo_aragon,7,2026-03-07 05:30,2026-03-07 05:30
eldiario,heraldo_aragon,7,2026-03-07 05:30,2026-03-07 05:30
bbc_mundo,infolibre,7,2026-03-07 05:30,2026-03-07 05:30
eldiario,expansion,7,2026-03-07 05:30,2026-03-07 05:30
google_news_politica,infolibre,7,2026-03-07 05:30,2026-03-07 05:30
expansion,infolibre,7,2026-03-07 05:30,2026-03-07 05:30
expansion,heraldo_aragon,7,2026-03-07 05:30,2026-03-07 05:30
bbc_mundo,google_news_politica,7,2026-03-07 05:30,2026-03-07 05:30
20minutos,infolibre,7,2026-03-07 05:30,2026-03-07 05:30
elpais,infolibre,6,2026-03-07 05:30,2026-03-07 05:30
elpais,heraldo_aragon,6,2026-03-07 05:30,2026-03-07 05:30
elpais,lavanguardia,6,2026-03-07 05:30,2026-03-07 05:30
infolibre,lavanguardia,6,2026-03-07 05:30,2026-03-07 05:30
bbc_mundo,elpais,6,2026-03-07 05:30,2026-03-07 05:30
20minutos,lavanguardia,6,2026-03-07 05:30,2026-03-07 05:30
20minutos,eldiario,6,2026-03-07 05:30,2026-03-07 05:30
20minutos,expansion,6,2026-03-07 05:30,2026-03-07 05:30
eldiario,infolibre,6,2026-03-07 05:30,2026-03-07 05:30
20minutos,elpais,6,2026-03-07 05:30,2026-03-07 05:30
eldiario,lavanguardia,6,2026-03-07 05:30,2026-03-07 05:30
eldiario,google_news_politica,6,2026-03-07 05:30,2026-03-07 05:30
expansion,lavanguardia,6,2026-03-07 05:30,2026-03-07 05:30
google_news_politica,heraldo_aragon,6,2026-03-07 05:30,2026-03-07 05:30
bbc_mundo,lavanguardia,10,2026-03-07 06:00,2026-03-07 06:00
bbc_mundo,expansion,9,2026-03-07 06:00,2026-03-07 06:00
bbc_mundo,eldiario,9,2026-03-07 06:00,2026-03-07 06:00
bbc_mundo,heraldo_aragon,9,2026-03-07 06:00,2026-03-07 06:00
20minutos,bbc_mundo,8,2026-03-07 06:00,2026-03-07 06:00
heraldo_aragon,lavanguardia,8,2026-03-07 06:00,2026-03-07 06:00
heraldo_aragon,infolibre,8,2026-03-07 06:00,2026-03-07 06:00
google_news_politica,infolibre,7,2026-03-07 06:00,2026-03-07 06:00
eldiario,expansion,7,2026-03-07 06:00,2026-03-07 06:00
20minutos,infolibre,7,2026-03-07 06:00,2026-03-07 06:00
20minutos,heraldo_aragon,7,2026-03-07 06:00,2026-03-07 06:00
elpais,heraldo_aragon,7,2026-03-07 06:00,2026-03-07 06:00
elpais,lavanguardia,7,2026-03-07 06:00,2026-03-07 06:00
eldiario,heraldo_aragon,7,2026-03-07 06:00,2026-03-07 06:00
bbc_mundo,infolibre,7,2026-03-07 06:00,2026-03-07 06:00
bbc_mundo,elpais,7,2026-03-07 06:00,2026-03-07 06:00
expansion,infolibre,7,2026-03-07 06:00,2026-03-07 06:00
expansion,heraldo_aragon,7,2026-03-07 06:00,2026-03-07 06:00
bbc_mundo,google_news_politica,7,2026-03-07 06:00,2026-03-07 06:00
20minutos,eldiario,6,2026-03-07 06:00,2026-03-07 06:00
infolibre,lavanguardia,6,2026-03-07 06:00,2026-03-07 06:00
elpais,infolibre,6,2026-03-07 06:00,2026-03-07 06:00
eldiario,infolibre,6,2026-03-07 06:00,2026-03-07 06:00
elpais,elpais_internacional,6,2026-03-07 06:00,2026-03-07 06:00
elpais_internacional,heraldo_aragon,6,2026-03-07 06:00,2026-03-07 06:00
elpais_internacional,lavanguardia,6,2026-03-07 06:00,2026-03-07 06:00
20minutos,expansion,6,2026-03-07 06:00,2026-03-07 06:00
bbc_mundo,elpais_internacional,6,2026-03-07 06:00,2026-03-07 06:00
20minutos,lavanguardia,6,2026-03-07 06:00,2026-03-07 06:00
20minutos,elpais,6,2026-03-07 06:00,2026-03-07 06:00
bbc_mundo,eldiario,12,2026-03-07 06:30,2026-03-07 06:30
bbc_mundo,lavanguardia,10,2026-03-07 06:30,2026-03-07 06:30
bbc_mundo,heraldo_aragon,9,2026-03-07 06:30,2026-03-07 06:30
heraldo_aragon,infolibre,9,2026-03-07 06:30,2026-03-07 06:30
bbc_mundo,expansion,9,2026-03-07 06:30,2026-03-07 06:30
eldiario,lavanguardia,8,2026-03-07 06:30,2026-03-07 06:30
heraldo_aragon,lavanguardia,8,2026-03-07 06:30,2026-03-07 06:30
20minutos,bbc_mundo,8,2026-03-07 06:30,2026-03-07 06:30
eldiario,heraldo_aragon,8,2026-03-07 06:30,2026-03-07 06:30
bbc_mundo,infolibre,8,2026-03-07 06:30,2026-03-07 06:30
bbc_mundo,elpais,7,2026-03-07 06:30,2026-03-07 06:30
20minutos,infolibre,7,2026-03-07 06:30,2026-03-07 06:30
20minutos,heraldo_aragon,7,2026-03-07 06:30,2026-03-07 06:30
elpais,heraldo_aragon,7,2026-03-07 06:30,2026-03-07 06:30
elpais,infolibre,7,2026-03-07 06:30,2026-03-07 06:30
eldiario,infolibre,7,2026-03-07 06:30,2026-03-07 06:30
google_news_politica,infolibre,7,2026-03-07 06:30,2026-03-07 06:30
eldiario,expansion,7,2026-03-07 06:30,2026-03-07 06:30
infolibre,lavanguardia,7,2026-03-07 06:30,2026-03-07 06:30
expansion,infolibre,7,2026-03-07 06:30,2026-03-07 06:30
expansion,heraldo_aragon,7,2026-03-07 06:30,2026-03-07 06:30
eldiario,google_news_politica,7,2026-03-07 06:30,2026-03-07 06:30
bbc_mundo,google_news_politica,7,2026-03-07 06:30,2026-03-07 06:30
elpais,lavanguardia,7,2026-03-07 06:30,2026-03-07 06:30
bbc_mundo,elpais_internacional,6,2026-03-07 06:30,2026-03-07 06:30
eldiario,elpais_internacional,6,2026-03-07 06:30,2026-03-07 06:30
20minutos,expansion,6,2026-03-07 06:30,2026-03-07 06:30
elpais,elpais_internacional,6,2026-03-07 06:30,2026-03-07 06:30
20minutos,eldiario,6,2026-03-07 06:30,2026-03-07 06:30
elpais_internacional,heraldo_aragon,6,2026-03-07 06:30,2026-03-07 06:30
bbc_mundo,eldiario,12,2026-03-07 07:00,2026-03-07 07:00
bbc_mundo,lavanguardia,10,2026-03-07 07:00,2026-03-07 07:00
bbc_mundo,heraldo_aragon,9,2026-03-07 07:00,2026-03-07 07:00
heraldo_aragon,infolibre,9,2026-03-07 07:00,2026-03-07 07:00
bbc_mundo,expansion,9,2026-03-07 07:00,2026-03-07 07:00
eldiario,lavanguardia,8,2026-03-07 07:00,2026-03-07 07:00
heraldo_aragon,lavanguardia,8,2026-03-07 07:00,2026-03-07 07:00
20minutos,bbc_mundo,8,2026-03-07 07:00,2026-03-07 07:00
eldiario,heraldo_aragon,8,2026-03-07 07:00,2026-03-07 07:00
bbc_mundo,infolibre,8,2026-03-07 07:00,2026-03-07 07:00
bbc_mundo,elpais,7,2026-03-07 07:00,2026-03-07 07:00
20minutos,infolibre,7,2026-03-07 07:00,2026-03-07 07:00
20minutos,heraldo_aragon,7,2026-03-07 07:00,2026-03-07 07:00
elpais,heraldo_aragon,7,2026-03-07 07:00,2026-03-07 07:00
elpais,infolibre,7,2026-03-07 07:00,2026-03-07 07:00
eldiario,infolibre,7,2026-03-07 07:00,2026-03-07 07:00
google_news_politica,infolibre,7,2026-03-07 07:00,2026-03-07 07:00
eldiario,expansion,7,2026-03-07 07:00,2026-03-07 07:00
infolibre,lavanguardia,7,2026-03-07 07:00,2026-03-07 07:00
expansion,infolibre,7,2026-03-07 07:00,2026-03-07 07:00
expansion,heraldo_aragon,7,2026-03-07 07:00,2026-03-07 07:00
eldiario,google_news_politica,7,2026-03-07 07:00,2026-03-07 07:00
bbc_mundo,google_news_politica,7,2026-03-07 07:00,2026-03-07 07:00
elpais,lavanguardia,7,2026-03-07 07:00,2026-03-07 07:00
bbc_mundo,elpais_internacional,6,2026-03-07 07:00,2026-03-07 07:00
eldiario,elpais_internacional,6,2026-03-07 07:00,2026-03-07 07:00
20minutos,expansion,6,2026-03-07 07:00,2026-03-07 07:00
elpais,elpais_internacional,6,2026-03-07 07:00,2026-03-07 07:00
20minutos,eldiario,6,2026-03-07 07:00,2026-03-07 07:00
elpais_internacional,heraldo_aragon,6,2026-03-07 07:00,2026-03-07 07:00
bbc_mundo,eldiario,12,2026-03-07 07:30,2026-03-07 07:30
bbc_mundo,lavanguardia,10,2026-03-07 07:30,2026-03-07 07:30
bbc_mundo,heraldo_aragon,9,2026-03-07 07:30,2026-03-07 07:30
heraldo_aragon,infolibre,9,2026-03-07 07:30,2026-03-07 07:30
bbc_mundo,expansion,9,2026-03-07 07:30,2026-03-07 07:30
eldiario,lavanguardia,8,2026-03-07 07:30,2026-03-07 07:30
heraldo_aragon,lavanguardia,8,2026-03-07 07:30,2026-03-07 07:30
20minutos,bbc_mundo,8,2026-03-07 07:30,2026-03-07 07:30
eldiario,heraldo_aragon,8,2026-03-07 07:30,2026-03-07 07:30
bbc_mundo,infolibre,8,2026-03-07 07:30,2026-03-07 07:30
bbc_mundo,elpais,7,2026-03-07 07:30,2026-03-07 07:30
20minutos,infolibre,7,2026-03-07 07:30,2026-03-07 07:30
20minutos,heraldo_aragon,7,2026-03-07 07:30,2026-03-07 07:30
elpais,heraldo_aragon,7,2026-03-07 07:30,2026-03-07 07:30
elpais,infolibre,7,2026-03-07 07:30,2026-03-07 07:30
eldiario,infolibre,7,2026-03-07 07:30,2026-03-07 07:30
google_news_politica,infolibre,7,2026-03-07 07:30,2026-03-07 07:30
eldiario,expansion,7,2026-03-07 07:30,2026-03-07 07:30
infolibre,lavanguardia,7,2026-03-07 07:30,2026-03-07 07:30
expansion,infolibre,7,2026-03-07 07:30,2026-03-07 07:30
expansion,heraldo_aragon,7,2026-03-07 07:30,2026-03-07 07:30
eldiario,google_news_politica,7,2026-03-07 07:30,2026-03-07 07:30
bbc_mundo,google_news_politica,7,2026-03-07 07:30,2026-03-07 07:30
elpais,lavanguardia,7,2026-03-07 07:30,2026-03-07 07:30
bbc_mundo,elpais_internacional,6,2026-03-07 07:30,2026-03-07 07:30
eldiario,elpais_internacional,6,2026-03-07 07:30,2026-03-07 07:30
20minutos,expansion,6,2026-03-07 07:30,2026-03-07 07:30
elpais,elpais_internacional,6,2026-03-07 07:30,2026-03-07 07:30
20minutos,eldiario,6,2026-03-07 07:30,2026-03-07 07:30
elpais_internacional,heraldo_aragon,6,2026-03-07 07:30,2026-03-07 07:30
bbc_mundo,eldiario,12,2026-03-07 08:00,2026-03-07 08:00
bbc_mundo,lavanguardia,10,2026-03-07 08:00,2026-03-07 08:00
bbc_mundo,heraldo_aragon,9,2026-03-07 08:00,2026-03-07 08:00
heraldo_aragon,infolibre,9,2026-03-07 08:00,2026-03-07 08:00
bbc_mundo,expansion,9,2026-03-07 08:00,2026-03-07 08:00
20minutos,bbc_mundo,9,2026-03-07 08:00,2026-03-07 08:00
bbc_mundo,infolibre,8,2026-03-07 08:00,2026-03-07 08:00
20minutos,infolibre,8,2026-03-07 08:00,2026-03-07 08:00
20minutos,heraldo_aragon,8,2026-03-07 08:00,2026-03-07 08:00
heraldo_aragon,lavanguardia,8,2026-03-07 08:00,2026-03-07 08:00
eldiario,heraldo_aragon,8,2026-03-07 08:00,2026-03-07 08:00
google_news_politica,infolibre,8,2026-03-07 08:00,2026-03-07 08:00
eldiario,google_news_politica,8,2026-03-07 08:00,2026-03-07 08:00
bbc_mundo,google_news_politica,8,2026-03-07 08:00,2026-03-07 08:00
eldiario,lavanguardia,8,2026-03-07 08:00,2026-03-07 08:00
expansion,heraldo_aragon,7,2026-03-07 08:00,2026-03-07 08:00
expansion,infolibre,7,2026-03-07 08:00,2026-03-07 08:00
20minutos,eldiario,7,2026-03-07 08:00,2026-03-07 08:00
infolibre,lavanguardia,7,2026-03-07 08:00,2026-03-07 08:00
elpais,lavanguardia,7,2026-03-07 08:00,2026-03-07 08:00
elpais,infolibre,7,2026-03-07 08:00,2026-03-07 08:00
elpais,heraldo_aragon,7,2026-03-07 08:00,2026-03-07 08:00
bbc_mundo,elpais,7,2026-03-07 08:00,2026-03-07 08:00
20minutos,lavanguardia,7,2026-03-07 08:00,2026-03-07 08:00
google_news_politica,heraldo_aragon,7,2026-03-07 08:00,2026-03-07 08:00
20minutos,elpais,7,2026-03-07 08:00,2026-03-07 08:00
eldiario,infolibre,7,2026-03-07 08:00,2026-03-07 08:00
eldiario,expansion,7,2026-03-07 08:00,2026-03-07 08:00
elpais_internacional,lavanguardia,6,2026-03-07 08:00,2026-03-07 08:00
eldiario,elpais,6,2026-03-07 08:00,2026-03-07 08:00
bbc_mundo,eldiario,12,2026-03-07 08:30,2026-03-07 08:30
bbc_mundo,lavanguardia,10,2026-03-07 08:30,2026-03-07 08:30
bbc_mundo,heraldo_aragon,9,2026-03-07 08:30,2026-03-07 08:30
heraldo_aragon,infolibre,9,2026-03-07 08:30,2026-03-07 08:30
bbc_mundo,expansion,9,2026-03-07 08:30,2026-03-07 08:30
20minutos,bbc_mundo,9,2026-03-07 08:30,2026-03-07 08:30
bbc_mundo,infolibre,8,2026-03-07 08:30,2026-03-07 08:30
20minutos,infolibre,8,2026-03-07 08:30,2026-03-07 08:30
20minutos,heraldo_aragon,8,2026-03-07 08:30,2026-03-07 08:30
heraldo_aragon,lavanguardia,8,2026-03-07 08:30,2026-03-07 08:30
eldiario,heraldo_aragon,8,2026-03-07 08:30,2026-03-07 08:30
google_news_politica,infolibre,8,2026-03-07 08:30,2026-03-07 08:30
eldiario,google_news_politica,8,2026-03-07 08:30,2026-03-07 08:30
bbc_mundo,google_news_politica,8,2026-03-07 08:30,2026-03-07 08:30
eldiario,lavanguardia,8,2026-03-07 08:30,2026-03-07 08:30
expansion,heraldo_aragon,7,2026-03-07 08:30,2026-03-07 08:30
expansion,infolibre,7,2026-03-07 08:30,2026-03-07 08:30
20minutos,eldiario,7,2026-03-07 08:30,2026-03-07 08:30
infolibre,lavanguardia,7,2026-03-07 08:30,2026-03-07 08:30
elpais,lavanguardia,7,2026-03-07 08:30,2026-03-07 08:30
elpais,infolibre,7,2026-03-07 08:30,2026-03-07 08:30
elpais,heraldo_aragon,7,2026-03-07 08:30,2026-03-07 08:30
bbc_mundo,elpais,7,2026-03-07 08:30,2026-03-07 08:30
20minutos,lavanguardia,7,2026-03-07 08:30,2026-03-07 08:30
google_news_politica,heraldo_aragon,7,2026-03-07 08:30,2026-03-07 08:30
20minutos,elpais,7,2026-03-07 08:30,2026-03-07 08:30
eldiario,infolibre,7,2026-03-07 08:30,2026-03-07 08:30
eldiario,expansion,7,2026-03-07 08:30,2026-03-07 08:30
elpais_internacional,lavanguardia,6,2026-03-07 08:30,2026-03-07 08:30
eldiario,elpais,6,2026-03-07 08:30,2026-03-07 08:30
bbc_mundo,eldiario,12,2026-03-07 09:00,2026-03-07 09:00
bbc_mundo,lavanguardia,10,2026-03-07 09:00,2026-03-07 09:00
heraldo_aragon,infolibre,9,2026-03-07 09:00,2026-03-07 09:00
bbc_mundo,expansion,9,2026-03-07 09:00,2026-03-07 09:00
20minutos,bbc_mundo,9,2026-03-07 09:00,2026-03-07 09:00
eldiario,google_news_politica,9,2026-03-07 09:00,2026-03-07 09:00
bbc_mundo,heraldo_aragon,9,2026-03-07 09:00,2026-03-07 09:00
google_news_politica,infolibre,8,2026-03-07 09:00,2026-03-07 09:00
bbc_mundo,infolibre,8,2026-03-07 09:00,2026-03-07 09:00
20minutos,infolibre,8,2026-03-07 09:00,2026-03-07 09:00
20minutos,heraldo_aragon,8,2026-03-07 09:00,2026-03-07 09:00
eldiario,heraldo_aragon,8,2026-03-07 09:00,2026-03-07 09:00
heraldo_aragon,lavanguardia,8,2026-03-07 09:00,2026-03-07 09:00
bbc_mundo,google_news_politica,8,2026-03-07 09:00,2026-03-07 09:00
eldiario,lavanguardia,8,2026-03-07 09:00,2026-03-07 09:00
expansion,infolibre,7,2026-03-07 09:00,2026-03-07 09:00
google_news_politica,heraldo_aragon,7,2026-03-07 09:00,2026-03-07 09:00
elpais,lavanguardia,7,2026-03-07 09:00,2026-03-07 09:00
elpais,infolibre,7,2026-03-07 09:00,2026-03-07 09:00
elpais,heraldo_aragon,7,2026-03-07 09:00,2026-03-07 09:00
expansion,heraldo_aragon,7,2026-03-07 09:00,2026-03-07 09:00
bbc_mundo,elpais,7,2026-03-07 09:00,2026-03-07 09:00
20minutos,lavanguardia,7,2026-03-07 09:00,2026-03-07 09:00
20minutos,elpais,7,2026-03-07 09:00,2026-03-07 09:00
20minutos,eldiario,7,2026-03-07 09:00,2026-03-07 09:00
eldiario,infolibre,7,2026-03-07 09:00,2026-03-07 09:00
eldiario,expansion,7,2026-03-07 09:00,2026-03-07 09:00
infolibre,lavanguardia,7,2026-03-07 09:00,2026-03-07 09:00
20minutos,expansion,6,2026-03-07 09:00,2026-03-07 09:00
elpais_internacional,heraldo_aragon,6,2026-03-07 09:00,2026-03-07 09:00
bbc_mundo,eldiario,12,2026-03-07 09:31,2026-03-07 09:31
bbc_mundo,lavanguardia,10,2026-03-07 09:31,2026-03-07 09:31
20minutos,bbc_mundo,9,2026-03-07 09:31,2026-03-07 09:31
heraldo_aragon,infolibre,9,2026-03-07 09:31,2026-03-07 09:31
bbc_mundo,expansion,9,2026-03-07 09:31,2026-03-07 09:31
eldiario,google_news_politica,9,2026-03-07 09:31,2026-03-07 09:31
bbc_mundo,heraldo_aragon,9,2026-03-07 09:31,2026-03-07 09:31
bbc_mundo,infolibre,8,2026-03-07 09:31,2026-03-07 09:31
20minutos,infolibre,8,2026-03-07 09:31,2026-03-07 09:31
20minutos,heraldo_aragon,8,2026-03-07 09:31,2026-03-07 09:31
heraldo_aragon,lavanguardia,8,2026-03-07 09:31,2026-03-07 09:31
eldiario,heraldo_aragon,8,2026-03-07 09:31,2026-03-07 09:31
google_news_politica,infolibre,8,2026-03-07 09:31,2026-03-07 09:31
bbc_mundo,google_news_politica,8,2026-03-07 09:31,2026-03-07 09:31
eldiario,lavanguardia,8,2026-03-07 09:31,2026-03-07 09:31
expansion,infolibre,7,2026-03-07 09:31,2026-03-07 09:31
google_news_politica,heraldo_aragon,7,2026-03-07 09:31,2026-03-07 09:31
infolibre,lavanguardia,7,2026-03-07 09:31,2026-03-07 09:31
elpais,lavanguardia,7,2026-03-07 09:31,2026-03-07 09:31
elpais,infolibre,7,2026-03-07 09:31,2026-03-07 09:31
elpais,heraldo_aragon,7,2026-03-07 09:31,2026-03-07 09:31
expansion,heraldo_aragon,7,2026-03-07 09:31,2026-03-07 09:31
bbc_mundo,elpais,7,2026-03-07 09:31,2026-03-07 09:31
20minutos,lavanguardia,7,2026-03-07 09:31,2026-03-07 09:31
20minutos,elpais,7,2026-03-07 09:31,2026-03-07 09:31
20minutos,eldiario,7,2026-03-07 09:31,2026-03-07 09:31
eldiario,infolibre,7,2026-03-07 09:31,2026-03-07 09:31
eldiario,expansion,7,2026-03-07 09:31,2026-03-07 09:31
elpais_internacional,infolibre,6,2026-03-07 09:31,2026-03-07 09:31
elpais_internacional,heraldo_aragon,6,2026-03-07 09:31,2026-03-07 09:31
bbc_mundo,eldiario,12,2026-03-07 10:00,2026-03-07 10:00
bbc_mundo,lavanguardia,10,2026-03-07 10:00,2026-03-07 10:00
20minutos,bbc_mundo,9,2026-03-07 10:00,2026-03-07 10:00
heraldo_aragon,infolibre,9,2026-03-07 10:00,2026-03-07 10:00
bbc_mundo,expansion,9,2026-03-07 10:00,2026-03-07 10:00
eldiario,google_news_politica,9,2026-03-07 10:00,2026-03-07 10:00
bbc_mundo,heraldo_aragon,9,2026-03-07 10:00,2026-03-07 10:00
bbc_mundo,infolibre,8,2026-03-07 10:00,2026-03-07 10:00
20minutos,infolibre,8,2026-03-07 10:00,2026-03-07 10:00
20minutos,heraldo_aragon,8,2026-03-07 10:00,2026-03-07 10:00
heraldo_aragon,lavanguardia,8,2026-03-07 10:00,2026-03-07 10:00
eldiario,heraldo_aragon,8,2026-03-07 10:00,2026-03-07 10:00
google_news_politica,infolibre,8,2026-03-07 10:00,2026-03-07 10:00
bbc_mundo,google_news_politica,8,2026-03-07 10:00,2026-03-07 10:00
eldiario,lavanguardia,8,2026-03-07 10:00,2026-03-07 10:00
expansion,infolibre,7,2026-03-07 10:00,2026-03-07 10:00
google_news_politica,heraldo_aragon,7,2026-03-07 10:00,2026-03-07 10:00
infolibre,lavanguardia,7,2026-03-07 10:00,2026-03-07 10:00
elpais,lavanguardia,7,2026-03-07 10:00,2026-03-07 10:00
elpais,infolibre,7,2026-03-07 10:00,2026-03-07 10:00
elpais,heraldo_aragon,7,2026-03-07 10:00,2026-03-07 10:00
expansion,heraldo_aragon,7,2026-03-07 10:00,2026-03-07 10:00
bbc_mundo,elpais,7,2026-03-07 10:00,2026-03-07 10:00
20minutos,lavanguardia,7,2026-03-07 10:00,2026-03-07 10:00
20minutos,elpais,7,2026-03-07 10:00,2026-03-07 10:00
20minutos,eldiario,7,2026-03-07 10:00,2026-03-07 10:00
eldiario,infolibre,7,2026-03-07 10:00,2026-03-07 10:00
eldiario,expansion,7,2026-03-07 10:00,2026-03-07 10:00
elpais_internacional,infolibre,6,2026-03-07 10:00,2026-03-07 10:00
elpais_internacional,heraldo_aragon,6,2026-03-07 10:00,2026-03-07 10:00
bbc_mundo,eldiario,12,2026-03-07 10:30,2026-03-07 10:30
bbc_mundo,expansion,10,2026-03-07 10:30,2026-03-07 10:30
bbc_mundo,lavanguardia,10,2026-03-07 10:30,2026-03-07 10:30
heraldo_aragon,infolibre,9,2026-03-07 10:30,2026-03-07 10:30
20minutos,bbc_mundo,9,2026-03-07 10:30,2026-03-07 10:30
eldiario,google_news_politica,9,2026-03-07 10:30,2026-03-07 10:30
bbc_mundo,heraldo_aragon,9,2026-03-07 10:30,2026-03-07 10:30
google_news_politica,infolibre,8,2026-03-07 10:30,2026-03-07 10:30
20minutos,heraldo_aragon,8,2026-03-07 10:30,2026-03-07 10:30
heraldo_aragon,lavanguardia,8,2026-03-07 10:30,2026-03-07 10:30
bbc_mundo,infolibre,8,2026-03-07 10:30,2026-03-07 10:30
eldiario,heraldo_aragon,8,2026-03-07 10:30,2026-03-07 10:30
eldiario,expansion,8,2026-03-07 10:30,2026-03-07 10:30
expansion,infolibre,8,2026-03-07 10:30,2026-03-07 10:30
expansion,heraldo_aragon,8,2026-03-07 10:30,2026-03-07 10:30
bbc_mundo,google_news_politica,8,2026-03-07 10:30,2026-03-07 10:30
eldiario,lavanguardia,8,2026-03-07 10:30,2026-03-07 10:30
20minutos,infolibre,8,2026-03-07 10:30,2026-03-07 10:30
20minutos,lavanguardia,7,2026-03-07 10:30,2026-03-07 10:30
elpais,infolibre,7,2026-03-07 10:30,2026-03-07 10:30
elpais,heraldo_aragon,7,2026-03-07 10:30,2026-03-07 10:30
elpais,lavanguardia,7,2026-03-07 10:30,2026-03-07 10:30
infolibre,lavanguardia,7,2026-03-07 10:30,2026-03-07 10:30
20minutos,eldiario,7,2026-03-07 10:30,2026-03-07 10:30
bbc_mundo,elpais,7,2026-03-07 10:30,2026-03-07 10:30
20minutos,expansion,7,2026-03-07 10:30,2026-03-07 10:30
eldiario,infolibre,7,2026-03-07 10:30,2026-03-07 10:30
20minutos,elpais,7,2026-03-07 10:30,2026-03-07 10:30
expansion,lavanguardia,7,2026-03-07 10:30,2026-03-07 10:30
google_news_politica,heraldo_aragon,7,2026-03-07 10:30,2026-03-07 10:30
bbc_mundo,eldiario,12,2026-03-07 11:00,2026-03-07 11:00
bbc_mundo,expansion,10,2026-03-07 11:00,2026-03-07 11:00
bbc_mundo,lavanguardia,10,2026-03-07 11:00,2026-03-07 11:00
heraldo_aragon,infolibre,9,2026-03-07 11:00,2026-03-07 11:00
20minutos,bbc_mundo,9,2026-03-07 11:00,2026-03-07 11:00
eldiario,google_news_politica,9,2026-03-07 11:00,2026-03-07 11:00
bbc_mundo,heraldo_aragon,9,2026-03-07 11:00,2026-03-07 11:00
google_news_politica,infolibre,8,2026-03-07 11:00,2026-03-07 11:00
20minutos,heraldo_aragon,8,2026-03-07 11:00,2026-03-07 11:00
heraldo_aragon,lavanguardia,8,2026-03-07 11:00,2026-03-07 11:00
bbc_mundo,infolibre,8,2026-03-07 11:00,2026-03-07 11:00
eldiario,heraldo_aragon,8,2026-03-07 11:00,2026-03-07 11:00
eldiario,expansion,8,2026-03-07 11:00,2026-03-07 11:00
expansion,infolibre,8,2026-03-07 11:00,2026-03-07 11:00
expansion,heraldo_aragon,8,2026-03-07 11:00,2026-03-07 11:00
bbc_mundo,google_news_politica,8,2026-03-07 11:00,2026-03-07 11:00
eldiario,lavanguardia,8,2026-03-07 11:00,2026-03-07 11:00
20minutos,infolibre,8,2026-03-07 11:00,2026-03-07 11:00
20minutos,lavanguardia,7,2026-03-07 11:00,2026-03-07 11:00
elpais,infolibre,7,2026-03-07 11:00,2026-03-07 11:00
elpais,heraldo_aragon,7,2026-03-07 11:00,2026-03-07 11:00
elpais,lavanguardia,7,2026-03-07 11:00,2026-03-07 11:00
infolibre,lavanguardia,7,2026-03-07 11:00,2026-03-07 11:00
20minutos,eldiario,7,2026-03-07 11:00,2026-03-07 11:00
bbc_mundo,elpais,7,2026-03-07 11:00,2026-03-07 11:00
20minutos,expansion,7,2026-03-07 11:00,2026-03-07 11:00
eldiario,infolibre,7,2026-03-07 11:00,2026-03-07 11:00
20minutos,elpais,7,2026-03-07 11:00,2026-03-07 11:00
expansion,lavanguardia,7,2026-03-07 11:00,2026-03-07 11:00
google_news_politica,heraldo_aragon,7,2026-03-07 11:00,2026-03-07 11:00
bbc_mundo,eldiario,12,2026-03-07 11:30,2026-03-07 11:30
bbc_mundo,expansion,10,2026-03-07 11:30,2026-03-07 11:30
bbc_mundo,lavanguardia,10,2026-03-07 11:30,2026-03-07 11:30
heraldo_aragon,infolibre,9,2026-03-07 11:30,2026-03-07 11:30
20minutos,bbc_mundo,9,2026-03-07 11:30,2026-03-07 11:30
eldiario,google_news_politica,9,2026-03-07 11:30,2026-03-07 11:30
bbc_mundo,heraldo_aragon,9,2026-03-07 11:30,2026-03-07 11:30
google_news_politica,infolibre,8,2026-03-07 11:30,2026-03-07 11:30
20minutos,heraldo_aragon,8,2026-03-07 11:30,2026-03-07 11:30
heraldo_aragon,lavanguardia,8,2026-03-07 11:30,2026-03-07 11:30
bbc_mundo,infolibre,8,2026-03-07 11:30,2026-03-07 11:30
eldiario,heraldo_aragon,8,2026-03-07 11:30,2026-03-07 11:30
eldiario,expansion,8,2026-03-07 11:30,2026-03-07 11:30
expansion,infolibre,8,2026-03-07 11:30,2026-03-07 11:30
expansion,heraldo_aragon,8,2026-03-07 11:30,2026-03-07 11:30
bbc_mundo,google_news_politica,8,2026-03-07 11:30,2026-03-07 11:30
eldiario,lavanguardia,8,2026-03-07 11:30,2026-03-07 11:30
20minutos,infolibre,8,2026-03-07 11:30,2026-03-07 11:30
20minutos,lavanguardia,7,2026-03-07 11:30,2026-03-07 11:30
elpais,infolibre,7,2026-03-07 11:30,2026-03-07 11:30
elpais,heraldo_aragon,7,2026-03-07 11:30,2026-03-07 11:30
elpais,lavanguardia,7,2026-03-07 11:30,2026-03-07 11:30
infolibre,lavanguardia,7,2026-03-07 11:30,2026-03-07 11:30
20minutos,eldiario,7,2026-03-07 11:30,2026-03-07 11:30
bbc_mundo,elpais,7,2026-03-07 11:30,2026-03-07 11:30
20minutos,expansion,7,2026-03-07 11:30,2026-03-07 11:30
eldiario,infolibre,7,2026-03-07 11:30,2026-03-07 11:30
20minutos,elpais,7,2026-03-07 11:30,2026-03-07 11:30
expansion,lavanguardia,7,2026-03-07 11:30,2026-03-07 11:30
google_news_politica,heraldo_aragon,7,2026-03-07 11:30,2026-03-07 11:30
bbc_mundo,eldiario,12,2026-03-07 12:00,2026-03-07 12:00
bbc_mundo,expansion,10,2026-03-07 12:00,2026-03-07 12:00
bbc_mundo,lavanguardia,10,2026-03-07 12:00,2026-03-07 12:00
heraldo_aragon,infolibre,9,2026-03-07 12:00,2026-03-07 12:00
20minutos,bbc_mundo,9,2026-03-07 12:00,2026-03-07 12:00
eldiario,google_news_politica,9,2026-03-07 12:00,2026-03-07 12:00
bbc_mundo,heraldo_aragon,9,2026-03-07 12:00,2026-03-07 12:00
google_news_politica,infolibre,8,2026-03-07 12:00,2026-03-07 12:00
20minutos,heraldo_aragon,8,2026-03-07 12:00,2026-03-07 12:00
heraldo_aragon,lavanguardia,8,2026-03-07 12:00,2026-03-07 12:00
bbc_mundo,infolibre,8,2026-03-07 12:00,2026-03-07 12:00
eldiario,heraldo_aragon,8,2026-03-07 12:00,2026-03-07 12:00
eldiario,expansion,8,2026-03-07 12:00,2026-03-07 12:00
expansion,infolibre,8,2026-03-07 12:00,2026-03-07 12:00
expansion,heraldo_aragon,8,2026-03-07 12:00,2026-03-07 12:00
bbc_mundo,google_news_politica,8,2026-03-07 12:00,2026-03-07 12:00
eldiario,lavanguardia,8,2026-03-07 12:00,2026-03-07 12:00
20minutos,infolibre,8,2026-03-07 12:00,2026-03-07 12:00
20minutos,lavanguardia,7,2026-03-07 12:00,2026-03-07 12:00
elpais,infolibre,7,2026-03-07 12:00,2026-03-07 12:00
elpais,heraldo_aragon,7,2026-03-07 12:00,2026-03-07 12:00
elpais,lavanguardia,7,2026-03-07 12:00,2026-03-07 12:00
infolibre,lavanguardia,7,2026-03-07 12:00,2026-03-07 12:00
20minutos,eldiario,7,2026-03-07 12:00,2026-03-07 12:00
bbc_mundo,elpais,7,2026-03-07 12:00,2026-03-07 12:00
20minutos,expansion,7,2026-03-07 12:00,2026-03-07 12:00
eldiario,infolibre,7,2026-03-07 12:00,2026-03-07 12:00
20minutos,elpais,7,2026-03-07 12:00,2026-03-07 12:00
expansion,lavanguardia,7,2026-03-07 12:00,2026-03-07 12:00
google_news_politica,heraldo_aragon,7,2026-03-07 12:00,2026-03-07 12:00
bbc_mundo,eldiario,12,2026-03-07 12:23,2026-03-07 12:23
bbc_mundo,expansion,10,2026-03-07 12:23,2026-03-07 12:23
bbc_mundo,lavanguardia,10,2026-03-07 12:23,2026-03-07 12:23
heraldo_aragon,infolibre,9,2026-03-07 12:23,2026-03-07 12:23
20minutos,bbc_mundo,9,2026-03-07 12:23,2026-03-07 12:23
eldiario,google_news_politica,9,2026-03-07 12:23,2026-03-07 12:23
bbc_mundo,heraldo_aragon,9,2026-03-07 12:23,2026-03-07 12:23
google_news_politica,infolibre,8,2026-03-07 12:23,2026-03-07 12:23
20minutos,heraldo_aragon,8,2026-03-07 12:23,2026-03-07 12:23
heraldo_aragon,lavanguardia,8,2026-03-07 12:23,2026-03-07 12:23
bbc_mundo,infolibre,8,2026-03-07 12:23,2026-03-07 12:23
eldiario,heraldo_aragon,8,2026-03-07 12:23,2026-03-07 12:23
eldiario,expansion,8,2026-03-07 12:23,2026-03-07 12:23
expansion,infolibre,8,2026-03-07 12:23,2026-03-07 12:23
expansion,heraldo_aragon,8,2026-03-07 12:23,2026-03-07 12:23
bbc_mundo,google_news_politica,8,2026-03-07 12:23,2026-03-07 12:23
eldiario,lavanguardia,8,2026-03-07 12:23,2026-03-07 12:23
20minutos,infolibre,8,2026-03-07 12:23,2026-03-07 12:23
20minutos,lavanguardia,7,2026-03-07 12:23,2026-03-07 12:23
elpais,infolibre,7,2026-03-07 12:23,2026-03-07 12:23
elpais,heraldo_aragon,7,2026-03-07 12:23,2026-03-07 12:23
elpais,lavanguardia,7,2026-03-07 12:23,2026-03-07 12:23
infolibre,lavanguardia,7,2026-03-07 12:23,2026-03-07 12:23
20minutos,eldiario,7,2026-03-07 12:23,2026-03-07 12:23
bbc_mundo,elpais,7,2026-03-07 12:23,2026-03-07 12:23
20minutos,expansion,7,2026-03-07 12:23,2026-03-07 12:23
eldiario,infolibre,7,2026-03-07 12:23,2026-03-07 12:23
20minutos,elpais,7,2026-03-07 12:23,2026-03-07 12:23
expansion,lavanguardia,7,2026-03-07 12:23,2026-03-07 12:23
google_news_politica,heraldo_aragon,7,2026-03-07 12:23,2026-03-07 12:23
bbc_mundo,eldiario,12,2026-03-07 12:30,2026-03-07 12:30
bbc_mundo,expansion,10,2026-03-07 12:30,2026-03-07 12:30
bbc_mundo,lavanguardia,10,2026-03-07 12:30,2026-03-07 12:30
heraldo_aragon,infolibre,9,2026-03-07 12:30,2026-03-07 12:30
20minutos,bbc_mundo,9,2026-03-07 12:30,2026-03-07 12:30
eldiario,google_news_politica,9,2026-03-07 12:30,2026-03-07 12:30
bbc_mundo,heraldo_aragon,9,2026-03-07 12:30,2026-03-07 12:30
google_news_politica,infolibre,8,2026-03-07 12:30,2026-03-07 12:30
20minutos,heraldo_aragon,8,2026-03-07 12:30,2026-03-07 12:30
bbc_mundo,infolibre,8,2026-03-07 12:30,2026-03-07 12:30
heraldo_aragon,lavanguardia,8,2026-03-07 12:30,2026-03-07 12:30
eldiario,heraldo_aragon,8,2026-03-07 12:30,2026-03-07 12:30
eldiario,expansion,8,2026-03-07 12:30,2026-03-07 12:30
expansion,infolibre,8,2026-03-07 12:30,2026-03-07 12:30
expansion,heraldo_aragon,8,2026-03-07 12:30,2026-03-07 12:30
bbc_mundo,google_news_politica,8,2026-03-07 12:30,2026-03-07 12:30
eldiario,lavanguardia,8,2026-03-07 12:30,2026-03-07 12:30
20minutos,infolibre,8,2026-03-07 12:30,2026-03-07 12:30
bbc_mundo,elpais,7,2026-03-07 12:30,2026-03-07 12:30
elpais,lavanguardia,7,2026-03-07 12:30,2026-03-07 12:30
elpais,infolibre,7,2026-03-07 12:30,2026-03-07 12:30
infolibre,lavanguardia,7,2026-03-07 12:30,2026-03-07 12:30
elpais,heraldo_aragon,7,2026-03-07 12:30,2026-03-07 12:30
20minutos,google_news_politica,7,2026-03-07 12:30,2026-03-07 12:30
20minutos,eldiario,7,2026-03-07 12:30,2026-03-07 12:30
20minutos,expansion,7,2026-03-07 12:30,2026-03-07 12:30
eldiario,infolibre,7,2026-03-07 12:30,2026-03-07 12:30
20minutos,lavanguardia,7,2026-03-07 12:30,2026-03-07 12:30
20minutos,elpais,7,2026-03-07 12:30,2026-03-07 12:30
expansion,lavanguardia,7,2026-03-07 12:30,2026-03-07 12:30
bbc_mundo,eldiario,12,2026-03-07 12:32,2026-03-07 12:32
bbc_mundo,expansion,10,2026-03-07 12:32,2026-03-07 12:32
bbc_mundo,lavanguardia,10,2026-03-07 12:32,2026-03-07 12:32
heraldo_aragon,infolibre,9,2026-03-07 12:32,2026-03-07 12:32
20minutos,bbc_mundo,9,2026-03-07 12:32,2026-03-07 12:32
eldiario,google_news_politica,9,2026-03-07 12:32,2026-03-07 12:32
bbc_mundo,heraldo_aragon,9,2026-03-07 12:32,2026-03-07 12:32
google_news_politica,infolibre,8,2026-03-07 12:32,2026-03-07 12:32
20minutos,heraldo_aragon,8,2026-03-07 12:32,2026-03-07 12:32
bbc_mundo,infolibre,8,2026-03-07 12:32,2026-03-07 12:32
heraldo_aragon,lavanguardia,8,2026-03-07 12:32,2026-03-07 12:32
eldiario,heraldo_aragon,8,2026-03-07 12:32,2026-03-07 12:32
eldiario,expansion,8,2026-03-07 12:32,2026-03-07 12:32
expansion,infolibre,8,2026-03-07 12:32,2026-03-07 12:32
expansion,heraldo_aragon,8,2026-03-07 12:32,2026-03-07 12:32
bbc_mundo,google_news_politica,8,2026-03-07 12:32,2026-03-07 12:32
eldiario,lavanguardia,8,2026-03-07 12:32,2026-03-07 12:32
20minutos,infolibre,8,2026-03-07 12:32,2026-03-07 12:32
bbc_mundo,elpais,7,2026-03-07 12:32,2026-03-07 12:32
elpais,lavanguardia,7,2026-03-07 12:32,2026-03-07 12:32
elpais,infolibre,7,2026-03-07 12:32,2026-03-07 12:32
infolibre,lavanguardia,7,2026-03-07 12:32,2026-03-07 12:32
elpais,heraldo_aragon,7,2026-03-07 12:32,2026-03-07 12:32
20minutos,google_news_politica,7,2026-03-07 12:32,2026-03-07 12:32
20minutos,eldiario,7,2026-03-07 12:32,2026-03-07 12:32
20minutos,expansion,7,2026-03-07 12:32,2026-03-07 12:32
eldiario,infolibre,7,2026-03-07 12:32,2026-03-07 12:32
20minutos,lavanguardia,7,2026-03-07 12:32,2026-03-07 12:32
20minutos,elpais,7,2026-03-07 12:32,2026-03-07 12:32
expansion,lavanguardia,7,2026-03-07 12:32,2026-03-07 12:32
bbc_mundo,eldiario,12,2026-03-07 13:00,2026-03-07 13:00
bbc_mundo,expansion,10,2026-03-07 13:00,2026-03-07 13:00
bbc_mundo,lavanguardia,10,2026-03-07 13:00,2026-03-07 13:00
heraldo_aragon,infolibre,9,2026-03-07 13:00,2026-03-07 13:00
20minutos,bbc_mundo,9,2026-03-07 13:00,2026-03-07 13:00
eldiario,google_news_politica,9,2026-03-07 13:00,2026-03-07 13:00
bbc_mundo,heraldo_aragon,9,2026-03-07 13:00,2026-03-07 13:00
google_news_politica,infolibre,8,2026-03-07 13:00,2026-03-07 13:00
20minutos,heraldo_aragon,8,2026-03-07 13:00,2026-03-07 13:00
bbc_mundo,infolibre,8,2026-03-07 13:00,2026-03-07 13:00
heraldo_aragon,lavanguardia,8,2026-03-07 13:00,2026-03-07 13:00
eldiario,heraldo_aragon,8,2026-03-07 13:00,2026-03-07 13:00
eldiario,expansion,8,2026-03-07 13:00,2026-03-07 13:00
expansion,infolibre,8,2026-03-07 13:00,2026-03-07 13:00
expansion,heraldo_aragon,8,2026-03-07 13:00,2026-03-07 13:00
bbc_mundo,google_news_politica,8,2026-03-07 13:00,2026-03-07 13:00
eldiario,lavanguardia,8,2026-03-07 13:00,2026-03-07 13:00
20minutos,google_news_politica,8,2026-03-07 13:00,2026-03-07 13:00
20minutos,infolibre,8,2026-03-07 13:00,2026-03-07 13:00
bbc_mundo,elpais,7,2026-03-07 13:00,2026-03-07 13:00
elpais,lavanguardia,7,2026-03-07 13:00,2026-03-07 13:00
elpais,infolibre,7,2026-03-07 13:00,2026-03-07 13:00
infolibre,lavanguardia,7,2026-03-07 13:00,2026-03-07 13:00
elpais,heraldo_aragon,7,2026-03-07 13:00,2026-03-07 13:00
20minutos,eldiario,7,2026-03-07 13:00,2026-03-07 13:00
20minutos,expansion,7,2026-03-07 13:00,2026-03-07 13:00
eldiario,infolibre,7,2026-03-07 13:00,2026-03-07 13:00
20minutos,lavanguardia,7,2026-03-07 13:00,2026-03-07 13:00
20minutos,elpais,7,2026-03-07 13:00,2026-03-07 13:00
expansion,lavanguardia,7,2026-03-07 13:00,2026-03-07 13:00
bbc_mundo,eldiario,12,2026-03-07 13:30,2026-03-07 13:30
bbc_mundo,expansion,10,2026-03-07 13:30,2026-03-07 13:30
bbc_mundo,lavanguardia,10,2026-03-07 13:30,2026-03-07 13:30
heraldo_aragon,infolibre,9,2026-03-07 13:30,2026-03-07 13:30
20minutos,bbc_mundo,9,2026-03-07 13:30,2026-03-07 13:30
eldiario,google_news_politica,9,2026-03-07 13:30,2026-03-07 13:30
bbc_mundo,heraldo_aragon,9,2026-03-07 13:30,2026-03-07 13:30
google_news_politica,infolibre,8,2026-03-07 13:30,2026-03-07 13:30
20minutos,heraldo_aragon,8,2026-03-07 13:30,2026-03-07 13:30
bbc_mundo,infolibre,8,2026-03-07 13:30,2026-03-07 13:30
heraldo_aragon,lavanguardia,8,2026-03-07 13:30,2026-03-07 13:30
eldiario,heraldo_aragon,8,2026-03-07 13:30,2026-03-07 13:30
eldiario,expansion,8,2026-03-07 13:30,2026-03-07 13:30
expansion,infolibre,8,2026-03-07 13:30,2026-03-07 13:30
expansion,heraldo_aragon,8,2026-03-07 13:30,2026-03-07 13:30
bbc_mundo,google_news_politica,8,2026-03-07 13:30,2026-03-07 13:30
eldiario,lavanguardia,8,2026-03-07 13:30,2026-03-07 13:30
20minutos,google_news_politica,8,2026-03-07 13:30,2026-03-07 13:30
20minutos,infolibre,8,2026-03-07 13:30,2026-03-07 13:30
bbc_mundo,elpais,7,2026-03-07 13:30,2026-03-07 13:30
elpais,lavanguardia,7,2026-03-07 13:30,2026-03-07 13:30
elpais,infolibre,7,2026-03-07 13:30,2026-03-07 13:30
infolibre,lavanguardia,7,2026-03-07 13:30,2026-03-07 13:30
elpais,heraldo_aragon,7,2026-03-07 13:30,2026-03-07 13:30
20minutos,eldiario,7,2026-03-07 13:30,2026-03-07 13:30
20minutos,expansion,7,2026-03-07 13:30,2026-03-07 13:30
eldiario,infolibre,7,2026-03-07 13:30,2026-03-07 13:30
20minutos,lavanguardia,7,2026-03-07 13:30,2026-03-07 13:30
20minutos,elpais,7,2026-03-07 13:30,2026-03-07 13:30
expansion,lavanguardia,7,2026-03-07 13:30,2026-03-07 13:30
bbc_mundo,eldiario,12,2026-03-07 14:00,2026-03-07 14:00
bbc_mundo,expansion,10,2026-03-07 14:00,2026-03-07 14:00
bbc_mundo,lavanguardia,10,2026-03-07 14:00,2026-03-07 14:00
heraldo_aragon,infolibre,9,2026-03-07 14:00,2026-03-07 14:00
20minutos,bbc_mundo,9,2026-03-07 14:00,2026-03-07 14:00
eldiario,google_news_politica,9,2026-03-07 14:00,2026-03-07 14:00
bbc_mundo,heraldo_aragon,9,2026-03-07 14:00,2026-03-07 14:00
google_news_politica,infolibre,8,2026-03-07 14:00,2026-03-07 14:00
20minutos,heraldo_aragon,8,2026-03-07 14:00,2026-03-07 14:00
bbc_mundo,infolibre,8,2026-03-07 14:00,2026-03-07 14:00
heraldo_aragon,lavanguardia,8,2026-03-07 14:00,2026-03-07 14:00
eldiario,heraldo_aragon,8,2026-03-07 14:00,2026-03-07 14:00
eldiario,expansion,8,2026-03-07 14:00,2026-03-07 14:00
expansion,infolibre,8,2026-03-07 14:00,2026-03-07 14:00
expansion,heraldo_aragon,8,2026-03-07 14:00,2026-03-07 14:00
bbc_mundo,google_news_politica,8,2026-03-07 14:00,2026-03-07 14:00
eldiario,lavanguardia,8,2026-03-07 14:00,2026-03-07 14:00
20minutos,google_news_politica,8,2026-03-07 14:00,2026-03-07 14:00
20minutos,infolibre,8,2026-03-07 14:00,2026-03-07 14:00
bbc_mundo,elpais,7,2026-03-07 14:00,2026-03-07 14:00
elpais,lavanguardia,7,2026-03-07 14:00,2026-03-07 14:00
elpais,infolibre,7,2026-03-07 14:00,2026-03-07 14:00
infolibre,lavanguardia,7,2026-03-07 14:00,2026-03-07 14:00
elpais,heraldo_aragon,7,2026-03-07 14:00,2026-03-07 14:00
20minutos,eldiario,7,2026-03-07 14:00,2026-03-07 14:00
20minutos,expansion,7,2026-03-07 14:00,2026-03-07 14:00
eldiario,infolibre,7,2026-03-07 14:00,2026-03-07 14:00
20minutos,lavanguardia,7,2026-03-07 14:00,2026-03-07 14:00
20minutos,elpais,7,2026-03-07 14:00,2026-03-07 14:00
expansion,lavanguardia,7,2026-03-07 14:00,2026-03-07 14:00
bbc_mundo,eldiario,12,2026-03-07 14:30,2026-03-07 14:30
bbc_mundo,expansion,10,2026-03-07 14:30,2026-03-07 14:30
bbc_mundo,lavanguardia,10,2026-03-07 14:30,2026-03-07 14:30
20minutos,google_news_politica,9,2026-03-07 14:30,2026-03-07 14:30
20minutos,bbc_mundo,9,2026-03-07 14:30,2026-03-07 14:30
eldiario,google_news_politica,9,2026-03-07 14:30,2026-03-07 14:30
bbc_mundo,google_news_politica,9,2026-03-07 14:30,2026-03-07 14:30
bbc_mundo,heraldo_aragon,9,2026-03-07 14:30,2026-03-07 14:30
heraldo_aragon,infolibre,9,2026-03-07 14:30,2026-03-07 14:30
google_news_politica,infolibre,8,2026-03-07 14:30,2026-03-07 14:30
eldiario,expansion,8,2026-03-07 14:30,2026-03-07 14:30
20minutos,heraldo_aragon,8,2026-03-07 14:30,2026-03-07 14:30
bbc_mundo,infolibre,8,2026-03-07 14:30,2026-03-07 14:30
heraldo_aragon,lavanguardia,8,2026-03-07 14:30,2026-03-07 14:30
eldiario,heraldo_aragon,8,2026-03-07 14:30,2026-03-07 14:30
expansion,infolibre,8,2026-03-07 14:30,2026-03-07 14:30
expansion,heraldo_aragon,8,2026-03-07 14:30,2026-03-07 14:30
eldiario,lavanguardia,8,2026-03-07 14:30,2026-03-07 14:30
20minutos,infolibre,8,2026-03-07 14:30,2026-03-07 14:30
elpais,lavanguardia,7,2026-03-07 14:30,2026-03-07 14:30
elpais,infolibre,7,2026-03-07 14:30,2026-03-07 14:30
bbc_mundo,elpais,7,2026-03-07 14:30,2026-03-07 14:30
elpais,heraldo_aragon,7,2026-03-07 14:30,2026-03-07 14:30
infolibre,lavanguardia,7,2026-03-07 14:30,2026-03-07 14:30
20minutos,eldiario,7,2026-03-07 14:30,2026-03-07 14:30
20minutos,expansion,7,2026-03-07 14:30,2026-03-07 14:30
eldiario,infolibre,7,2026-03-07 14:30,2026-03-07 14:30
20minutos,lavanguardia,7,2026-03-07 14:30,2026-03-07 14:30
20minutos,elpais,7,2026-03-07 14:30,2026-03-07 14:30
expansion,lavanguardia,7,2026-03-07 14:30,2026-03-07 14:30
bbc_mundo,eldiario,12,2026-03-07 15:00,2026-03-07 15:00
20minutos,google_news_politica,10,2026-03-07 15:00,2026-03-07 15:00
bbc_mundo,expansion,10,2026-03-07 15:00,2026-03-07 15:00
bbc_mundo,lavanguardia,10,2026-03-07 15:00,2026-03-07 15:00
bbc_mundo,google_news_politica,10,2026-03-07 15:00,2026-03-07 15:00
google_news_politica,infolibre,9,2026-03-07 15:00,2026-03-07 15:00
20minutos,bbc_mundo,9,2026-03-07 15:00,2026-03-07 15:00
eldiario,google_news_politica,9,2026-03-07 15:00,2026-03-07 15:00
bbc_mundo,heraldo_aragon,9,2026-03-07 15:00,2026-03-07 15:00
heraldo_aragon,infolibre,9,2026-03-07 15:00,2026-03-07 15:00
20minutos,infolibre,8,2026-03-07 15:00,2026-03-07 15:00
20minutos,heraldo_aragon,8,2026-03-07 15:00,2026-03-07 15:00
heraldo_aragon,lavanguardia,8,2026-03-07 15:00,2026-03-07 15:00
eldiario,heraldo_aragon,8,2026-03-07 15:00,2026-03-07 15:00
eldiario,expansion,8,2026-03-07 15:00,2026-03-07 15:00
expansion,infolibre,8,2026-03-07 15:00,2026-03-07 15:00
bbc_mundo,infolibre,8,2026-03-07 15:00,2026-03-07 15:00
expansion,heraldo_aragon,8,2026-03-07 15:00,2026-03-07 15:00
eldiario,lavanguardia,8,2026-03-07 15:00,2026-03-07 15:00
google_news_politica,heraldo_aragon,8,2026-03-07 15:00,2026-03-07 15:00
elconfidencial,google_news_politica,8,2026-03-07 15:00,2026-03-07 15:00
infolibre,lavanguardia,7,2026-03-07 15:00,2026-03-07 15:00
20minutos,eldiario,7,2026-03-07 15:00,2026-03-07 15:00
elpais,lavanguardia,7,2026-03-07 15:00,2026-03-07 15:00
elpais,infolibre,7,2026-03-07 15:00,2026-03-07 15:00
20minutos,expansion,7,2026-03-07 15:00,2026-03-07 15:00
elpais,heraldo_aragon,7,2026-03-07 15:00,2026-03-07 15:00
google_news_politica,lavanguardia,7,2026-03-07 15:00,2026-03-07 15:00
bbc_mundo,elpais,7,2026-03-07 15:00,2026-03-07 15:00
20minutos,lavanguardia,7,2026-03-07 15:00,2026-03-07 15:00
bbc_mundo,eldiario,12,2026-03-07 15:30,2026-03-07 15:30
20minutos,google_news_politica,10,2026-03-07 15:30,2026-03-07 15:30
bbc_mundo,expansion,10,2026-03-07 15:30,2026-03-07 15:30
bbc_mundo,lavanguardia,10,2026-03-07 15:30,2026-03-07 15:30
bbc_mundo,google_news_politica,10,2026-03-07 15:30,2026-03-07 15:30
google_news_politica,infolibre,9,2026-03-07 15:30,2026-03-07 15:30
20minutos,bbc_mundo,9,2026-03-07 15:30,2026-03-07 15:30
eldiario,google_news_politica,9,2026-03-07 15:30,2026-03-07 15:30
bbc_mundo,heraldo_aragon,9,2026-03-07 15:30,2026-03-07 15:30
heraldo_aragon,infolibre,9,2026-03-07 15:30,2026-03-07 15:30
20minutos,infolibre,8,2026-03-07 15:30,2026-03-07 15:30
20minutos,heraldo_aragon,8,2026-03-07 15:30,2026-03-07 15:30
heraldo_aragon,lavanguardia,8,2026-03-07 15:30,2026-03-07 15:30
eldiario,heraldo_aragon,8,2026-03-07 15:30,2026-03-07 15:30
eldiario,expansion,8,2026-03-07 15:30,2026-03-07 15:30
expansion,infolibre,8,2026-03-07 15:30,2026-03-07 15:30
bbc_mundo,infolibre,8,2026-03-07 15:30,2026-03-07 15:30
expansion,heraldo_aragon,8,2026-03-07 15:30,2026-03-07 15:30
eldiario,lavanguardia,8,2026-03-07 15:30,2026-03-07 15:30
google_news_politica,heraldo_aragon,8,2026-03-07 15:30,2026-03-07 15:30
elconfidencial,google_news_politica,8,2026-03-07 15:30,2026-03-07 15:30
infolibre,lavanguardia,7,2026-03-07 15:30,2026-03-07 15:30
20minutos,eldiario,7,2026-03-07 15:30,2026-03-07 15:30
elpais,lavanguardia,7,2026-03-07 15:30,2026-03-07 15:30
elpais,infolibre,7,2026-03-07 15:30,2026-03-07 15:30
20minutos,expansion,7,2026-03-07 15:30,2026-03-07 15:30
elpais,heraldo_aragon,7,2026-03-07 15:30,2026-03-07 15:30
google_news_politica,lavanguardia,7,2026-03-07 15:30,2026-03-07 15:30
bbc_mundo,elpais,7,2026-03-07 15:30,2026-03-07 15:30
20minutos,lavanguardia,7,2026-03-07 15:30,2026-03-07 15:30
bbc_mundo,eldiario,12,2026-03-07 16:00,2026-03-07 16:00
20minutos,google_news_politica,10,2026-03-07 16:00,2026-03-07 16:00
bbc_mundo,expansion,10,2026-03-07 16:00,2026-03-07 16:00
bbc_mundo,lavanguardia,10,2026-03-07 16:00,2026-03-07 16:00
bbc_mundo,google_news_politica,10,2026-03-07 16:00,2026-03-07 16:00
google_news_politica,infolibre,9,2026-03-07 16:00,2026-03-07 16:00
20minutos,bbc_mundo,9,2026-03-07 16:00,2026-03-07 16:00
eldiario,google_news_politica,9,2026-03-07 16:00,2026-03-07 16:00
bbc_mundo,heraldo_aragon,9,2026-03-07 16:00,2026-03-07 16:00
heraldo_aragon,infolibre,9,2026-03-07 16:00,2026-03-07 16:00
20minutos,infolibre,8,2026-03-07 16:00,2026-03-07 16:00
20minutos,heraldo_aragon,8,2026-03-07 16:00,2026-03-07 16:00
heraldo_aragon,lavanguardia,8,2026-03-07 16:00,2026-03-07 16:00
eldiario,heraldo_aragon,8,2026-03-07 16:00,2026-03-07 16:00
eldiario,expansion,8,2026-03-07 16:00,2026-03-07 16:00
expansion,infolibre,8,2026-03-07 16:00,2026-03-07 16:00
bbc_mundo,infolibre,8,2026-03-07 16:00,2026-03-07 16:00
expansion,heraldo_aragon,8,2026-03-07 16:00,2026-03-07 16:00
eldiario,lavanguardia,8,2026-03-07 16:00,2026-03-07 16:00
google_news_politica,heraldo_aragon,8,2026-03-07 16:00,2026-03-07 16:00
elconfidencial,google_news_politica,8,2026-03-07 16:00,2026-03-07 16:00
infolibre,lavanguardia,7,2026-03-07 16:00,2026-03-07 16:00
20minutos,eldiario,7,2026-03-07 16:00,2026-03-07 16:00
elpais,lavanguardia,7,2026-03-07 16:00,2026-03-07 16:00
elpais,infolibre,7,2026-03-07 16:00,2026-03-07 16:00
20minutos,expansion,7,2026-03-07 16:00,2026-03-07 16:00
elpais,heraldo_aragon,7,2026-03-07 16:00,2026-03-07 16:00
google_news_politica,lavanguardia,7,2026-03-07 16:00,2026-03-07 16:00
bbc_mundo,elpais,7,2026-03-07 16:00,2026-03-07 16:00
20minutos,lavanguardia,7,2026-03-07 16:00,2026-03-07 16:00
bbc_mundo,eldiario,12,2026-03-07 16:30,2026-03-07 16:30
20minutos,google_news_politica,10,2026-03-07 16:30,2026-03-07 16:30
bbc_mundo,expansion,10,2026-03-07 16:30,2026-03-07 16:30
bbc_mundo,lavanguardia,10,2026-03-07 16:30,2026-03-07 16:30
bbc_mundo,google_news_politica,10,2026-03-07 16:30,2026-03-07 16:30
google_news_politica,infolibre,9,2026-03-07 16:30,2026-03-07 16:30
20minutos,bbc_mundo,9,2026-03-07 16:30,2026-03-07 16:30
eldiario,google_news_politica,9,2026-03-07 16:30,2026-03-07 16:30
bbc_mundo,heraldo_aragon,9,2026-03-07 16:30,2026-03-07 16:30
heraldo_aragon,infolibre,9,2026-03-07 16:30,2026-03-07 16:30
20minutos,infolibre,8,2026-03-07 16:30,2026-03-07 16:30
20minutos,heraldo_aragon,8,2026-03-07 16:30,2026-03-07 16:30
heraldo_aragon,lavanguardia,8,2026-03-07 16:30,2026-03-07 16:30
eldiario,heraldo_aragon,8,2026-03-07 16:30,2026-03-07 16:30
eldiario,expansion,8,2026-03-07 16:30,2026-03-07 16:30
expansion,infolibre,8,2026-03-07 16:30,2026-03-07 16:30
bbc_mundo,infolibre,8,2026-03-07 16:30,2026-03-07 16:30
expansion,heraldo_aragon,8,2026-03-07 16:30,2026-03-07 16:30
eldiario,lavanguardia,8,2026-03-07 16:30,2026-03-07 16:30
google_news_politica,heraldo_aragon,8,2026-03-07 16:30,2026-03-07 16:30
elconfidencial,google_news_politica,8,2026-03-07 16:30,2026-03-07 16:30
infolibre,lavanguardia,7,2026-03-07 16:30,2026-03-07 16:30
20minutos,eldiario,7,2026-03-07 16:30,2026-03-07 16:30
elpais,lavanguardia,7,2026-03-07 16:30,2026-03-07 16:30
elpais,infolibre,7,2026-03-07 16:30,2026-03-07 16:30
20minutos,expansion,7,2026-03-07 16:30,2026-03-07 16:30
elpais,heraldo_aragon,7,2026-03-07 16:30,2026-03-07 16:30
google_news_politica,lavanguardia,7,2026-03-07 16:30,2026-03-07 16:30
bbc_mundo,elpais,7,2026-03-07 16:30,2026-03-07 16:30
20minutos,lavanguardia,7,2026-03-07 16:30,2026-03-07 16:30
bbc_mundo,google_news_politica,12,2026-03-07 17:01,2026-03-07 17:01
bbc_mundo,eldiario,12,2026-03-07 17:01,2026-03-07 17:01
20minutos,google_news_politica,10,2026-03-07 17:01,2026-03-07 17:01
bbc_mundo,expansion,10,2026-03-07 17:01,2026-03-07 17:01
eldiario,google_news_politica,10,2026-03-07 17:01,2026-03-07 17:01
bbc_mundo,lavanguardia,10,2026-03-07 17:01,2026-03-07 17:01
google_news_politica,infolibre,9,2026-03-07 17:01,2026-03-07 17:01
heraldo_aragon,infolibre,9,2026-03-07 17:01,2026-03-07 17:01
20minutos,bbc_mundo,9,2026-03-07 17:01,2026-03-07 17:01
bbc_mundo,heraldo_aragon,9,2026-03-07 17:01,2026-03-07 17:01
bbc_mundo,infolibre,8,2026-03-07 17:01,2026-03-07 17:01
20minutos,infolibre,8,2026-03-07 17:01,2026-03-07 17:01
20minutos,heraldo_aragon,8,2026-03-07 17:01,2026-03-07 17:01
eldiario,heraldo_aragon,8,2026-03-07 17:01,2026-03-07 17:01
eldiario,expansion,8,2026-03-07 17:01,2026-03-07 17:01
heraldo_aragon,lavanguardia,8,2026-03-07 17:01,2026-03-07 17:01
expansion,infolibre,8,2026-03-07 17:01,2026-03-07 17:01
expansion,heraldo_aragon,8,2026-03-07 17:01,2026-03-07 17:01
elconfidencial,google_news_politica,8,2026-03-07 17:01,2026-03-07 17:01
eldiario,lavanguardia,8,2026-03-07 17:01,2026-03-07 17:01
google_news_politica,heraldo_aragon,8,2026-03-07 17:01,2026-03-07 17:01
expansion,lavanguardia,7,2026-03-07 17:01,2026-03-07 17:01
20minutos,eldiario,7,2026-03-07 17:01,2026-03-07 17:01
infolibre,lavanguardia,7,2026-03-07 17:01,2026-03-07 17:01
elpais,lavanguardia,7,2026-03-07 17:01,2026-03-07 17:01
elpais,infolibre,7,2026-03-07 17:01,2026-03-07 17:01
elpais,heraldo_aragon,7,2026-03-07 17:01,2026-03-07 17:01
20minutos,lavanguardia,7,2026-03-07 17:01,2026-03-07 17:01
bbc_mundo,elpais,7,2026-03-07 17:01,2026-03-07 17:01
expansion,google_news_politica,7,2026-03-07 17:01,2026-03-07 17:01
bbc_mundo,google_news_politica,12,2026-03-07 17:30,2026-03-07 17:30
bbc_mundo,eldiario,12,2026-03-07 17:30,2026-03-07 17:30
20minutos,google_news_politica,10,2026-03-07 17:30,2026-03-07 17:30
bbc_mundo,expansion,10,2026-03-07 17:30,2026-03-07 17:30
eldiario,google_news_politica,10,2026-03-07 17:30,2026-03-07 17:30
bbc_mundo,lavanguardia,10,2026-03-07 17:30,2026-03-07 17:30
google_news_politica,infolibre,9,2026-03-07 17:30,2026-03-07 17:30
heraldo_aragon,infolibre,9,2026-03-07 17:30,2026-03-07 17:30
20minutos,bbc_mundo,9,2026-03-07 17:30,2026-03-07 17:30
bbc_mundo,heraldo_aragon,9,2026-03-07 17:30,2026-03-07 17:30
bbc_mundo,infolibre,8,2026-03-07 17:30,2026-03-07 17:30
20minutos,infolibre,8,2026-03-07 17:30,2026-03-07 17:30
20minutos,heraldo_aragon,8,2026-03-07 17:30,2026-03-07 17:30
eldiario,heraldo_aragon,8,2026-03-07 17:30,2026-03-07 17:30
eldiario,expansion,8,2026-03-07 17:30,2026-03-07 17:30
heraldo_aragon,lavanguardia,8,2026-03-07 17:30,2026-03-07 17:30
expansion,infolibre,8,2026-03-07 17:30,2026-03-07 17:30
expansion,heraldo_aragon,8,2026-03-07 17:30,2026-03-07 17:30
elconfidencial,google_news_politica,8,2026-03-07 17:30,2026-03-07 17:30
eldiario,lavanguardia,8,2026-03-07 17:30,2026-03-07 17:30
google_news_politica,heraldo_aragon,8,2026-03-07 17:30,2026-03-07 17:30
expansion,lavanguardia,7,2026-03-07 17:30,2026-03-07 17:30
20minutos,eldiario,7,2026-03-07 17:30,2026-03-07 17:30
infolibre,lavanguardia,7,2026-03-07 17:30,2026-03-07 17:30
elpais,lavanguardia,7,2026-03-07 17:30,2026-03-07 17:30
elpais,infolibre,7,2026-03-07 17:30,2026-03-07 17:30
elpais,heraldo_aragon,7,2026-03-07 17:30,2026-03-07 17:30
20minutos,lavanguardia,7,2026-03-07 17:30,2026-03-07 17:30
bbc_mundo,elpais,7,2026-03-07 17:30,2026-03-07 17:30
expansion,google_news_politica,7,2026-03-07 17:30,2026-03-07 17:30
bbc_mundo,google_news_politica,12,2026-03-07 18:00,2026-03-07 18:00
bbc_mundo,eldiario,12,2026-03-07 18:00,2026-03-07 18:00
20minutos,google_news_politica,10,2026-03-07 18:00,2026-03-07 18:00
bbc_mundo,expansion,10,2026-03-07 18:00,2026-03-07 18:00
eldiario,google_news_politica,10,2026-03-07 18:00,2026-03-07 18:00
bbc_mundo,lavanguardia,10,2026-03-07 18:00,2026-03-07 18:00
google_news_politica,infolibre,9,2026-03-07 18:00,2026-03-07 18:00
heraldo_aragon,infolibre,9,2026-03-07 18:00,2026-03-07 18:00
20minutos,bbc_mundo,9,2026-03-07 18:00,2026-03-07 18:00
bbc_mundo,heraldo_aragon,9,2026-03-07 18:00,2026-03-07 18:00
bbc_mundo,infolibre,8,2026-03-07 18:00,2026-03-07 18:00
20minutos,infolibre,8,2026-03-07 18:00,2026-03-07 18:00
20minutos,heraldo_aragon,8,2026-03-07 18:00,2026-03-07 18:00
eldiario,heraldo_aragon,8,2026-03-07 18:00,2026-03-07 18:00
eldiario,expansion,8,2026-03-07 18:00,2026-03-07 18:00
heraldo_aragon,lavanguardia,8,2026-03-07 18:00,2026-03-07 18:00
expansion,infolibre,8,2026-03-07 18:00,2026-03-07 18:00
expansion,heraldo_aragon,8,2026-03-07 18:00,2026-03-07 18:00
elconfidencial,google_news_politica,8,2026-03-07 18:00,2026-03-07 18:00
eldiario,lavanguardia,8,2026-03-07 18:00,2026-03-07 18:00
google_news_politica,heraldo_aragon,8,2026-03-07 18:00,2026-03-07 18:00
expansion,lavanguardia,7,2026-03-07 18:00,2026-03-07 18:00
20minutos,eldiario,7,2026-03-07 18:00,2026-03-07 18:00
infolibre,lavanguardia,7,2026-03-07 18:00,2026-03-07 18:00
elpais,lavanguardia,7,2026-03-07 18:00,2026-03-07 18:00
elpais,infolibre,7,2026-03-07 18:00,2026-03-07 18:00
elpais,heraldo_aragon,7,2026-03-07 18:00,2026-03-07 18:00
20minutos,lavanguardia,7,2026-03-07 18:00,2026-03-07 18:00
bbc_mundo,elpais,7,2026-03-07 18:00,2026-03-07 18:00
expansion,google_news_politica,7,2026-03-07 18:00,2026-03-07 18:00
bbc_mundo,google_news_politica,12,2026-03-07 18:30,2026-03-07 18:30
bbc_mundo,eldiario,12,2026-03-07 18:30,2026-03-07 18:30
20minutos,google_news_politica,10,2026-03-07 18:30,2026-03-07 18:30
bbc_mundo,expansion,10,2026-03-07 18:30,2026-03-07 18:30
eldiario,google_news_politica,10,2026-03-07 18:30,2026-03-07 18:30
bbc_mundo,lavanguardia,10,2026-03-07 18:30,2026-03-07 18:30
google_news_politica,infolibre,9,2026-03-07 18:30,2026-03-07 18:30
heraldo_aragon,infolibre,9,2026-03-07 18:30,2026-03-07 18:30
20minutos,bbc_mundo,9,2026-03-07 18:30,2026-03-07 18:30
bbc_mundo,heraldo_aragon,9,2026-03-07 18:30,2026-03-07 18:30
bbc_mundo,infolibre,8,2026-03-07 18:30,2026-03-07 18:30
20minutos,infolibre,8,2026-03-07 18:30,2026-03-07 18:30
20minutos,heraldo_aragon,8,2026-03-07 18:30,2026-03-07 18:30
eldiario,heraldo_aragon,8,2026-03-07 18:30,2026-03-07 18:30
eldiario,expansion,8,2026-03-07 18:30,2026-03-07 18:30
heraldo_aragon,lavanguardia,8,2026-03-07 18:30,2026-03-07 18:30
expansion,infolibre,8,2026-03-07 18:30,2026-03-07 18:30
expansion,heraldo_aragon,8,2026-03-07 18:30,2026-03-07 18:30
elconfidencial,google_news_politica,8,2026-03-07 18:30,2026-03-07 18:30
eldiario,lavanguardia,8,2026-03-07 18:30,2026-03-07 18:30
google_news_politica,heraldo_aragon,8,2026-03-07 18:30,2026-03-07 18:30
expansion,lavanguardia,7,2026-03-07 18:30,2026-03-07 18:30
20minutos,eldiario,7,2026-03-07 18:30,2026-03-07 18:30
infolibre,lavanguardia,7,2026-03-07 18:30,2026-03-07 18:30
elpais,lavanguardia,7,2026-03-07 18:30,2026-03-07 18:30
elpais,infolibre,7,2026-03-07 18:30,2026-03-07 18:30
elpais,heraldo_aragon,7,2026-03-07 18:30,2026-03-07 18:30
20minutos,lavanguardia,7,2026-03-07 18:30,2026-03-07 18:30
bbc_mundo,elpais,7,2026-03-07 18:30,2026-03-07 18:30
expansion,google_news_politica,7,2026-03-07 18:30,2026-03-07 18:30
