window,representative,sources,n_sources,n_titles,avg_similarity,coord_score,all_titles,detected_at
2026-03-10 14:00:00,Muere el escritor peruano Alfredo Bryce Echenique a los 87 años,"elcorreo, eldiario, elpais, google_news_es, heraldo_aragon, infolibre, okdiario",7,8,0.585,100,"Muere Alfredo Bryce Echenique, autor de ‘Un mundo para Julius’, a los 87 años | Muere Alfredo Bryce Echenique a los 87 años, el último gran representante del Boom latinomericano - RTVE.es | Muere a los 87 años el escritor peruano Alfredo Bryce Echenique | Muere el escritor peruano Alfredo Bryce Echenique a los 87 años de edad | El escritor peruano Alfredo Bryce Echenique fallece a los 87 años",2026-03-11 11:01
2026-03-11 06:00:00,Tres muertos y cuatro heridos en el incendio de un edificio en Miranda de Ebro (Burgos),"20minutos, elconfidencial, elcorreo, eldiario, elespanol, elmundo, elpais, google_news_es, huffington_es, infolibre, lavanguardia, levante_emv, okdiario",13,14,0.599,100,"Al menos tres muertos y cuatro heridos en el incendio de un edificio de Miranda de Ebro (Burgos) | Tres muertos y cuatro heridos en un incendio en una vivienda en Miranda de Ebro (Burgos) | Al menos tres muertos y cuatro heridos en el incendio de un edificio en Miranda de Ebro (Burgos) - Cadena SER | Tres muertos y cuatro heridos, dos de ellos menores, en un incendio en Miranda | Conmoción en Miranda de Ebro: tres muertos y cuatro heridos en el incendio de una vivienda",2026-03-11 11:01
2026-03-09 10:00:00,Un juzgado admite la segunda denuncia contra Errejón por presunta agresión sexual,"20minutos, elconfidencial, elcorreo, elespanol, europapress, huffington_es, levante_emv",7,8,0.674,100,"Un juzgado admite a trámite la segunda denuncia contra Errejón, esta por presunta violación | Un juzgado de Madrid admite a trámite la segunda denuncia contra Errejón por una presunta agresión sexual a una mujer | Un juzgado admite la segunda denuncia contra Íñígo Errejón por otra presunta agresión sexual | Un juzgado admite la segunda denuncia contra Errejón por agresión sexual | Un juzgado admite a trámite la segunda denuncia contra Íñigo Errejón por agresión sexual",2026-03-11 11:01
2026-03-09 12:00:00,La Justicia ordena a la Comunidad de Madrid la creación del registro de objetores del aborto,"elconfidencial, eldiario, elespanol, elpais, google_news_es, huffington_es, infolibre",7,8,0.609,100,"La justicia ordena a la Comunidad de Madrid la creación del registro de objetores del aborto | La Justicia ordena a Madrid iniciar ya la creación del registro de objetores del aborto | La Justicia ordena a la Comunidad de Madrid iniciar ""de inmediato"" la creación del registro de objetores del aborto - RTVE.es | El Tribunal Superior de Justicia de Madrid ordena al Gobierno de Ayuso iniciar la creación del registro de objetores del aborto | La Justicia ordena a Ayuso iniciar ya la creación del registro de objetores del aborto",2026-03-11 11:01
2026-03-09 08:00:00,El PP propone doblar la deducción por hijo en IRPF y bajar al 10% el IVA de la energía,"elcorreo, elmundo, europapress, expansion, google_news_es",5,6,0.733,91,El PP propone bajar al 10% el IVA de la energía mientras dure la guerra y un alivio fiscal de 200 euros en el IRPF | El PP propone bajar la deducción por hijo en el IRPF y el 10% del IVA de la energía | El PP propone doblar la deducción por hijo en IRPF y bajar al 10% el IVA de la energía - The Objective | El PP propone doblar la deducción por hijo en IRPF y bajar al 10% el IVA de la energía | El PP propone doblar la deducción por hijo en el IRPF y bajar el 10% del IVA de la energía,2026-03-11 11:01
2026-03-08 18:00:00,Dimite el secretario general de Nuevas Generaciones del PP y pide el voto para Vox,"elcorreo, eldiario, elpais, google_news_politica, heraldo_aragon, lavanguardia",6,7,0.575,86,"El secretario general de la Nuevas Generaciones del PP dimite pidiendo el voto para Vox | Dimite el secretario general de Nuevas Generaciones del PP: &quot;Pido el voto para Vox&quot; | El secretario general de Nuevas Generaciones del PP dimite y pide el voto para Vox | El secretario general de Nuevas Generaciones del PP dimite, deja el partido y pide votar a Vox | Dimite el secretario general de Nuevas Generaciones del PP y pide el voto para Vox",2026-03-11 11:01
2026-03-09 08:00:00,"El exsecretario de Nuevas Generaciones del PP admite que avisó a Vox de su dimisión y dice que ""quizás"" fiche por ese partido","20minutos, europapress, google_news_politica, huffington_es, lavanguardia",5,6,0.634,79,"El ex secretario general de Nuevas Generaciones admite que avisó a Vox de su dimisión y que “quizás” fiche por ese partido | El exsecretario de Nuevas Generaciones del PP admite que avisó a Vox de su dimisión y dice que ""quizás"" fiche por ese partido | El exsecretario de Nuevas Generaciones del PP admite que avisó a Vox: ""quizás"" fiche por ese partido | El exsecretario general de NNGG del PP admite que avisó a Vox de su dimisión y que &quot;quizás&quot; fiche por ese partido | El exlíder de Nuevas Generaciones del PP admite que avisó a Vox de su dimisión - The Objective",2026-03-11 11:01
2026-03-10 18:00:00,"Las cajas negras de Adamuz revelan que entre el ""primer síntoma de descarrilamiento"" y el choque pasaron 15 segundos","20minutos, heraldo_aragon, huffington_es, lavanguardia",4,6,0.742,74,"Las cajas negras revelan que en Adamuz entre descarrilamiento y choque pasaron 15 segundos | Las cajas negras de Adamuz dicen que entre descarrilamiento y choque pasaron 15 segundos | Las cajas negras de Adamuz desvelan que entre el ""primer síntoma"" de descarrilamiento y el choque pasaron 15 segundos | Las cajas negras de Adamuz revelan que entre el ""primer síntoma de descarrilamiento"" y el choque pasaron 15 segundos | Las cajas negras de Adamuz revelan que entre el ""primer síntoma"" de descarrilamiento y el choque pasaron 15 segundos",2026-03-11 11:01
2026-03-11 08:00:00,"Von der Leyen dice ahora que la UE ""siempre defenderá"" el orden internacional","20minutos, elcorreo, elpais, europapress, huffington_es, levante_emv",6,6,0.495,74,"Von der Leyen recula y dice ahora que la UE «siempre defenderá el derecho internacional» | Von der Leyen rectifica y dice ahora que la UE ""siempre defenderá"" el orden internacional | Von der Leyen recula y afirma ahora el “compromiso inquebrantable” de la UE con el derecho internacional | Von der Leyen se retracta y dice ahora que la UE &quot;siempre defenderá&quot; el orden internacional | Von der Leyen dice ahora que la UE ""siempre defenderá"" el orden internacional",2026-03-11 11:01
2026-03-10 14:00:00,"Muere a los 89 años el periodista Raúl del Pozo, cronista político y escritor","20minutos, elcorreo, elpais, europapress, levante_emv, okdiario",6,11,0.498,74,"Muere a los 89 años el periodista Raúl del Pozo, cronista político y escritor | Muere el periodista Raúl del Pozo a los 89 años | Muere a los 89 años Raúl del Pozo, periodista de raza | Muere el periodista Raúl del Pozo a los 89 años en Madrid | Muere el periodista y escritor Raúl del Pozo a los 89 años",2026-03-11 11:01
2026-03-10 12:00:00,"El Pentágono advierte que este martes será el ""día más intenso"" de ataques contra Irán","eldiario, elpais, france24_es, google_news_es, lavanguardia, levante_emv",6,7,0.49,73,"El Pentágono anuncia que hoy será “el día más intenso de ataques” en la guerra de Irán | El jefe del Pentágono dice que el martes será el día «más intenso» de ataques contra Irán - SWI swissinfo.ch | El Pentágono advierte que este martes será el ""día más intenso"" de ataques contra Irán | Guerra de EE.UU. e Israel contra Irán | Última hora: el Pentágono asegura que hoy será “el día más intenso” en los ataques a Irán | El jefe del Pentágono advierte: ""Hoy será, una vez más, nuestro día más intenso de ataques en Irán""",2026-03-11 11:01
2026-03-10 12:00:00,"Arbeloa manda otro recado a Laporta: ""Fue él quien cuadruplicó los pagos a Negreira""","20minutos, elcorreo, lavanguardia, levante_emv",4,4,0.707,70,"Arbeloa manda otro recado a Laporta: ""Fue él quien cuadruplicó los pagos a Negreira"" | Álvaro Arbeloa contesta con dureza a Joan Laporta: ""Fue él quien cuadruplicó los pagos a Negreira"" | Arbeloa responde a Laporta: «Fue quien cuadriplicó los pagos a Negreira» | Arbeloa dispara a Laporta mientras espera a Guardiola: “Fue él quien cuadruplicó los pagos a Negreira...”",2026-03-11 11:01
2026-03-10 10:00:00,Sánchez comparecerá en el Congreso el 25 de marzo para informar de la posición de España en la guerra de Irán,"eldiario, europapress, expansion, google_news_es, huffington_es",5,6,0.557,69,Sánchez comparecerá en el Congreso el día 25 para explicar la posición de España sobre Irán - EL PAÍS | Sánchez comparecerá el 25 de marzo en el Congreso para explicar la posición de España en el conflicto en - LaSexta | Sánchez comparecerá el 25 de marzo para explicar la posición del Gobierno en Irán | Sánchez comparecerá ante el Congreso el 25 de marzo para informar sobre la posición de España en la guerra de Irán | Sánchez comparecerá en el Congreso el 25 de marzo para dar explicaciones sobre la posición de España en la guerra de Irán,2026-03-11 11:01
2026-03-09 08:00:00,"Turquía despliega seis cazas F-16 y defensas antiaéreas en el norte de Chipre para ""aumentar la seguridad""","20minutos, google_news_es, heraldo_aragon",3,3,0.925,69,"Turquía despliega seis cazas F-16 y defensas antiaéreas en el norte de Chipre | Turquía despliega seis cazas F-16 y defensas antiaéreas en el norte de Chipre para ""aumentar la seguridad"" | Turquía despliega seis cazas F-16 y defensas antiaéreas en el norte de Chipre para ""aumentar la seguridad"" - 20Minutos",2026-03-11 11:01
2026-03-11 08:00:00,Localizan el cadáver de un hombre flotando en el lago de la Casa de Campo,"20minutos, elconfidencial, lavanguardia",3,3,0.92,68,Encuentran el cadáver de un hombre flotando en el lago de la Casa de Campo | Localizan el cadáver de un hombre flotando en el lago de la Casa de Campo de Madrid | Localizan el cadáver de un hombre flotando en el lago de la Casa de Campo,2026-03-11 11:01
2026-03-10 08:00:00,Hallan el cadáver de una persona con las piernas seccionadas en una planta de reciclaje de Paterna,"20minutos, elespanol, levante_emv",3,3,0.881,66,Hallan el cadáver de una persona con las piernas seccionadas en una planta de reciclaje de Paterna (Valencia) | Hallan el cadáver de un indigente con las piernas seccionadas en una planta de reciclaje de Paterna | Hallan el cadáver de una persona con las piernas seccionadas en una planta de reciclaje de Paterna,2026-03-11 11:01
2026-03-10 10:00:00,Von der Leyen afirma que Europa cometió un &quot;error estratégico&quot; al alejarse de la energía nuclear,"google_news_es, heraldo_aragon, huffington_es, levante_emv",4,5,0.647,64,"Von der Leyen dice ahora que fue &quot;error estratégico&quot; alejarse de la energía nuclear | Von der Leyen cree que Europa cometió un &quot;error estratégico&quot; al alejarse de la energía nuclear y anuncia un plan de mini reactores | Von der Leyen asegura que Europa cometió un ""error estratégico"" al alejarse de la energía nuclear - LaSexta | Von der Leyen considera que Europa cometió un ""error estratégico"" al alejarse de la energía nuclear | Von der Leyen afirma que Europa cometió un &quot;error estratégico&quot; al alejarse de la energía nuclear",2026-03-11 11:01
2026-03-09 12:00:00,Las exmonjas de Belorado abandonan el convento antes del desahucio,"elcorreo, eldiario, elpais, google_news_es, heraldo_aragon",5,5,0.51,63,Las exmonjas de Belorado abandonan el convento antes del desahucio | Sin un final de película: las monjas rebeldes de Belorado abandonan el convento antes del desahucio | Sin un final de película: las monjas rebeldes de Belorado abandonan el convento antes del desahucio - EL PAÍS | Las exmonjas de Belorado empiezan a abandonar el convento ante su inminente desahucio | Las monjas cismáticas de Belorado abandonan el convento burgalés,2026-03-11 11:01
2026-03-10 10:00:00,Detenido un hombre acusado de empujar a su pareja desde un cuarto piso en Barcelona,"elconfidencial, elmundo, heraldo_aragon",3,3,0.846,63,Detenido un hombre acusado de empujar a su pareja por la ventana de un cuarto piso | Detenido un hombre de 39 años acusado de empujar a su pareja desde un cuarto piso en Polinyà (Barcelona) | Detenido un hombre acusado de empujar a su pareja desde un cuarto piso en Barcelona,2026-03-11 11:01
2026-03-10 12:00:00,"El Gobierno responde a Von der Leyen: ""La alternativa al orden internacional son el desorden y la guerra""","elcorreo, eldiario, elmundo, levante_emv",4,4,0.617,61,"El Gobierno responde a Von der Leyen: ""La alternativa al orden internacional son el desorden y la guerra"" | El Gobierno replica a Von der Leyen: «La alternativa al orden internacional es el desorden y el caos» | El Gobierno se distancia de Von der Leyen y urge a Europa a defender el orden internacional: ""Lo contrario es desorden"" | El Gobierno de Sánchez replica a Von der Leyen que ""la alternativa al orden internacional es el desorden"": ""Uno tiene que optar entre la paz o la guerra""",2026-03-11 11:01
2026-03-10 16:00:00,Un hombre se atrinchera en una vivienda de Madrid armado con un arma blanca,"20minutos, elconfidencial, elpais, levante_emv",4,4,0.618,61,Un hombre se atrinchera en una vivienda de Madrid armado con una catana | Un hombre se atrinchera en una vivienda de Madrid armado con un arma blanca | Un hombre se atrinchera en una vivienda de Madrid con un arma blanca | Un hombre se atrinchera en una vivienda de Retiro con una catana,2026-03-11 11:01
2026-03-11 06:00:00,"Inditex ganó un récord de 6.220 millones en 2025, un 6% más","elpais, europapress, expansion, heraldo_aragon, lavanguardia",5,6,0.491,61,"Inditex ganó un récord de 6.220 millones en 2025, un 6% más | Inditex ganó un récord de 6.220 millones en 2025 | Inditex ganó 6.220 millones de euros en 2025, un 6% más, y aumentó sus ventas un 3,2% | Inditex logra un beneficio récord de 6.220 millones en 2025, un 6% más, con ventas de 39.864 millones (+3,2%) | Inditex desafía la incertidumbre geopolítica con un beneficio récord de 6.220 millones",2026-03-11 11:01
2026-03-10 16:00:00,"Mario Rodríguez, nuevo presidente de Mediaset España","20minutos, expansion, lavanguardia, okdiario",4,5,0.616,61,"Mario Rodríguez, nuevo presidente de Mediaset España | Revolución en Mediaset: Mario Rodríguez, nuevo presidente del grupo | Mario Rodríguez sustituye a Garmendia como presidente de Mediaset España | Mario Rodríguez, nombrado como nuevo presidente de Mediaset España | Mario Rodríguez se convierte en el nuevo presidente de Mediaset",2026-03-11 11:01
2026-03-09 10:00:00,"Von der Leyen: ""No debería derramarse ni una lágrima por el régimen iraní""","elcorreo, huffington_es, levante_emv",3,3,0.811,60,"Von der Leyen: ""No debería derramarse ni una lágrima por el régimen iraní"" | Von der Leyen se posiciona a favor de Israel y EEUU: &quot;No debería derramarse ni una lágrima por el régimen iraní&quot; | Guerra en Oriente Medio: «No debería derramarse ni una lágrima por el régimen iraní», dice Von der Leyen",2026-03-11 11:01
2026-03-09 10:00:00,Ortega Smith denuncia a Vox por filtrar su expediente de expulsión,"20minutos, elcorreo, eldiario, elmundo, huffington_es",5,5,0.47,58,"Ortega Smith denuncia a Vox por filtrar su expediente de expulsión | Ortega Smith denuncia ante Protección de Datos a la Ejecutiva de Vox y su Comité de Garantías por ""filtrar"" su expulsión | Ortega Smith denuncia a Vox por &quot;filtrar&quot; su expulsión | Ortega Smith dice que mantendrá su escaño en el Congreso aunque sea en el Grupo Mixto y denuncia a Vox por ""filtrar"" sus datos | Ortega Smith denuncia a la ejecutiva de Vox ante la Agencia de Protección de Datos por filtrar su expediente",2026-03-11 11:01
2026-03-10 14:00:00,Muere un hombre en silla de ruedas atropellado por un camión que maniobraba marcha atrás en Campo Real,"20minutos, elespanol, okdiario",3,4,0.785,58,Fallece un hombre en silla de ruedas atropellado por un camión que maniobraba marcha atrás en Campo Real | Muere un hombre en silla de ruedas atropellado por un camión que maniobraba marcha atrás en Campo Real | Muere un hombre en silla de ruedas atropellado por un camión en una maniobra marcha atrás | Muere un hombre en silla de ruedas tras ser atropellado por un camión que maniobraba marcha atrás en Campo Real,2026-03-11 11:01
2026-03-09 18:00:00,El concejal del PSOE en Aranjuez que lanzó un café a la cara del portavoz de Vox entregará su acta este martes,"eldiario, elpais, heraldo_aragon",3,3,0.78,58,El concejal del PSOE en Aranjuez que lanzó un café a la cara del portavoz de Vox entregará su acta este martes | El concejal del PSOE que lanzó un café a la cara al portavoz de Vox entregará su acta | El concejal del PSOE en Aranjuez que lanzó un café a la cara al portavoz de Vox dimitirá,2026-03-11 11:01
2026-03-10 12:00:00,Segundo oro de Audrey Pascual: gana la prueba combinada del esquí alpino en los Juegos Paralímpicos,"20minutos, google_news_es, levante_emv, okdiario",4,5,0.565,56,Audrey Pascual hace historia en los Juegos Paralímpicos y conquista su segundo oro | Audrey Pascual suma su segundo oro al vencer en la combinada de los Juegos de Invierno | Segundo oro de Audrey Pascual: gana la prueba combinada del esquí alpino en los Juegos Paralímpicos de Invierno | Segundo oro de Audrey Pascual: gana la prueba combinada del esquí alpino en los Juegos Paralímpicos | Audrey Pascual logra su segundo oro en los Juegos Paralímpicos de Milán - Servimedia,2026-03-11 11:01
2026-03-10 12:00:00,Génova dice que Ayuso acatará la decisión judicial que le insta a crear un registro de objetores,"europapress, google_news_es, infolibre",3,3,0.746,55,"Génova dice que Ayuso acatará la decisión judicial que le insta a crear un registro de objetores | Génova dice que Ayuso acatará la decisión judicial que le insta a crear un registro de objetores - infoLibre | El PP está ""convencido"" de que Ayuso ""acatará"" la decisión judicial para crear el registro de objetores al aborto",2026-03-11 11:01
2026-03-10 10:00:00,Mercadona logra unos históricos 41.900 millones de euros de facturación en 2025,"20minutos, europapress, lavanguardia, levante_emv, okdiario",5,5,0.443,55,"Mercadona aumenta sus beneficios en 2025 hasta los 1.729 millones de euros y logra unas ventas de 41.900 millones | Mercadona gana 1.729 millones de euros con una facturación que alcanza los 41.900 millones | Mercadona logra un nuevo récord de ventas, que se disparan un 8% hasta los 41.900 millones de euros | Mercadona obtiene unas ventas de 41.900 millones, un 8% más, con el negocio en Portugal disparado | Mercadona logra unos históricos 41.900 millones de euros de facturación en 2025",2026-03-11 11:01
2026-03-10 10:00:00,El Gobierno hará una ronda de contactos con los grupos parlamentarios por la guerra en Irán,"eldiario, europapress, huffington_es",3,3,0.728,54,El Gobierno hará una ronda de contactos con los grupos parlamentarios por la guerra en Irán | El Gobierno iniciará una ronda de contactos con los grupos parlamentarios y agentes sociales por la guerra en Irán | El Gobierno convocará una ronda de contactos con los grupos parlamentarios para hablar de la guerra de Irán,2026-03-11 11:01
2026-03-10 08:00:00,Repsol prevé invertir hasta 10.000 millones hasta 2028 y repartirá 3.600 millones en dividendo,"elcorreo, google_news_es, okdiario",3,6,0.729,54,Repsol prevé invertir 10.000 millones hasta 2028 y repartir 3.600 millones en dividendos - El Independiente | Repsol prevé invertir hasta 10.000 millones hasta 2028 y repartirá 3.600 millones en dividendo | Repsol prevé invertir 10.000 millones hasta 2028 y repartirá 3.600 millones en dividendo | Repsol invertirá hasta 10.000 millones de cara a 2028 y repartirá 3.600 millones en dividendo en efectivo | Repsol prevé invertir 10.000 millones hasta 2028 y repartirá 3.600 millones en dividendo - El Correo,2026-03-11 11:01
2026-03-10 12:00:00,"Von der Leyen: ""Europa cometió un error estratégico al alejarse"" de la energía nuclear - RTVE.es","expansion, google_news_es, okdiario",3,4,0.724,54,"Rapapolvo de Von der Leyen a Sánchez: Europa cometió un «error estratégico» al alejarse de la nuclear | Von der Leyen califica el rechazo a la energía nuclear en Europa de ""error estratégico"" | Von der Leyen: ""Europa cometió un error estratégico al alejarse"" de la energía nuclear - RTVE.es | Von der Leyen anuncia 200 millones para la energía nuclear: ""Europa cometió un error estratégico al alejarse"" - RTVE.es",2026-03-11 11:01
2026-03-09 10:00:00,Las víctimas de la DANA piden obviar el aforamiento de Mazón e investigarlo en Catarroja - Cadena SER,"elmundo, google_news_es, infolibre",3,3,0.728,54,"Las víctimas de la dana piden obviar el aforamiento de Mazón e investigarlo en Catarroja | Víctimas de la dana piden al TSJ ""no aplicar"" el aforamiento a Mazón por ser un ""fraude de ley"" y que lo investigue la jueza de Catarroja | Las víctimas de la DANA piden obviar el aforamiento de Mazón e investigarlo en Catarroja - Cadena SER",2026-03-11 11:01
2026-03-10 04:00:00,Alcaraz remonta contra Rinderknech y accede a los  octavos de Indian Wells,"elpais, google_news_es, okdiario",3,3,0.707,53,Alcaraz defiende su imbatibilidad ante Rinderknech camino a octavos de Indian Wells - France 24 | Imparable Alcaraz: remonta a un aguerrido Rinderknech y ya está en octavos de Indian Wells | Alcaraz remonta contra Rinderknech y accede a los  octavos de Indian Wells,2026-03-11 11:01
2026-03-10 10:00:00,DIRECTO | Rueda de prensa posterior al Consejo de Ministros,"elconfidencial, google_news_es, levante_emv",3,3,0.717,53,En directo: Rueda de prensa tras el Consejo de Ministros - La Moncloa | DIRECTO | Rueda de prensa posterior al Consejo de Ministros | Vídeo | Siga en directo la rueda de prensa posterior al Consejo de Ministros,2026-03-11 11:01
2026-03-09 16:00:00,La Fiscalía se opone a imputar a Mazón por la DANA: «No hay indicios con suficiente solidez»,"elmundo, elpais, google_news_es, okdiario",4,4,0.533,53,"La Fiscalía se opone a imputar a Mazón por la DANA al no advertir aún indicios de suficiente solidez contra él - Cadena SER | La Fiscalía se opone a imputar a Mazón por la DANA: «No hay indicios con suficiente solidez» | La Fiscalía descarta por ahora imputar a Mazón por la dana ante la falta de ""indicios con suficiente solidez"" | La Fiscalía se opone a imputar a Mazón por la gestión de la dana al no ver de momento indicios suficientes",2026-03-11 11:01
2026-03-08 20:00:00,"Mojtaba Jamenei, hijo de Alí Jamenei, elegido nuevo líder supremo de Irán","bbc_mundo, eldiario, europapress, heraldo_aragon",4,6,0.53,52,"Quién es Mojtaba Jamenei, el nuevo líder supremo de Irán | Mojtaba Jamenei, el hijo del fallecido ayatolá Alí Jamenei, es electo nuevo líder supremo de Irán | Irán elige a Mojtaba Jamenei como nuevo líder supremo: quién es el misterioso hijo del fallecido ayatolá Alí Jamenei | Mojtaba, hijo de Alí Jamenei, elegido nuevo líder supremo de Irán | Mojtaba Jamenei, hijo de Alí Jamenei, elegido nuevo líder supremo de Irán",2026-03-11 11:01
2026-03-09 12:00:00,"La ex consejera Pradas imputada en la dana pide al TSJ que asuma toda la causa ""sin más dilación"" si decide investigar a Mazón","eldiario, elmundo, lavanguardia, levante_emv",4,4,0.527,52,"La ex consejera Pradas imputada en la dana pide al TSJ que asuma toda la causa ""sin más dilación"" si decide investigar a Mazón | La exconsellera Pradas pide al TSJ que, en caso de imputar a Mazón, asuma toda la causa de la dana ""sin más dilación"" | Pradas y Argüeso piden al TSJ que asuma toda la causa de la dana si acuerda investigar a Mazón | El exsecretario autonómico de Emergencias imputado en la dana pide que el TSJCV asuma toda la causa tras la ""investigación prospectiva a Mazón""",2026-03-11 11:01
2026-03-11 06:00:00,Bam Adebayo supera a Kobe Bryant: 83 puntos en un partido,"20minutos, elespanol, elmundo, lavanguardia",4,4,0.524,52,"Adebayo supera a Kobe Bryant y logra 83 puntos en una noche para la Historia | Bam Adebayo anota 83 puntos en la NBA y supera a Kobe Bryant con la segunda mejor marca de la historia | Histórico Adebayo: mete 83 puntos, supera a Kobe Bryant y firma la segunda mejor actuación en la NBA | Bam Adebayo supera a Kobe Bryant: 83 puntos en un partido",2026-03-11 11:01
2026-03-10 08:00:00,Costa discrepa de Von der Leyen sobre el ataque a Irán: “La UE debe defender el orden internacional basado en normas” - EL PAÍS,"elpais, google_news_es, lavanguardia",3,4,0.688,51,Costa discrepa de Von der Leyen sobre el ataque a Irán: “La UE debe defender el orden internacional basado en normas” | Costa defiende un orden internacional basado en normas frente al giro de Von der Leyen | Costa discrepa de Von der Leyen: “La UE debe defender el orden internacional basado en normas” - EL PAÍS | Costa discrepa de Von der Leyen sobre el ataque a Irán: “La UE debe defender el orden internacional basado en normas” - EL PAÍS,2026-03-11 11:01
2026-03-09 08:00:00,La madrileña Audrey Pascual conquista el oro en el supergigante de los Juegos Paralímpicos de Milán-Cortina,"20minutos, elcorreo, levante_emv",3,3,0.681,51,Audrey Pascual le da a España el primer oro en los Juegos Paralímpicos de Milán-Cortina | La madrileña Audrey Pascual conquista el oro en el supergigante de los Juegos Paralímpicos de Milán-Cortina | La esquiadora española Audrey Pascual conquista el oro en el supergigante de los Juegos Paralímpicos de Milán-Cortina,2026-03-11 11:01
2026-03-10 10:00:00,La Fiscalía recurrirá ante el Constitucional la condena a García Ortiz,"20minutos, elcorreo, elespanol, infolibre",4,5,0.516,51,La Fiscalía recurrirá ante el Constitucional la condena a García Ortiz en los próximos días | La Fiscalía recurrirá ante el Constitucional la condena a García Ortiz | La fiscal general ordena recurrir ante el Constitucional la condena de García Ortiz | La fiscala general recurrirá ante el Constitucional la sentencia que condenó a García Ortiz | La Fiscalía recurrirá al TC la condena a García Ortiz pese a lo excepcional de sus demandas de amparo: solo tres en 5 años,2026-03-11 11:01
2026-03-09 12:00:00,Turquía anuncia que baterías de la OTAN neutralizan otro misil lanzado desde Irán,"europapress, heraldo_aragon, huffington_es",3,3,0.686,51,Turquía neutraliza otro misil lanzado desde Irán y que sobrevolaba su espacio aéreo gracias a antimisiles de la OTAN | Turquía anuncia que baterías de la OTAN neutralizan otro misil lanzado desde Irán | Turquía anuncia que baterías antiaéreas de la OTAN neutralizan otro misil lanzado desde Irán,2026-03-11 11:01
2026-03-10 10:00:00,Sánchez comparecerá el 25 de marzo en el Congreso por la guerra en Irán - Libertad Digital,"elcorreo, google_news_es, lavanguardia, levante_emv",4,4,0.52,51,Sánchez comparecerá el 25 de marzo en el Congreso por la guerra en Irán - Libertad Digital | Sánchez comparecerá el 25 de marzo en el Congreso para hablar del conflicto en Oriente Medio | Pedro Sánchez comparecerá el 25 de marzo en el Congreso para dar cuenta de la postura del Gobierno ante la guerra en Oriente Próximo | Sánchez comparecerá el 25 de marzo en el Congreso para informar sobre la crisis de Irán,2026-03-11 11:01
2026-03-09 12:00:00,Las defensas de la OTAN interceptan otro misil iraní en el espacio aéreo de Turquía,"20minutos, elcorreo, lavanguardia, levante_emv",4,5,0.513,51,"Las defensas de la OTAN interceptan otro misil iraní en el espacio aéreo de Turquía | Trump dice que la guerra está ""prácticamente acabada"" en un día en el que la OTAN bloquea otro misil iraní en el espacio aéreo de Turquía | La OTAN derriba un segundo misil iraní sobre el espacio aéreo de Turquía | La OTAN intercepta un nuevo misil iraní en el espacio aéreo de Turquía | Última hora de la Guerra en Oriente Medio: Las defensas de la OTAN interceptan otro misil balístico iraní en el espacio aéreo de Turquía",2026-03-11 11:01
2026-03-10 18:00:00,"Champions League: Atlético de Madrid - Tottenham, en directo","elespanol, elpais, google_news_es, levante_emv, okdiario",5,5,0.4,50,"Champions League: Atlético de Madrid - Tottenham, en directo | Atlético de Madrid - Tottenham , en directo Champions: resultado, goleadores y estadísticas en vivo | ¡Descubre las alineaciones titulares del Atlético de Madrid-Tottenham! - Página oficial del Atlético de Madrid | Atlético de Madrid - Tottenham en directo | Los de Simeone quieren dejar encarrilada la eliminatoria en el Metropolitano | Á que hora es el Atlético de Madrid – Tottenham y dónde ver en directo y en streaming los octavos de la Champions League",2026-03-11 11:01
2026-03-10 10:00:00,Mercadona supera los 40.000 millones en ventas y dispara un 25% su beneficio tras un ejercicio “histórico”,"elcorreo, elpais, google_news_es",3,4,0.672,50,Mercadona supera los 40.000 millones de facturación al crecer un 8% en un ejercicio récord | Mercadona crece un 8% y supera los 40.000 millones en ventas tras un ejercicio “histórico” | Mercadona supera los 40.000 millones en ventas y dispara un 25% su beneficio tras un ejercicio “histórico” | Mercadona supera los 40.000 millones en ventas y dispara un 25% su beneficio tras un ejercicio “histórico” - EL PAÍS,2026-03-11 11:01
2026-03-08 10:00:00,Dimite la edil de Mujer de Collado Villalba tras las críticas por interrumpir una obra de teatro feminista,"20minutos, elconfidencial, europapress",3,3,0.666,49,"Dimite la edil de Mujer de Collado Villalba tras las críticas por interrumpir una obra feminista: ""Este teatro acaba aquí"" | Dimite la edil de Mujer de Collado Villalba tras las críticas por interrumpir una obra de teatro feminista | Dimite la concejal de Mujer de Collado Villalba tras interrumpir una obra de teatro feminista",2026-03-11 11:01
2026-03-10 18:00:00,"Feijóo acusa a Abascal de impedir gobiernos en CCAA y le espeta: ""Esto de patriota te viene grande""","europapress, google_news_politica, levante_emv",3,3,0.659,49,"Cruce de reproches entre Feijóo y Abascal ante la presión en los pactos postelectorales: ""Esto de patriota te viene grande"" - ElPlural.com | Feijóo acusa a Abascal de impedir que se puedan gobernar las CCAA: ""Esto de patriota te viene grande"" | Feijóo acusa a Abascal de impedir gobiernos en CCAA y le espeta: ""Esto de patriota te viene grande""",2026-03-11 11:01
2026-03-10 22:00:00,Al menos seis muertos en el incendio de un autobús en Suiza,"eldiario, europapress, google_news_es",3,4,0.661,49,Al menos seis muertos y cinco heridos en el incendio de un autobús en Suiza | Al menos seis muertos en el incendio de un autobús en Suiza | Al menos seis muertos en el incendio de un autobús en Suiza - elDiario.es | Al menos seis muertos y cuatro heridos en el incendio de un autobús en Suiza - RTVE.es,2026-03-11 11:01
2026-03-10 18:00:00,El Gobierno la propuesta de nombramiento de Inés Olóndriz como presidenta de la Airef,"20minutos, elcorreo, elpais",3,4,0.655,49,El Gobierno la propuesta de nombramiento de Inés Olóndriz como presidenta de la Airef | El Gobierno comunica la propuesta nombramiento de Inés Olóndriz como presidenta de la Airef | El Consejo de Ministros acuerda proponer a Inés Olóndriz como presidenta de la Airef | El Gobierno propone a Inés Olóndriz como presidenta de la Airef,2026-03-11 11:01
2026-03-11 06:00:00,La Agencia Internacional de Energía propone la mayor liberación de reservas estratégicas de petróleo de la historia,"expansion, huffington_es, levante_emv, okdiario",4,4,0.484,48,La Agencia Internacional de la Energía plantea la mayor liberación de reservas de petróleo de la historia para frenar la crisis energética | La Agencia Internacional de la Energía propone vaciar las reservas de petróleo para controlar los precios | La AIE propone la mayor liberación de reservas de petróleo de su historia para abaratar el crudo | La Agencia Internacional de Energía propone la mayor liberación de reservas estratégicas de petróleo de la historia,2026-03-11 11:01
2026-03-09 10:00:00,Von der Leyen dice que la UE ya no puede confiar en un orden mundial basado en reglas y debe proyectar su propio poder,"elespanol, europapress, okdiario",3,3,0.646,48,"Von der Leyen pide «no derramar una lágrima por Irán» y dice que la UE «ya no puede confiar» en las normas | Von der Leyen dice que la UE ya no puede confiar en un orden mundial basado en reglas y debe proyectar su propio poder | Von der Leyen cree que la UE ""ya no puede confiar"" en un sistema basado en reglas y cuestiona si es ""un obstáculo""",2026-03-11 11:01
2026-03-10 12:00:00,"La dirección del PP, sobre la decisión de la justicia de impulsar el registro de objetores de aborto: “Ayuso acatará”","eldiario, elpais, google_news_es",3,3,0.629,47,"El PP insta a Ayuso a iniciar los trámites del registro de objetores al aborto como le pide la justicia | La dirección del PP, sobre la decisión de la justicia de impulsar el registro de objetores de aborto: “Ayuso acatará” | La dirección del PP, sobre la decisión de la justicia de impulsar el registro de objetores de aborto: “Ayuso acatará” - EL PAÍS",2026-03-11 11:01
2026-03-10 12:00:00,"Juan Roig aboga por un IVA al 0% en alimentación ante el conflicto en Irán: “Si suben las materias primas, tendremos que subir precios”","elespanol, elpais, google_news_es",3,3,0.627,47,"Juan Roig aboga por un IVA al 0% en alimentación ante el conflicto en Irán: “Si suben las materias primas, tendremos que subir precios” | Juan Roig aboga por un IVA al 0% en alimentación ante el conflicto en Irán: “Si suben las materias primas, tendremos que subir precios” - EL PAÍS | Juan Roig aboga por el 'IVA cero' en alimentación ante la guerra de Irán: ""Estaría encantado de que los gobiernos lo decretasen""",2026-03-11 11:01
2026-03-09 08:00:00,Una mujer dispara varias veces contra la casa de Rihanna en Los Ángeles mientras ella estaba dentro,"elpais, heraldo_aragon, huffington_es",3,3,0.64,47,Una mujer dispara varias veces contra la casa de Rihanna en Los Ángeles mientras ella estaba dentro | Una mujer dispara a la casa de Rihanna en Los Ángeles mientras ella estaba dentro | Una mujer dispara diez veces contra la casa de Rihanna,2026-03-11 11:01
2026-03-09 12:00:00,"Macron anuncia una misión ""puramente defensiva"" para reabrir el Estrecho de Ormuz","20minutos, elcorreo, google_news_es",3,5,0.631,47,"Macron anuncia una misión «defensiva» para reabrir el estrecho de Ormuz | Macron: ""Está en marcha una misión defensiva para abrir progresivamente el estrecho de Ormuz"" - EFE - Agencia de noticias | Macron anuncia una operación ""puramente"" defensiva para reabrir el Estrecho de Ormuz | Macron anuncia una misión ""puramente defensiva"" para reabrir el Estrecho de Ormuz | Macron anuncia una misión ""puramente defensiva"" para reabrir el Estrecho de Ormuz - 20Minutos",2026-03-11 11:01
2026-03-10 06:00:00,Repsol prevé invertir hasta 10.000 millones en tres años y repartirá 3.600 millones en dividendo,"elpais, europapress, google_news_es",3,3,0.62,46,Repsol prevé invertir hasta 10.000 millones en tres años y repartirá 3.600 millones en dividendo | Repsol prevé invertir hasta 10.000 millones en tres años y repartirá 3.600 millones en dividendo - Cinco Días | Repsol invertirá 10.000 millones hasta 2028 y repartirá 3.600 millones en dividendos en efectivo,2026-03-11 11:01
2026-03-09 20:00:00,"Trump asegura que la guerra contra Irán está ""prácticamente terminada""","bbc_mundo, europapress, expansion",3,3,0.602,45,"Trump asegura que la guerra de Irán está ""prácticamente concluida"" | Trump asegura que la guerra de Irán está ""prácticamente terminada"" y el petróleo baja a 90 dólares | Trump asegura que la guerra contra Irán está ""prácticamente terminada""",2026-03-11 11:01
2026-03-10 20:00:00,Al menos seis muertos y cinco heridos al incendiarse un autobús en Suiza,"20minutos, elpais, google_news_es",3,7,0.609,45,"Al menos seis muertos y cinco heridos al incendiarse un autobús en Suiza | Varios muertos y heridos al incendiarse un autobús en Suiza | Varios muertos y heridos al incendiarse un autobús en Suiza - EL PAÍS | Al menos seis muertos y cinco heridos al incendiarse un autobús en Suiza - EL PAÍS | Al menos seis muertos y cuatro heridos al incendiarse un autobús en Suiza: no se descarta ""un acto deliberado""",2026-03-11 11:01
2026-03-10 12:00:00,Así será el nuevo modelo de tienda que prepara Mercadona,"google_news_es, heraldo_aragon, levante_emv",3,5,0.613,45,Así será la tienda 9: el nuevo modelo de Mercadona | Juan Roig (Mercadona) anuncia un nuevo modelo de tienda y reestructuraciones en 2026: “La compra será más fácil y sencilla” - Infobae | Así será el modelo de tienda que prepara Mercadona | Así será el nuevo modelo de tienda de Mercadona | Así será el nuevo modelo de tienda que prepara Mercadona,2026-03-11 11:01
2026-03-10 00:00:00,"Irán responde a Trump y avisa: ""Nuestros misiles son ahora más potentes que al inicio de la guerra"" - El HuffPost","google_news_es, huffington_es, okdiario",3,3,0.6,45,"Irán responde a Trump y avisa: &quot;Nuestros misiles son ahora más potentes que al inicio de la guerra&quot; | Irán responde a Trump y avisa: ""Nuestros misiles son ahora más potentes que al inicio de la guerra"" - El HuffPost | Irán responde a Trump: «Estamos dispuestos a expandir la guerra, nuestros misiles son ahora más potentes»",2026-03-11 11:01
2026-03-10 12:00:00,Santaolalla abandona 'En boca de todos' con un ataque de ansiedad ante las críticas de Antonio Naranjo,"20minutos, huffington_es, levante_emv",3,5,0.587,44,Santaolalla abandona 'En boca de todos' con un ataque de ansiedad ante las críticas de Antonio Naranjo | Santaolalla abandona 'En boca de todos' con un ataque de ansiedad ante las críticas | Santaolalla abandona 'En boca de todos' con un ataque de ansiedad tras las críticas de Antonio Naranjo e indignada con Nacho Abad | Sarah Santaolalla abandona el plató de &#039;En boca de todos&#039; tras una discusión con Antonio Naranjo | Sarah Santaolalla abandona ‘En boca de todos’ entre lágrimas tras un tenso enfrentamiento con Antonio Naranjo y acusar a Nacho Abad de cómplice,2026-03-11 11:01
2026-03-10 10:00:00,La Velada del Año VI: Illojuan y TheGrefg disputarán el combate estelar del evento de Ibai Llanos,"20minutos, elcorreo, lavanguardia",3,3,0.594,44,'La Velada del Año VI' agota todas sus entradas: otras opciones para acudir al gran evento de Ibai Llanos | Estos son los combates de 'La Velada del Año VI' de Ibai Llanos | La Velada del Año VI: Illojuan y TheGrefg disputarán el combate estelar del evento de Ibai Llanos,2026-03-11 11:01
2026-03-10 12:00:00,El Barça recibe la licencia para ampliar el aforo del Spotify Camp Nou a 62.000 espectadores,"20minutos, elpais, lavanguardia",3,5,0.589,44,El Ayuntamiento de Barcelona concede al Barça la licencia para ampliar el aforo del Camp Nou a 62.000 espectadores | Barcelona concede al Barça la licencia para ampliar el aforo del Camp Nou para 62.000 espectadores | El Camp Nou obtiene la licencia para albergar partidos con 62.000 espectadores | El Barça recibe la licencia para ampliar el aforo del Spotify Camp Nou a 62.000 espectadores | El Ayuntamiento permite ampliar el aforo del Spotify Camp Nou a 62.652 espectadores,2026-03-11 11:01
2026-03-11 08:00:00,Detenido un hombre acusado de provocar el incendio de una vivienda en Miranda de Ebro en el que han muerto tres personas,"elcorreo, eldiario, elmundo, elpais",4,4,0.433,43,"Detenido un hombre acusado de provocar el incendio de una vivienda en Miranda de Ebro en el que han muerto tres personas | Detenido un hombre por la muerte de tres personas en un incendio provocado en Miranda de Ebro (Burgos) | Se entrega el sospechoso del incendio de Miranda en el que han muerto tres personas | Mañueco suspende su agenda electoral para ir a Miranda de Ebro, donde han muerto tres personas en un incendio",2026-03-11 11:01
2026-03-10 10:00:00,El presidente del Consejo Europeo rebate a Von der Leyen: «El mundo debe seguir basándose en reglas»,"elcorreo, elespanol, google_news_es",3,3,0.579,43,"El presidente del Consejo Europeo rebate a Von der Leyen: «El mundo debe seguir basándose en reglas» | Teresa Ribera discrepa de Von der Leyen y avisa: ""Corresponde al Consejo Europeo fijar posición sobre el - LaSexta | El jefe del Consejo Europeo se desmarca de Von der Leyen: ""Nos interesa garantizar que el mundo se base en normas""",2026-03-11 11:01
2026-03-09 10:00:00,Audrey Pascual sigue imparable en los Juegos Paralímpicos y conquista el oro de supergigante,"google_news_es, huffington_es, okdiario",3,3,0.582,43,"Audrey Pascual sigue imparable en los Juegos Paralímpicos y conquista el oro de supergigante | Audrey Pascual, oro en el supergigante de lo Juegos Paralímpicos de Milán-Cortina | Los Reyes celebran el oro de Audrey Pascual en los Juegos Paralímpicos de Invierno - Servimedia",2026-03-11 11:01
2026-03-10 14:00:00,"Muere a los 87 años el escritor peruano Bryce Echenique, uno de los grandes de las letras latinoamericanas","20minutos, elespanol, elpais",3,3,0.583,43,"Muere a los 87 años el escritor peruano Bryce Echenique, uno de los grandes de las letras latinoamericanas | Muere el escritor peruano Alfredo Bryce Echenique, uno de los grandes de las letras latinoamericanas | Muere el escritor peruano Bryce Echenique a los 87 años",2026-03-11 11:01
2026-03-09 10:00:00,"Laporta atiza a Xavi en el debate contra Font: “Con los mismos jugadores, Xavi perdía y Flick gana”","elespanol, lavanguardia, okdiario",3,3,0.576,43,"Laporta atiza a Xavi en el debate contra Font: “Con los mismos jugadores, Xavi perdía y Flick gana” | Laporta responde a Xavi: «Me ha dolido, pero con los mismos jugadores él perdía y Flick gana» | Laporta se enzarza con Víctor Font en el debate electoral y atiza a Xavi: ""Flick gana con los jugadores con los que él perdía""",2026-03-11 11:01
2026-03-10 12:00:00,Vox entierra la Ley de Memoria Democrática de Baleares con el apoyo del PP,"infolibre, lavanguardia, okdiario",3,3,0.564,42,Vox entierra la Ley de Memoria Democrática de Baleares con el apoyo del PP | Vox y PP derogan la Ley de Memoria Democrática de Balears | Prohens liquida la ley de memoria de Baleares y mantiene a salvo su pacto con Vox,2026-03-11 11:01
2026-03-10 10:00:00,"""No hay ninguna casa de los horrores"", dicen las defensas de la pareja acusada de retener a sus hijos cuatro años en Oviedo","20minutos, elconfidencial, eldiario, europapress",4,4,0.42,42,"""No hay ninguna casa de los horrores"", dicen las defensas de la pareja acusada de retener a sus hijos cuatro años en Oviedo | ""No hay casa de los horrores"": la defensa del matrimonio que encerró 4 años a sus hijos | Arranca el juicio de la ‘casa de los horrores’ de Oviedo: la defensa niega que los padres encerraran a sus hijos durante cuatro años | Los abogados de los padres de Fitoria: ""Es una situación muy compleja, pero no hay ninguna casa de los horrores""",2026-03-11 11:01
2026-03-11 06:00:00,Amancio Ortega cobrará este año 3.234 millones en dividendos de Inditex,"expansion, google_news_es, lavanguardia",3,5,0.555,41,"Amancio Ortega cobrará este año 3.234 millones en dividendos de Inditex | Amancio Ortega cobrará este año 3.234 millones en dividendos de Inditex - La Vanguardia | Inditex eleva un 4,2% el dividendo y Amancio Ortega cobrará 3.233 millones este año | Amancio Ortega recibirá este año 3.234 millones en dividendos de Inditex, que eleva un 4,1% la retribución - Europa Press | Amancio Ortega percibirá 3.234 millones en dividendos de Inditex tras elevar un 4,1% la retribución - democrata.es",2026-03-11 11:01
2026-03-10 18:00:00,"Champions League: Newcastle - FC Barcelona, en directo","elespanol, google_news_es, levante_emv",3,3,0.553,41,"Champions League: Newcastle - FC Barcelona, en directo | Newcastle - FC Barcelona, en directo hoy la ida de octavos de final de la Champions - RTVE.es | Newcastle - FC Barcelona, en directo la Champions League: resultado, goleadores y estadísticas en vivo",2026-03-11 11:01
2026-03-09 20:00:00,"Bonoloto: comprobar el resultado del sorteo de hoy, lunes 9 de marzo de 2026","google_news_es, levante_emv, okdiario",3,3,0.536,40,"Sorteo Bonoloto del lunes 9 de marzo de 2026 | Bonoloto: comprobar el resultado del sorteo de hoy, lunes 9 de marzo de 2026 | Bonoloto: Comprobar resultados del sorteo de hoy lunes 9 de marzo de 2026 - La Verdad",2026-03-11 11:01
2026-03-11 08:00:00,"Bam Adebayo mete 83 puntos, segunda mejor anotación en la historia de la NBA","eldiario, elpais, okdiario",3,3,0.54,40,"Bam Adebayo anota la segunda marca anotadora más alta en la historia de la NBA: ¡83 puntos! | La segunda mejor marca anotadora de la NBA: Bam Adebayo mete 83 puntos y supera a Kobe Bryant | Bam Adebayo mete 83 puntos, segunda mejor anotación en la historia de la NBA",2026-03-11 11:01
2026-03-09 10:00:00,"El 53% de la población española de 60 a 64 años trabajó durante 2025, la cifra más alta desde 1970","expansion, lavanguardia, okdiario",3,4,0.543,40,"La tasa de ocupación de 60 a 64 años es la más alta desde 1970, pero sigue por debajo de la europea | El 53% de la población española de 60 a 64 años trabajó durante 2025, la cifra más alta desde 1970 | El Gobierno se carga las prejubilaciones: la cifra de ocupados entre 60 y 64 años toca máximos desde 1970 | Más de la mitad de las personas de 60 a 64 años trabajaban en 2025, máximos desde 1970",2026-03-11 11:01
2026-03-09 06:00:00,El precio del petróleo se dispara por encima de los 100 dólares por la guerra en Irán - RTVE.es,"20minutos, expansion, google_news_es",3,3,0.528,39,El precio del petróleo se dispara por encima de los 100 dólares por la guerra en Irán - RTVE.es | El petróleo se dispara por encima de 100 dólares y castiga las Bolsas | El miedo a una crisis energética por la guerra en Irán dispara el precio del petróleo a 100 dólares y catapulta el del gas,2026-03-11 11:01
2026-03-09 14:00:00,Macron anuncia una misión de carácter &quot;defensivo&quot; internacional para abrir el estrecho de Ormuz,"elespanol, heraldo_aragon, huffington_es",3,3,0.516,38,Macron anuncia una misión &quot;puramente defensiva&quot; para reabrir el estrecho de Ormuz en plena crisis con Irán por el petróleo | Macron anuncia una misión conjunta internacional para proteger a los petroleros y reabrir el estrecho de Ormuz | Macron anuncia una misión de carácter &quot;defensivo&quot; internacional para abrir el estrecho de Ormuz,2026-03-11 11:01
2026-03-09 16:00:00,El petróleo se dispara a 100 dólares y castiga las Bolsas,"elcorreo, europapress, expansion",3,3,0.51,38,El petróleo se desboca al entorno de los 100 dólares y desata el miedo a más inflación y subidas de tipos | El petróleo se dispara a 100 dólares y castiga las Bolsas | El barril de petróleo se desinfla y baja de 100 dólares tras el G7,2026-03-11 11:01
2026-03-11 04:00:00,Von der Leyen duda de Europa,"20minutos, elpais, heraldo_aragon",3,3,0.509,38,Von der Leyen duda de Europa | La guerra acaba con el idilio político entre Sánchez y Von der Leyen | Bruselas subraya el compromiso de Von der Leyen con las normas internacionales tras la crítica por su discurso y por opacar a Kallas,2026-03-11 11:01
2026-03-11 06:00:00,Alcaraz - Ruud: horario y dónde ver el partido de octavos de final de Indian Wells 2026 por TV,"eldiario, lavanguardia, okdiario",3,3,0.516,38,Alcaraz - Ruud: horario y dónde ver el partido de octavos de final de Indian Wells 2026 por TV | Carlos Alcaraz - Casper Ruud: dónde y cuándo ver el partido del español en el Masters 1000 de Indian Wells | A qué hora juega Carlos Alcaraz – Ruud en el partido de octavos de Indian Wells 2026 y dónde ver gratis en directo y por televisión,2026-03-11 11:01
2026-03-08 18:00:00,El número dos de Nuevas Generaciones del PP se da de baja como afiliado y ahora pide el voto para Vox,"20minutos, eldiario, elmundo",3,3,0.5,37,"El número dos de Nuevas Generaciones del PP se da de baja como afiliado y ahora pide el voto para Vox | Dimite el 'número dos' de Nuevas Generaciones del PP y pide el voto para Vox | El secretario general de Nuevas Generaciones dimite, pide el voto para Vox y se da de baja del PP",2026-03-11 11:01
2026-03-09 18:00:00,"Guerra de Irán, última hora, en directo | Trump asegura que la guerra de Irán está ""prácticamente terminada"": ""Vamos muy por delante de lo previsto""","elcorreo, elespanol, elpais",3,3,0.499,37,"Última hora de la Guerra en Oriente Medio: Trump considera que la guerra en Irán está «prácticamente terminada» | Última hora del ataque de EE UU e Israel contra Irán, en directo | Trump dice que la guerra en Irán está “prácticamente terminada” | Guerra de Irán, última hora, en directo | Trump asegura que la guerra de Irán está ""prácticamente terminada"": ""Vamos muy por delante de lo previsto""",2026-03-11 11:01
2026-03-11 06:00:00,Inditex bate su propio récord al cerrar 2025 con un beneficio de 6.220 millones de euros,"elmundo, infolibre, okdiario",3,3,0.493,36,Inditex bate su propio récord al cerrar 2025 con un beneficio de 6.220 millones de euros | Inditex bate récords por cuarto año consecutivo con un beneficio de 6.220 millones de euros | Inditex aumenta su beneficio un 6% en 2025 y gana un récord de  6.220 millones de euros,2026-03-11 11:01
2026-03-10 20:00:00,Sorteo Euromillones del martes 10 de marzo de 2026,"elcorreo, elpais, levante_emv",3,4,0.48,36,Sorteo Euromillones del martes 10 de marzo de 2026 | Euromillones: comprobar sorteo del martes 10 de marzo | Sorteo Bonoloto del martes 10 de marzo de 2026 | El Euromillones del martes: comprobar resultados del 10 de marzo,2026-03-11 11:01
2026-03-11 04:00:00,La guerra encarecerá la cesta de la compra en cuestión de semanas - ABC,"20minutos, elpais, google_news_es",3,3,0.474,35,La guerra encarecerá la cesta de la compra en cuestión de semanas - ABC | La guerra con lenguaje sagrado | Escudos contra la guerra,2026-03-11 11:01
2026-03-08 20:00:00,"Bonoloto: comprobar el resultado del sorteo de hoy, domingo 8 de marzo de 2026","google_news_es, levante_emv, okdiario",3,4,0.475,35,"Bonoloto: comprobar el resultado del sorteo de hoy, domingo 8 de marzo de 2026 | Comprobar El Gordo de la Primitiva hoy: resultado y números premiados del sorteo hoy, domingo 8 de marzo de 2026 | Sorteo Bonoloto del domingo 8 de marzo de 2026 | Bonoloto: Comprueba el resultado del sorteo de hoy domingo 8 de marzo de 2026 - La Razón",2026-03-11 11:01
2026-03-11 08:00:00,"Sánchez anuncia 'Hodio', una herramienta para rastrear la huella de los discursos de odio en redes","20minutos, europapress, infolibre",3,3,0.433,32,"Sánchez anuncia 'Hodio', una herramienta para rastrear la huella de los discursos de odio en redes | Sánchez lanza HODIO, una herramienta para monitorear la crispación y la ""huella del odio"" en redes | Sánchez anuncia la puesta en marcha de la herramienta 'Hodio' para medir el alcance de los discursos de odio en redes",2026-03-11 11:01
2026-03-10 16:00:00,El Supremo confirma la condena de 26 años de prisión a un hombre que asesinó a su exmujer delante de su hijo de seis años,"20minutos, google_news_es, heraldo_aragon",3,3,0.425,31,El Supremo confirma la condena de 26 años de prisión a un hombre que asesinó a su exmujer delante de su hijo de seis años | El Supremo confirma la pena para el que mató a su exmujer delante de su hijo | El Supremo confirma 26 años de cárcel al hombre que asesinó a su expareja frente a su hijo en Villanueva de Gállego - RTVE.es,2026-03-11 11:01
2026-03-10 18:00:00,Directo | Newcastle - Barça,"20minutos, elcorreo, lavanguardia",3,3,0.412,30,Directo | Newcastle - Barça | Araújo es la gran novedad del Newcastle-Barça por un Eric Garcia con molestias | Intercambio de ocasiones entre Newcastle y Barça: partidazo igualadísimo,2026-03-11 11:01
