source,count,alignment,alignment_score,last_update,cycle
20minutos,221,Contra-Gobierno,-0.07,2026-03-06 22:29,2026-03-06 22:29
heraldo_aragon,184,Contra-Gobierno,-0.11,2026-03-06 22:29,2026-03-06 22:29
lavanguardia,157,Contra-Gobierno,-0.08,2026-03-06 22:29,2026-03-06 22:29
elpais,152,Contra-Gobierno,-0.08,2026-03-06 22:29,2026-03-06 22:29
eldiario,107,Contra-Gobierno,-0.16,2026-03-06 22:29,2026-03-06 22:29
google_news_politica,100,Pro-Gobierno,0.22,2026-03-06 22:29,2026-03-06 22:29
expansion,80,Pro-Gobierno,0.06,2026-03-06 22:29,2026-03-06 22:29
infolibre,72,Pro-Gobierno,0.14,2026-03-06 22:29,2026-03-06 22:29
cinco_dias,69,Pro-Gobierno,0.04,2026-03-06 22:29,2026-03-06 22:29
bbc_mundo,54,Pro-Gobierno,0.07,2026-03-06 22:29,2026-03-06 22:29
okdiario,50,Contra-Gobierno,-0.18,2026-03-06 22:29,2026-03-06 22:29
maldita,50,Neutral,0.0,2026-03-06 22:29,2026-03-06 22:29
elmundo_espana,49,Neutral,0.0,2026-03-06 22:29,2026-03-06 22:29
google_news_es,46,Contra-Gobierno,-0.1,2026-03-06 22:29,2026-03-06 22:29
elmundo_internacional,34,Contra-Gobierno,-0.08,2026-03-06 22:29,2026-03-06 22:29
elespanol,30,Contra-Gobierno,-0.19,2026-03-06 22:29,2026-03-06 22:29
elmundo,26,Pro-Gobierno,0.12,2026-03-06 22:29,2026-03-06 22:29
vozpopuli,25,Neutral,0.0,2026-03-06 22:29,2026-03-06 22:29
france24_es,25,Contra-Gobierno,-0.07,2026-03-06 22:29,2026-03-06 22:29
levante_emv,21,Contra-Gobierno,-0.21,2026-03-06 22:29,2026-03-06 22:29
elpais_internacional,18,Neutral,0.0,2026-03-06 22:29,2026-03-06 22:29
elconfidencial,15,Contra-Gobierno,-0.27,2026-03-06 22:29,2026-03-06 22:29
newtral,10,Pro-Gobierno,0.11,2026-03-06 22:29,2026-03-06 22:29
europapress,10,Contra-Gobierno,-0.2,2026-03-06 22:29,2026-03-06 22:29
abc,1,Neutral,0.0,2026-03-06 22:29,2026-03-06 22:29
20minutos,222,Contra-Gobierno,-0.07,2026-03-06 22:38,2026-03-06 22:38
heraldo_aragon,187,Contra-Gobierno,-0.11,2026-03-06 22:38,2026-03-06 22:38
lavanguardia,157,Contra-Gobierno,-0.08,2026-03-06 22:38,2026-03-06 22:38
elpais,152,Contra-Gobierno,-0.08,2026-03-06 22:38,2026-03-06 22:38
eldiario,107,Contra-Gobierno,-0.16,2026-03-06 22:38,2026-03-06 22:38
google_news_politica,101,Pro-Gobierno,0.23,2026-03-06 22:38,2026-03-06 22:38
expansion,80,Pro-Gobierno,0.06,2026-03-06 22:38,2026-03-06 22:38
infolibre,72,Pro-Gobierno,0.14,2026-03-06 22:38,2026-03-06 22:38
cinco_dias,69,Pro-Gobierno,0.04,2026-03-06 22:38,2026-03-06 22:38
bbc_mundo,54,Pro-Gobierno,0.07,2026-03-06 22:38,2026-03-06 22:38
okdiario,50,Contra-Gobierno,-0.18,2026-03-06 22:38,2026-03-06 22:38
maldita,50,Neutral,0.0,2026-03-06 22:38,2026-03-06 22:38
elmundo_espana,49,Neutral,0.0,2026-03-06 22:38,2026-03-06 22:38
google_news_es,47,Contra-Gobierno,-0.1,2026-03-06 22:38,2026-03-06 22:38
elmundo_internacional,34,Contra-Gobierno,-0.08,2026-03-06 22:38,2026-03-06 22:38
elespanol,30,Contra-Gobierno,-0.19,2026-03-06 22:38,2026-03-06 22:38
elmundo,26,Pro-Gobierno,0.12,2026-03-06 22:38,2026-03-06 22:38
vozpopuli,25,Neutral,0.0,2026-03-06 22:38,2026-03-06 22:38
france24_es,25,Contra-Gobierno,-0.07,2026-03-06 22:38,2026-03-06 22:38
levante_emv,21,Contra-Gobierno,-0.21,2026-03-06 22:38,2026-03-06 22:38
elpais_internacional,18,Neutral,0.0,2026-03-06 22:38,2026-03-06 22:38
elconfidencial,15,Contra-Gobierno,-0.27,2026-03-06 22:38,2026-03-06 22:38
newtral,10,Pro-Gobierno,0.11,2026-03-06 22:38,2026-03-06 22:38
europapress,10,Contra-Gobierno,-0.2,2026-03-06 22:38,2026-03-06 22:38
abc,1,Neutral,0.0,2026-03-06 22:38,2026-03-06 22:38
20minutos,222,Contra-Gobierno,-0.07,2026-03-06 22:42,2026-03-06 22:42
heraldo_aragon,188,Contra-Gobierno,-0.11,2026-03-06 22:42,2026-03-06 22:42
lavanguardia,157,Contra-Gobierno,-0.08,2026-03-06 22:42,2026-03-06 22:42
elpais,152,Contra-Gobierno,-0.08,2026-03-06 22:42,2026-03-06 22:42
eldiario,107,Contra-Gobierno,-0.16,2026-03-06 22:42,2026-03-06 22:42
google_news_politica,101,Pro-Gobierno,0.23,2026-03-06 22:42,2026-03-06 22:42
expansion,80,Pro-Gobierno,0.06,2026-03-06 22:42,2026-03-06 22:42
infolibre,72,Pro-Gobierno,0.14,2026-03-06 22:42,2026-03-06 22:42
cinco_dias,69,Pro-Gobierno,0.04,2026-03-06 22:42,2026-03-06 22:42
bbc_mundo,54,Pro-Gobierno,0.07,2026-03-06 22:42,2026-03-06 22:42
google_news_es,51,Neutral,0.0,2026-03-06 22:42,2026-03-06 22:42
okdiario,50,Contra-Gobierno,-0.18,2026-03-06 22:42,2026-03-06 22:42
maldita,50,Neutral,0.0,2026-03-06 22:42,2026-03-06 22:42
elmundo_espana,49,Neutral,0.0,2026-03-06 22:42,2026-03-06 22:42
elmundo_internacional,34,Contra-Gobierno,-0.08,2026-03-06 22:42,2026-03-06 22:42
elespanol,30,Contra-Gobierno,-0.19,2026-03-06 22:42,2026-03-06 22:42
france24_es,28,Contra-Gobierno,-0.06,2026-03-06 22:42,2026-03-06 22:42
elmundo,26,Pro-Gobierno,0.12,2026-03-06 22:42,2026-03-06 22:42
vozpopuli,25,Neutral,0.0,2026-03-06 22:42,2026-03-06 22:42
levante_emv,23,Contra-Gobierno,-0.24,2026-03-06 22:42,2026-03-06 22:42
elpais_internacional,18,Neutral,0.0,2026-03-06 22:42,2026-03-06 22:42
elconfidencial,15,Contra-Gobierno,-0.27,2026-03-06 22:42,2026-03-06 22:42
newtral,10,Pro-Gobierno,0.11,2026-03-06 22:42,2026-03-06 22:42
europapress,10,Contra-Gobierno,-0.2,2026-03-06 22:42,2026-03-06 22:42
abc,1,Neutral,0.0,2026-03-06 22:42,2026-03-06 22:42
20minutos,223,Contra-Gobierno,-0.07,2026-03-06 22:56,2026-03-06 22:56
heraldo_aragon,190,Contra-Gobierno,-0.11,2026-03-06 22:56,2026-03-06 22:56
lavanguardia,157,Contra-Gobierno,-0.08,2026-03-06 22:56,2026-03-06 22:56
elpais,152,Contra-Gobierno,-0.08,2026-03-06 22:56,2026-03-06 22:56
eldiario,107,Contra-Gobierno,-0.16,2026-03-06 22:56,2026-03-06 22:56
google_news_politica,102,Pro-Gobierno,0.23,2026-03-06 22:56,2026-03-06 22:56
expansion,80,Pro-Gobierno,0.06,2026-03-06 22:56,2026-03-06 22:56
infolibre,72,Pro-Gobierno,0.14,2026-03-06 22:56,2026-03-06 22:56
cinco_dias,69,Pro-Gobierno,0.04,2026-03-06 22:56,2026-03-06 22:56
google_news_es,57,Neutral,0.0,2026-03-06 22:56,2026-03-06 22:56
bbc_mundo,56,Pro-Gobierno,0.07,2026-03-06 22:56,2026-03-06 22:56
okdiario,51,Contra-Gobierno,-0.2,2026-03-06 22:56,2026-03-06 22:56
maldita,50,Neutral,0.0,2026-03-06 22:56,2026-03-06 22:56
elmundo_espana,49,Neutral,0.0,2026-03-06 22:56,2026-03-06 22:56
elmundo_internacional,34,Contra-Gobierno,-0.08,2026-03-06 22:56,2026-03-06 22:56
elespanol,30,Contra-Gobierno,-0.19,2026-03-06 22:56,2026-03-06 22:56
france24_es,28,Contra-Gobierno,-0.06,2026-03-06 22:56,2026-03-06 22:56
elmundo,26,Pro-Gobierno,0.12,2026-03-06 22:56,2026-03-06 22:56
vozpopuli,25,Neutral,0.0,2026-03-06 22:56,2026-03-06 22:56
levante_emv,24,Contra-Gobierno,-0.24,2026-03-06 22:56,2026-03-06 22:56
elpais_internacional,18,Neutral,0.0,2026-03-06 22:56,2026-03-06 22:56
elconfidencial,15,Contra-Gobierno,-0.27,2026-03-06 22:56,2026-03-06 22:56
europapress,11,Contra-Gobierno,-0.24,2026-03-06 22:56,2026-03-06 22:56
newtral,10,Pro-Gobierno,0.11,2026-03-06 22:56,2026-03-06 22:56
abc,1,Neutral,0.0,2026-03-06 22:56,2026-03-06 22:56
20minutos,223,Contra-Gobierno,-0.07,2026-03-06 23:03,2026-03-06 23:03
heraldo_aragon,193,Contra-Gobierno,-0.1,2026-03-06 23:03,2026-03-06 23:03
lavanguardia,158,Contra-Gobierno,-0.08,2026-03-06 23:03,2026-03-06 23:03
elpais,153,Contra-Gobierno,-0.08,2026-03-06 23:03,2026-03-06 23:03
eldiario,107,Contra-Gobierno,-0.16,2026-03-06 23:03,2026-03-06 23:03
google_news_politica,102,Pro-Gobierno,0.23,2026-03-06 23:03,2026-03-06 23:03
expansion,81,Pro-Gobierno,0.06,2026-03-06 23:03,2026-03-06 23:03
infolibre,72,Pro-Gobierno,0.14,2026-03-06 23:03,2026-03-06 23:03
cinco_dias,69,Pro-Gobierno,0.04,2026-03-06 23:03,2026-03-06 23:03
google_news_es,59,Neutral,0.0,2026-03-06 23:03,2026-03-06 23:03
bbc_mundo,56,Pro-Gobierno,0.07,2026-03-06 23:03,2026-03-06 23:03
okdiario,51,Contra-Gobierno,-0.2,2026-03-06 23:03,2026-03-06 23:03
maldita,50,Neutral,0.0,2026-03-06 23:03,2026-03-06 23:03
elmundo_espana,49,Neutral,0.0,2026-03-06 23:03,2026-03-06 23:03
elmundo_internacional,34,Contra-Gobierno,-0.08,2026-03-06 23:03,2026-03-06 23:03
elespanol,30,Contra-Gobierno,-0.19,2026-03-06 23:03,2026-03-06 23:03
france24_es,28,Contra-Gobierno,-0.06,2026-03-06 23:03,2026-03-06 23:03
elmundo,26,Pro-Gobierno,0.12,2026-03-06 23:03,2026-03-06 23:03
levante_emv,25,Contra-Gobierno,-0.22,2026-03-06 23:03,2026-03-06 23:03
vozpopuli,25,Neutral,0.0,2026-03-06 23:03,2026-03-06 23:03
elpais_internacional,18,Neutral,0.0,2026-03-06 23:03,2026-03-06 23:03
elconfidencial,15,Contra-Gobierno,-0.27,2026-03-06 23:03,2026-03-06 23:03
europapress,11,Contra-Gobierno,-0.24,2026-03-06 23:03,2026-03-06 23:03
newtral,10,Pro-Gobierno,0.11,2026-03-06 23:03,2026-03-06 23:03
abc,1,Neutral,0.0,2026-03-06 23:03,2026-03-06 23:03
20minutos,225,Contra-Gobierno,-0.07,2026-03-06 23:31,2026-03-06 23:31
heraldo_aragon,197,Contra-Gobierno,-0.1,2026-03-06 23:31,2026-03-06 23:31
lavanguardia,158,Contra-Gobierno,-0.08,2026-03-06 23:31,2026-03-06 23:31
elpais,155,Contra-Gobierno,-0.09,2026-03-06 23:31,2026-03-06 23:31
eldiario,107,Contra-Gobierno,-0.16,2026-03-06 23:31,2026-03-06 23:31
google_news_politica,102,Pro-Gobierno,0.23,2026-03-06 23:31,2026-03-06 23:31
expansion,82,Pro-Gobierno,0.05,2026-03-06 23:31,2026-03-06 23:31
infolibre,72,Pro-Gobierno,0.14,2026-03-06 23:31,2026-03-06 23:31
cinco_dias,69,Pro-Gobierno,0.04,2026-03-06 23:31,2026-03-06 23:31
google_news_es,63,Neutral,0.0,2026-03-06 23:31,2026-03-06 23:31
bbc_mundo,56,Pro-Gobierno,0.07,2026-03-06 23:31,2026-03-06 23:31
okdiario,53,Contra-Gobierno,-0.2,2026-03-06 23:31,2026-03-06 23:31
maldita,50,Neutral,0.0,2026-03-06 23:31,2026-03-06 23:31
elmundo_espana,49,Neutral,0.0,2026-03-06 23:31,2026-03-06 23:31
elmundo_internacional,34,Contra-Gobierno,-0.08,2026-03-06 23:31,2026-03-06 23:31
levante_emv,32,Contra-Gobierno,-0.22,2026-03-06 23:31,2026-03-06 23:31
elespanol,31,Contra-Gobierno,-0.19,2026-03-06 23:31,2026-03-06 23:31
elmundo,28,Pro-Gobierno,0.12,2026-03-06 23:31,2026-03-06 23:31
france24_es,28,Contra-Gobierno,-0.06,2026-03-06 23:31,2026-03-06 23:31
vozpopuli,25,Neutral,0.0,2026-03-06 23:31,2026-03-06 23:31
elpais_internacional,18,Neutral,0.0,2026-03-06 23:31,2026-03-06 23:31
elconfidencial,15,Contra-Gobierno,-0.27,2026-03-06 23:31,2026-03-06 23:31
europapress,11,Contra-Gobierno,-0.24,2026-03-06 23:31,2026-03-06 23:31
newtral,10,Pro-Gobierno,0.11,2026-03-06 23:31,2026-03-06 23:31
abc,1,Neutral,0.0,2026-03-06 23:31,2026-03-06 23:31
20minutos,225,Contra-Gobierno,-0.07,2026-03-07 00:01,2026-03-07 00:01
heraldo_aragon,201,Contra-Gobierno,-0.1,2026-03-07 00:01,2026-03-07 00:01
lavanguardia,159,Contra-Gobierno,-0.08,2026-03-07 00:01,2026-03-07 00:01
elpais,156,Contra-Gobierno,-0.09,2026-03-07 00:01,2026-03-07 00:01
eldiario,107,Contra-Gobierno,-0.16,2026-03-07 00:01,2026-03-07 00:01
google_news_politica,102,Pro-Gobierno,0.23,2026-03-07 00:01,2026-03-07 00:01
expansion,82,Pro-Gobierno,0.05,2026-03-07 00:01,2026-03-07 00:01
infolibre,72,Pro-Gobierno,0.14,2026-03-07 00:01,2026-03-07 00:01
google_news_es,71,Neutral,0.0,2026-03-07 00:01,2026-03-07 00:01
cinco_dias,69,Pro-Gobierno,0.04,2026-03-07 00:01,2026-03-07 00:01
bbc_mundo,56,Pro-Gobierno,0.07,2026-03-07 00:01,2026-03-07 00:01
okdiario,55,Contra-Gobierno,-0.19,2026-03-07 00:01,2026-03-07 00:01
maldita,50,Neutral,0.0,2026-03-07 00:01,2026-03-07 00:01
elmundo_espana,49,Neutral,0.0,2026-03-07 00:01,2026-03-07 00:01
elmundo_internacional,34,Contra-Gobierno,-0.08,2026-03-07 00:01,2026-03-07 00:01
levante_emv,33,Contra-Gobierno,-0.22,2026-03-07 00:01,2026-03-07 00:01
elespanol,31,Contra-Gobierno,-0.19,2026-03-07 00:01,2026-03-07 00:01
france24_es,30,Contra-Gobierno,-0.06,2026-03-07 00:01,2026-03-07 00:01
elmundo,28,Pro-Gobierno,0.12,2026-03-07 00:01,2026-03-07 00:01
vozpopuli,25,Neutral,0.0,2026-03-07 00:01,2026-03-07 00:01
elpais_internacional,18,Neutral,0.0,2026-03-07 00:01,2026-03-07 00:01
elconfidencial,15,Contra-Gobierno,-0.27,2026-03-07 00:01,2026-03-07 00:01
europapress,11,Contra-Gobierno,-0.24,2026-03-07 00:01,2026-03-07 00:01
newtral,10,Pro-Gobierno,0.11,2026-03-07 00:01,2026-03-07 00:01
abc,1,Neutral,0.0,2026-03-07 00:01,2026-03-07 00:01
20minutos,226,Contra-Gobierno,-0.07,2026-03-07 00:31,2026-03-07 00:31
heraldo_aragon,204,Contra-Gobierno,-0.1,2026-03-07 00:31,2026-03-07 00:31
lavanguardia,160,Contra-Gobierno,-0.08,2026-03-07 00:31,2026-03-07 00:31
elpais,157,Contra-Gobierno,-0.1,2026-03-07 00:31,2026-03-07 00:31
eldiario,107,Contra-Gobierno,-0.16,2026-03-07 00:31,2026-03-07 00:31
google_news_politica,105,Pro-Gobierno,0.24,2026-03-07 00:31,2026-03-07 00:31
expansion,83,Pro-Gobierno,0.05,2026-03-07 00:31,2026-03-07 00:31
google_news_es,76,Neutral,0.0,2026-03-07 00:31,2026-03-07 00:31
infolibre,72,Pro-Gobierno,0.14,2026-03-07 00:31,2026-03-07 00:31
cinco_dias,69,Pro-Gobierno,0.04,2026-03-07 00:31,2026-03-07 00:31
elmundo_espana,58,Contra-Gobierno,-0.19,2026-03-07 00:31,2026-03-07 00:31
bbc_mundo,57,Pro-Gobierno,0.07,2026-03-07 00:31,2026-03-07 00:31
okdiario,55,Contra-Gobierno,-0.19,2026-03-07 00:31,2026-03-07 00:31
maldita,50,Neutral,0.0,2026-03-07 00:31,2026-03-07 00:31
elmundo_internacional,40,Neutral,0.0,2026-03-07 00:31,2026-03-07 00:31
levante_emv,34,Contra-Gobierno,-0.21,2026-03-07 00:31,2026-03-07 00:31
elespanol,31,Contra-Gobierno,-0.19,2026-03-07 00:31,2026-03-07 00:31
france24_es,30,Contra-Gobierno,-0.06,2026-03-07 00:31,2026-03-07 00:31
elmundo,28,Pro-Gobierno,0.12,2026-03-07 00:31,2026-03-07 00:31
vozpopuli,25,Neutral,0.0,2026-03-07 00:31,2026-03-07 00:31
elpais_internacional,18,Neutral,0.0,2026-03-07 00:31,2026-03-07 00:31
elconfidencial,15,Contra-Gobierno,-0.27,2026-03-07 00:31,2026-03-07 00:31
europapress,11,Contra-Gobierno,-0.24,2026-03-07 00:31,2026-03-07 00:31
newtral,10,Pro-Gobierno,0.11,2026-03-07 00:31,2026-03-07 00:31
abc,1,Neutral,0.0,2026-03-07 00:31,2026-03-07 00:31
20minutos,226,Contra-Gobierno,-0.07,2026-03-07 01:01,2026-03-07 01:01
heraldo_aragon,204,Contra-Gobierno,-0.1,2026-03-07 01:01,2026-03-07 01:01
lavanguardia,175,Contra-Gobierno,-0.07,2026-03-07 01:01,2026-03-07 01:01
elpais,158,Contra-Gobierno,-0.09,2026-03-07 01:01,2026-03-07 01:01
google_news_politica,114,Pro-Gobierno,0.25,2026-03-07 01:01,2026-03-07 01:01
eldiario,107,Contra-Gobierno,-0.16,2026-03-07 01:01,2026-03-07 01:01
expansion,105,Pro-Gobierno,0.04,2026-03-07 01:01,2026-03-07 01:01
google_news_es,79,Neutral,0.0,2026-03-07 01:01,2026-03-07 01:01
infolibre,72,Pro-Gobierno,0.14,2026-03-07 01:01,2026-03-07 01:01
cinco_dias,69,Pro-Gobierno,0.04,2026-03-07 01:01,2026-03-07 01:01
elmundo_espana,58,Contra-Gobierno,-0.19,2026-03-07 01:01,2026-03-07 01:01
okdiario,57,Contra-Gobierno,-0.18,2026-03-07 01:01,2026-03-07 01:01
bbc_mundo,57,Pro-Gobierno,0.07,2026-03-07 01:01,2026-03-07 01:01
maldita,50,Neutral,0.0,2026-03-07 01:01,2026-03-07 01:01
elmundo_internacional,40,Neutral,0.0,2026-03-07 01:01,2026-03-07 01:01
levante_emv,35,Contra-Gobierno,-0.21,2026-03-07 01:01,2026-03-07 01:01
elespanol,31,Contra-Gobierno,-0.19,2026-03-07 01:01,2026-03-07 01:01
france24_es,30,Contra-Gobierno,-0.06,2026-03-07 01:01,2026-03-07 01:01
elmundo,28,Pro-Gobierno,0.12,2026-03-07 01:01,2026-03-07 01:01
vozpopuli,25,Neutral,0.0,2026-03-07 01:01,2026-03-07 01:01
elpais_internacional,19,Neutral,0.0,2026-03-07 01:01,2026-03-07 01:01
elconfidencial,15,Contra-Gobierno,-0.27,2026-03-07 01:01,2026-03-07 01:01
europapress,11,Contra-Gobierno,-0.24,2026-03-07 01:01,2026-03-07 01:01
newtral,10,Pro-Gobierno,0.11,2026-03-07 01:01,2026-03-07 01:01
abc,1,Neutral,0.0,2026-03-07 01:01,2026-03-07 01:01
20minutos,226,Contra-Gobierno,-0.07,2026-03-07 01:31,2026-03-07 01:31
heraldo_aragon,204,Contra-Gobierno,-0.1,2026-03-07 01:31,2026-03-07 01:31
lavanguardia,176,Contra-Gobierno,-0.08,2026-03-07 01:31,2026-03-07 01:31
elpais,159,Contra-Gobierno,-0.09,2026-03-07 01:31,2026-03-07 01:31
google_news_politica,127,Pro-Gobierno,0.25,2026-03-07 01:31,2026-03-07 01:31
eldiario,107,Contra-Gobierno,-0.16,2026-03-07 01:31,2026-03-07 01:31
expansion,105,Pro-Gobierno,0.04,2026-03-07 01:31,2026-03-07 01:31
google_news_es,82,Neutral,0.0,2026-03-07 01:31,2026-03-07 01:31
infolibre,72,Pro-Gobierno,0.14,2026-03-07 01:31,2026-03-07 01:31
cinco_dias,69,Pro-Gobierno,0.04,2026-03-07 01:31,2026-03-07 01:31
elmundo_espana,58,Contra-Gobierno,-0.19,2026-03-07 01:31,2026-03-07 01:31
okdiario,57,Contra-Gobierno,-0.18,2026-03-07 01:31,2026-03-07 01:31
bbc_mundo,57,Pro-Gobierno,0.07,2026-03-07 01:31,2026-03-07 01:31
maldita,50,Neutral,0.0,2026-03-07 01:31,2026-03-07 01:31
elmundo_internacional,40,Neutral,0.0,2026-03-07 01:31,2026-03-07 01:31
levante_emv,36,Contra-Gobierno,-0.21,2026-03-07 01:31,2026-03-07 01:31
elespanol,32,Contra-Gobierno,-0.18,2026-03-07 01:31,2026-03-07 01:31
france24_es,31,Contra-Gobierno,-0.05,2026-03-07 01:31,2026-03-07 01:31
elmundo,29,Pro-Gobierno,0.12,2026-03-07 01:31,2026-03-07 01:31
vozpopuli,25,Neutral,0.0,2026-03-07 01:31,2026-03-07 01:31
elpais_internacional,19,Neutral,0.0,2026-03-07 01:31,2026-03-07 01:31
elconfidencial,15,Contra-Gobierno,-0.27,2026-03-07 01:31,2026-03-07 01:31
europapress,11,Contra-Gobierno,-0.24,2026-03-07 01:31,2026-03-07 01:31
newtral,10,Pro-Gobierno,0.11,2026-03-07 01:31,2026-03-07 01:31
abc,1,Neutral,0.0,2026-03-07 01:31,2026-03-07 01:31
20minutos,226,Contra-Gobierno,-0.07,2026-03-07 02:01,2026-03-07 02:01
heraldo_aragon,204,Contra-Gobierno,-0.1,2026-03-07 02:01,2026-03-07 02:01
lavanguardia,176,Contra-Gobierno,-0.08,2026-03-07 02:01,2026-03-07 02:01
elpais,159,Contra-Gobierno,-0.09,2026-03-07 02:01,2026-03-07 02:01
google_news_politica,127,Pro-Gobierno,0.25,2026-03-07 02:01,2026-03-07 02:01
eldiario,107,Contra-Gobierno,-0.16,2026-03-07 02:01,2026-03-07 02:01
expansion,105,Pro-Gobierno,0.04,2026-03-07 02:01,2026-03-07 02:01
google_news_es,88,Neutral,0.0,2026-03-07 02:01,2026-03-07 02:01
infolibre,72,Pro-Gobierno,0.14,2026-03-07 02:01,2026-03-07 02:01
cinco_dias,69,Pro-Gobierno,0.04,2026-03-07 02:01,2026-03-07 02:01
elmundo_espana,58,Contra-Gobierno,-0.19,2026-03-07 02:01,2026-03-07 02:01
okdiario,57,Contra-Gobierno,-0.18,2026-03-07 02:01,2026-03-07 02:01
bbc_mundo,57,Pro-Gobierno,0.07,2026-03-07 02:01,2026-03-07 02:01
maldita,50,Neutral,0.0,2026-03-07 02:01,2026-03-07 02:01
elmundo_internacional,40,Neutral,0.0,2026-03-07 02:01,2026-03-07 02:01
levante_emv,36,Contra-Gobierno,-0.21,2026-03-07 02:01,2026-03-07 02:01
elespanol,33,Contra-Gobierno,-0.17,2026-03-07 02:01,2026-03-07 02:01
france24_es,33,Contra-Gobierno,-0.05,2026-03-07 02:01,2026-03-07 02:01
elmundo,29,Pro-Gobierno,0.12,2026-03-07 02:01,2026-03-07 02:01
vozpopuli,25,Neutral,0.0,2026-03-07 02:01,2026-03-07 02:01
elpais_internacional,19,Neutral,0.0,2026-03-07 02:01,2026-03-07 02:01
elconfidencial,15,Contra-Gobierno,-0.27,2026-03-07 02:01,2026-03-07 02:01
europapress,11,Contra-Gobierno,-0.24,2026-03-07 02:01,2026-03-07 02:01
newtral,10,Pro-Gobierno,0.11,2026-03-07 02:01,2026-03-07 02:01
abc,1,Neutral,0.0,2026-03-07 02:01,2026-03-07 02:01
20minutos,226,Contra-Gobierno,-0.07,2026-03-07 02:31,2026-03-07 02:31
heraldo_aragon,204,Contra-Gobierno,-0.1,2026-03-07 02:31,2026-03-07 02:31
lavanguardia,176,Contra-Gobierno,-0.08,2026-03-07 02:31,2026-03-07 02:31
elpais,159,Contra-Gobierno,-0.09,2026-03-07 02:31,2026-03-07 02:31
google_news_politica,129,Pro-Gobierno,0.24,2026-03-07 02:31,2026-03-07 02:31
eldiario,107,Contra-Gobierno,-0.16,2026-03-07 02:31,2026-03-07 02:31
expansion,105,Pro-Gobierno,0.04,2026-03-07 02:31,2026-03-07 02:31
google_news_es,93,Neutral,0.0,2026-03-07 02:31,2026-03-07 02:31
infolibre,72,Pro-Gobierno,0.14,2026-03-07 02:31,2026-03-07 02:31
cinco_dias,69,Pro-Gobierno,0.04,2026-03-07 02:31,2026-03-07 02:31
elmundo_espana,58,Contra-Gobierno,-0.19,2026-03-07 02:31,2026-03-07 02:31
okdiario,57,Contra-Gobierno,-0.18,2026-03-07 02:31,2026-03-07 02:31
bbc_mundo,57,Pro-Gobierno,0.07,2026-03-07 02:31,2026-03-07 02:31
maldita,50,Neutral,0.0,2026-03-07 02:31,2026-03-07 02:31
elmundo_internacional,40,Neutral,0.0,2026-03-07 02:31,2026-03-07 02:31
levante_emv,36,Contra-Gobierno,-0.21,2026-03-07 02:31,2026-03-07 02:31
france24_es,35,Contra-Gobierno,-0.05,2026-03-07 02:31,2026-03-07 02:31
elespanol,33,Contra-Gobierno,-0.17,2026-03-07 02:31,2026-03-07 02:31
elmundo,29,Pro-Gobierno,0.12,2026-03-07 02:31,2026-03-07 02:31
vozpopuli,25,Neutral,0.0,2026-03-07 02:31,2026-03-07 02:31
elpais_internacional,19,Neutral,0.0,2026-03-07 02:31,2026-03-07 02:31
elconfidencial,15,Contra-Gobierno,-0.27,2026-03-07 02:31,2026-03-07 02:31
europapress,11,Contra-Gobierno,-0.24,2026-03-07 02:31,2026-03-07 02:31
newtral,10,Pro-Gobierno,0.11,2026-03-07 02:31,2026-03-07 02:31
abc,1,Neutral,0.0,2026-03-07 02:31,2026-03-07 02:31
20minutos,226,Contra-Gobierno,-0.07,2026-03-07 03:01,2026-03-07 03:01
heraldo_aragon,204,Contra-Gobierno,-0.1,2026-03-07 03:01,2026-03-07 03:01
lavanguardia,176,Contra-Gobierno,-0.08,2026-03-07 03:01,2026-03-07 03:01
elpais,159,Contra-Gobierno,-0.09,2026-03-07 03:01,2026-03-07 03:01
google_news_politica,131,Pro-Gobierno,0.25,2026-03-07 03:01,2026-03-07 03:01
eldiario,107,Contra-Gobierno,-0.16,2026-03-07 03:01,2026-03-07 03:01
expansion,105,Pro-Gobierno,0.04,2026-03-07 03:01,2026-03-07 03:01
google_news_es,96,Neutral,0.0,2026-03-07 03:01,2026-03-07 03:01
infolibre,72,Pro-Gobierno,0.14,2026-03-07 03:01,2026-03-07 03:01
cinco_dias,69,Pro-Gobierno,0.04,2026-03-07 03:01,2026-03-07 03:01
elmundo_espana,58,Contra-Gobierno,-0.19,2026-03-07 03:01,2026-03-07 03:01
okdiario,57,Contra-Gobierno,-0.18,2026-03-07 03:01,2026-03-07 03:01
bbc_mundo,57,Pro-Gobierno,0.07,2026-03-07 03:01,2026-03-07 03:01
elespanol,53,Pro-Gobierno,0.19,2026-03-07 03:01,2026-03-07 03:01
maldita,50,Neutral,0.0,2026-03-07 03:01,2026-03-07 03:01
elmundo_internacional,40,Neutral,0.0,2026-03-07 03:01,2026-03-07 03:01
levante_emv,36,Contra-Gobierno,-0.21,2026-03-07 03:01,2026-03-07 03:01
france24_es,36,Contra-Gobierno,-0.05,2026-03-07 03:01,2026-03-07 03:01
elmundo,29,Pro-Gobierno,0.12,2026-03-07 03:01,2026-03-07 03:01
vozpopuli,25,Neutral,0.0,2026-03-07 03:01,2026-03-07 03:01
elpais_internacional,19,Neutral,0.0,2026-03-07 03:01,2026-03-07 03:01
elconfidencial,15,Contra-Gobierno,-0.27,2026-03-07 03:01,2026-03-07 03:01
europapress,11,Contra-Gobierno,-0.24,2026-03-07 03:01,2026-03-07 03:01
newtral,10,Pro-Gobierno,0.11,2026-03-07 03:01,2026-03-07 03:01
abc,1,Neutral,0.0,2026-03-07 03:01,2026-03-07 03:01
20minutos,226,Contra-Gobierno,-0.07,2026-03-07 03:31,2026-03-07 03:31
heraldo_aragon,204,Contra-Gobierno,-0.1,2026-03-07 03:31,2026-03-07 03:31
lavanguardia,176,Contra-Gobierno,-0.08,2026-03-07 03:31,2026-03-07 03:31
elpais,159,Contra-Gobierno,-0.09,2026-03-07 03:31,2026-03-07 03:31
google_news_politica,131,Pro-Gobierno,0.25,2026-03-07 03:31,2026-03-07 03:31
eldiario,107,Contra-Gobierno,-0.16,2026-03-07 03:31,2026-03-07 03:31
expansion,105,Pro-Gobierno,0.04,2026-03-07 03:31,2026-03-07 03:31
google_news_es,99,Pro-Gobierno,0.06,2026-03-07 03:31,2026-03-07 03:31
infolibre,72,Pro-Gobierno,0.14,2026-03-07 03:31,2026-03-07 03:31
cinco_dias,69,Pro-Gobierno,0.04,2026-03-07 03:31,2026-03-07 03:31
elmundo_espana,58,Contra-Gobierno,-0.19,2026-03-07 03:31,2026-03-07 03:31
okdiario,57,Contra-Gobierno,-0.18,2026-03-07 03:31,2026-03-07 03:31
bbc_mundo,57,Pro-Gobierno,0.07,2026-03-07 03:31,2026-03-07 03:31
elespanol,53,Pro-Gobierno,0.19,2026-03-07 03:31,2026-03-07 03:31
maldita,50,Neutral,0.0,2026-03-07 03:31,2026-03-07 03:31
elmundo,48,Pro-Gobierno,0.11,2026-03-07 03:31,2026-03-07 03:31
elmundo_internacional,40,Neutral,0.0,2026-03-07 03:31,2026-03-07 03:31
levante_emv,36,Contra-Gobierno,-0.21,2026-03-07 03:31,2026-03-07 03:31
france24_es,36,Contra-Gobierno,-0.05,2026-03-07 03:31,2026-03-07 03:31
vozpopuli,25,Neutral,0.0,2026-03-07 03:31,2026-03-07 03:31
elpais_internacional,19,Neutral,0.0,2026-03-07 03:31,2026-03-07 03:31
elconfidencial,15,Contra-Gobierno,-0.27,2026-03-07 03:31,2026-03-07 03:31
europapress,11,Contra-Gobierno,-0.24,2026-03-07 03:31,2026-03-07 03:31
newtral,10,Pro-Gobierno,0.11,2026-03-07 03:31,2026-03-07 03:31
abc,1,Neutral,0.0,2026-03-07 03:31,2026-03-07 03:31
20minutos,226,Contra-Gobierno,-0.07,2026-03-07 04:01,2026-03-07 04:01
heraldo_aragon,204,Contra-Gobierno,-0.1,2026-03-07 04:01,2026-03-07 04:01
lavanguardia,176,Contra-Gobierno,-0.08,2026-03-07 04:01,2026-03-07 04:01
elpais,159,Contra-Gobierno,-0.09,2026-03-07 04:01,2026-03-07 04:01
google_news_politica,133,Pro-Gobierno,0.25,2026-03-07 04:01,2026-03-07 04:01
eldiario,107,Contra-Gobierno,-0.16,2026-03-07 04:01,2026-03-07 04:01
expansion,105,Pro-Gobierno,0.04,2026-03-07 04:01,2026-03-07 04:01
google_news_es,100,Pro-Gobierno,0.06,2026-03-07 04:01,2026-03-07 04:01
infolibre,72,Pro-Gobierno,0.14,2026-03-07 04:01,2026-03-07 04:01
cinco_dias,69,Pro-Gobierno,0.04,2026-03-07 04:01,2026-03-07 04:01
elmundo_espana,58,Contra-Gobierno,-0.19,2026-03-07 04:01,2026-03-07 04:01
okdiario,57,Contra-Gobierno,-0.18,2026-03-07 04:01,2026-03-07 04:01
bbc_mundo,57,Pro-Gobierno,0.07,2026-03-07 04:01,2026-03-07 04:01
elespanol,53,Pro-Gobierno,0.19,2026-03-07 04:01,2026-03-07 04:01
maldita,50,Neutral,0.0,2026-03-07 04:01,2026-03-07 04:01
elmundo,48,Pro-Gobierno,0.11,2026-03-07 04:01,2026-03-07 04:01
elmundo_internacional,40,Neutral,0.0,2026-03-07 04:01,2026-03-07 04:01
levante_emv,36,Contra-Gobierno,-0.21,2026-03-07 04:01,2026-03-07 04:01
france24_es,36,Contra-Gobierno,-0.05,2026-03-07 04:01,2026-03-07 04:01
vozpopuli,25,Neutral,0.0,2026-03-07 04:01,2026-03-07 04:01
elpais_internacional,19,Neutral,0.0,2026-03-07 04:01,2026-03-07 04:01
elconfidencial,15,Contra-Gobierno,-0.27,2026-03-07 04:01,2026-03-07 04:01
europapress,11,Contra-Gobierno,-0.24,2026-03-07 04:01,2026-03-07 04:01
newtral,10,Pro-Gobierno,0.11,2026-03-07 04:01,2026-03-07 04:01
abc,1,Neutral,0.0,2026-03-07 04:01,2026-03-07 04:01
20minutos,226,Contra-Gobierno,-0.07,2026-03-07 04:31,2026-03-07 04:31
heraldo_aragon,204,Contra-Gobierno,-0.1,2026-03-07 04:31,2026-03-07 04:31
lavanguardia,176,Contra-Gobierno,-0.08,2026-03-07 04:31,2026-03-07 04:31
elpais,159,Contra-Gobierno,-0.09,2026-03-07 04:31,2026-03-07 04:31
google_news_politica,133,Pro-Gobierno,0.25,2026-03-07 04:31,2026-03-07 04:31
eldiario,107,Contra-Gobierno,-0.16,2026-03-07 04:31,2026-03-07 04:31
expansion,105,Pro-Gobierno,0.04,2026-03-07 04:31,2026-03-07 04:31
google_news_es,102,Pro-Gobierno,0.08,2026-03-07 04:31,2026-03-07 04:31
infolibre,72,Pro-Gobierno,0.14,2026-03-07 04:31,2026-03-07 04:31
cinco_dias,69,Pro-Gobierno,0.04,2026-03-07 04:31,2026-03-07 04:31
okdiario,61,Contra-Gobierno,-0.16,2026-03-07 04:31,2026-03-07 04:31
elmundo_espana,58,Contra-Gobierno,-0.19,2026-03-07 04:31,2026-03-07 04:31
bbc_mundo,57,Pro-Gobierno,0.07,2026-03-07 04:31,2026-03-07 04:31
elespanol,53,Pro-Gobierno,0.19,2026-03-07 04:31,2026-03-07 04:31
maldita,50,Neutral,0.0,2026-03-07 04:31,2026-03-07 04:31
elmundo,48,Pro-Gobierno,0.11,2026-03-07 04:31,2026-03-07 04:31
france24_es,44,Contra-Gobierno,-0.04,2026-03-07 04:31,2026-03-07 04:31
elmundo_internacional,40,Neutral,0.0,2026-03-07 04:31,2026-03-07 04:31
levante_emv,37,Contra-Gobierno,-0.21,2026-03-07 04:31,2026-03-07 04:31
vozpopuli,25,Neutral,0.0,2026-03-07 04:31,2026-03-07 04:31
elpais_internacional,19,Neutral,0.0,2026-03-07 04:31,2026-03-07 04:31
elconfidencial,15,Contra-Gobierno,-0.27,2026-03-07 04:31,2026-03-07 04:31
europapress,11,Contra-Gobierno,-0.24,2026-03-07 04:31,2026-03-07 04:31
newtral,10,Pro-Gobierno,0.11,2026-03-07 04:31,2026-03-07 04:31
abc,1,Neutral,0.0,2026-03-07 04:31,2026-03-07 04:31
20minutos,226,Contra-Gobierno,-0.07,2026-03-07 05:01,2026-03-07 05:01
heraldo_aragon,204,Contra-Gobierno,-0.1,2026-03-07 05:01,2026-03-07 05:01
lavanguardia,176,Contra-Gobierno,-0.08,2026-03-07 05:01,2026-03-07 05:01
elpais,159,Contra-Gobierno,-0.09,2026-03-07 05:01,2026-03-07 05:01
google_news_politica,142,Pro-Gobierno,0.25,2026-03-07 05:01,2026-03-07 05:01
eldiario,107,Contra-Gobierno,-0.16,2026-03-07 05:01,2026-03-07 05:01
expansion,105,Pro-Gobierno,0.04,2026-03-07 05:01,2026-03-07 05:01
google_news_es,104,Pro-Gobierno,0.08,2026-03-07 05:01,2026-03-07 05:01
infolibre,72,Pro-Gobierno,0.14,2026-03-07 05:01,2026-03-07 05:01
cinco_dias,69,Pro-Gobierno,0.04,2026-03-07 05:01,2026-03-07 05:01
okdiario,61,Contra-Gobierno,-0.16,2026-03-07 05:01,2026-03-07 05:01
elmundo_espana,58,Contra-Gobierno,-0.19,2026-03-07 05:01,2026-03-07 05:01
bbc_mundo,57,Pro-Gobierno,0.07,2026-03-07 05:01,2026-03-07 05:01
elespanol,53,Pro-Gobierno,0.19,2026-03-07 05:01,2026-03-07 05:01
maldita,50,Neutral,0.0,2026-03-07 05:01,2026-03-07 05:01
elmundo,48,Pro-Gobierno,0.11,2026-03-07 05:01,2026-03-07 05:01
france24_es,45,Contra-Gobierno,-0.04,2026-03-07 05:01,2026-03-07 05:01
elmundo_internacional,40,Neutral,0.0,2026-03-07 05:01,2026-03-07 05:01
levante_emv,38,Contra-Gobierno,-0.21,2026-03-07 05:01,2026-03-07 05:01
vozpopuli,25,Neutral,0.0,2026-03-07 05:01,2026-03-07 05:01
elconfidencial,24,Contra-Gobierno,-0.23,2026-03-07 05:01,2026-03-07 05:01
elpais_internacional,19,Neutral,0.0,2026-03-07 05:01,2026-03-07 05:01
europapress,11,Contra-Gobierno,-0.24,2026-03-07 05:01,2026-03-07 05:01
newtral,10,Pro-Gobierno,0.11,2026-03-07 05:01,2026-03-07 05:01
abc,1,Neutral,0.0,2026-03-07 05:01,2026-03-07 05:01
heraldo_aragon,295,Contra-Gobierno,-0.08,2026-03-07 05:31,2026-03-07 05:31
20minutos,226,Contra-Gobierno,-0.07,2026-03-07 05:31,2026-03-07 05:31
lavanguardia,179,Contra-Gobierno,-0.08,2026-03-07 05:31,2026-03-07 05:31
elpais,159,Contra-Gobierno,-0.09,2026-03-07 05:31,2026-03-07 05:31
google_news_politica,143,Pro-Gobierno,0.25,2026-03-07 05:31,2026-03-07 05:31
google_news_es,108,Pro-Gobierno,0.07,2026-03-07 05:31,2026-03-07 05:31
eldiario,107,Contra-Gobierno,-0.16,2026-03-07 05:31,2026-03-07 05:31
expansion,105,Pro-Gobierno,0.04,2026-03-07 05:31,2026-03-07 05:31
infolibre,72,Pro-Gobierno,0.14,2026-03-07 05:31,2026-03-07 05:31
cinco_dias,69,Pro-Gobierno,0.04,2026-03-07 05:31,2026-03-07 05:31
okdiario,62,Contra-Gobierno,-0.16,2026-03-07 05:31,2026-03-07 05:31
elmundo_espana,58,Contra-Gobierno,-0.19,2026-03-07 05:31,2026-03-07 05:31
bbc_mundo,57,Pro-Gobierno,0.07,2026-03-07 05:31,2026-03-07 05:31
elespanol,53,Pro-Gobierno,0.19,2026-03-07 05:31,2026-03-07 05:31
maldita,50,Neutral,0.0,2026-03-07 05:31,2026-03-07 05:31
elmundo,48,Pro-Gobierno,0.11,2026-03-07 05:31,2026-03-07 05:31
france24_es,45,Contra-Gobierno,-0.04,2026-03-07 05:31,2026-03-07 05:31
levante_emv,40,Contra-Gobierno,-0.19,2026-03-07 05:31,2026-03-07 05:31
elmundo_internacional,40,Neutral,0.0,2026-03-07 05:31,2026-03-07 05:31
elconfidencial,30,Contra-Gobierno,-0.24,2026-03-07 05:31,2026-03-07 05:31
vozpopuli,25,Neutral,0.0,2026-03-07 05:31,2026-03-07 05:31
elpais_internacional,19,Neutral,0.0,2026-03-07 05:31,2026-03-07 05:31
europapress,11,Contra-Gobierno,-0.24,2026-03-07 05:31,2026-03-07 05:31
newtral,10,Pro-Gobierno,0.11,2026-03-07 05:31,2026-03-07 05:31
abc,1,Neutral,0.0,2026-03-07 05:31,2026-03-07 05:31
heraldo_aragon,295,Contra-Gobierno,-0.08,2026-03-07 06:01,2026-03-07 06:01
20minutos,226,Contra-Gobierno,-0.07,2026-03-07 06:01,2026-03-07 06:01
lavanguardia,179,Contra-Gobierno,-0.08,2026-03-07 06:01,2026-03-07 06:01
elpais,162,Contra-Gobierno,-0.09,2026-03-07 06:01,2026-03-07 06:01
google_news_politica,146,Pro-Gobierno,0.25,2026-03-07 06:01,2026-03-07 06:01
google_news_es,114,Pro-Gobierno,0.09,2026-03-07 06:01,2026-03-07 06:01
eldiario,113,Contra-Gobierno,-0.15,2026-03-07 06:01,2026-03-07 06:01
expansion,105,Pro-Gobierno,0.04,2026-03-07 06:01,2026-03-07 06:01
okdiario,95,Neutral,0.0,2026-03-07 06:01,2026-03-07 06:01
infolibre,72,Pro-Gobierno,0.14,2026-03-07 06:01,2026-03-07 06:01
cinco_dias,69,Pro-Gobierno,0.04,2026-03-07 06:01,2026-03-07 06:01
elmundo_espana,58,Contra-Gobierno,-0.19,2026-03-07 06:01,2026-03-07 06:01
bbc_mundo,58,Pro-Gobierno,0.06,2026-03-07 06:01,2026-03-07 06:01
elespanol,53,Pro-Gobierno,0.19,2026-03-07 06:01,2026-03-07 06:01
maldita,50,Neutral,0.0,2026-03-07 06:01,2026-03-07 06:01
elmundo,48,Pro-Gobierno,0.11,2026-03-07 06:01,2026-03-07 06:01
france24_es,45,Contra-Gobierno,-0.04,2026-03-07 06:01,2026-03-07 06:01
levante_emv,42,Contra-Gobierno,-0.19,2026-03-07 06:01,2026-03-07 06:01
elmundo_internacional,40,Neutral,0.0,2026-03-07 06:01,2026-03-07 06:01
elconfidencial,30,Contra-Gobierno,-0.24,2026-03-07 06:01,2026-03-07 06:01
elpais_internacional,26,Neutral,0.0,2026-03-07 06:01,2026-03-07 06:01
vozpopuli,25,Neutral,0.0,2026-03-07 06:01,2026-03-07 06:01
europapress,11,Contra-Gobierno,-0.24,2026-03-07 06:01,2026-03-07 06:01
newtral,10,Pro-Gobierno,0.11,2026-03-07 06:01,2026-03-07 06:01
abc,1,Neutral,0.0,2026-03-07 06:01,2026-03-07 06:01
heraldo_aragon,295,Contra-Gobierno,-0.08,2026-03-07 06:31,2026-03-07 06:31
20minutos,226,Contra-Gobierno,-0.07,2026-03-07 06:31,2026-03-07 06:31
elpais,218,Contra-Gobierno,-0.08,2026-03-07 06:31,2026-03-07 06:31
lavanguardia,180,Contra-Gobierno,-0.08,2026-03-07 06:31,2026-03-07 06:31
eldiario,149,Contra-Gobierno,-0.14,2026-03-07 06:31,2026-03-07 06:31
google_news_politica,146,Pro-Gobierno,0.25,2026-03-07 06:31,2026-03-07 06:31
google_news_es,119,Pro-Gobierno,0.08,2026-03-07 06:31,2026-03-07 06:31
expansion,105,Pro-Gobierno,0.04,2026-03-07 06:31,2026-03-07 06:31
okdiario,100,Neutral,0.0,2026-03-07 06:31,2026-03-07 06:31
infolibre,85,Pro-Gobierno,0.13,2026-03-07 06:31,2026-03-07 06:31
cinco_dias,69,Pro-Gobierno,0.04,2026-03-07 06:31,2026-03-07 06:31
levante_emv,62,Contra-Gobierno,-0.13,2026-03-07 06:31,2026-03-07 06:31
elmundo_espana,58,Contra-Gobierno,-0.19,2026-03-07 06:31,2026-03-07 06:31
bbc_mundo,58,Pro-Gobierno,0.06,2026-03-07 06:31,2026-03-07 06:31
elespanol,53,Pro-Gobierno,0.19,2026-03-07 06:31,2026-03-07 06:31
maldita,50,Neutral,0.0,2026-03-07 06:31,2026-03-07 06:31
elmundo,48,Pro-Gobierno,0.11,2026-03-07 06:31,2026-03-07 06:31
france24_es,45,Contra-Gobierno,-0.04,2026-03-07 06:31,2026-03-07 06:31
elmundo_internacional,40,Neutral,0.0,2026-03-07 06:31,2026-03-07 06:31
elconfidencial,30,Contra-Gobierno,-0.24,2026-03-07 06:31,2026-03-07 06:31
elpais_internacional,26,Neutral,0.0,2026-03-07 06:31,2026-03-07 06:31
vozpopuli,25,Neutral,0.0,2026-03-07 06:31,2026-03-07 06:31
newtral,11,Pro-Gobierno,0.1,2026-03-07 06:31,2026-03-07 06:31
europapress,11,Contra-Gobierno,-0.24,2026-03-07 06:31,2026-03-07 06:31
abc,1,Neutral,0.0,2026-03-07 06:31,2026-03-07 06:31
heraldo_aragon,295,Contra-Gobierno,-0.08,2026-03-07 07:01,2026-03-07 07:01
20minutos,226,Contra-Gobierno,-0.07,2026-03-07 07:01,2026-03-07 07:01
elpais,224,Contra-Gobierno,-0.08,2026-03-07 07:01,2026-03-07 07:01
lavanguardia,215,Contra-Gobierno,-0.08,2026-03-07 07:01,2026-03-07 07:01
eldiario,149,Contra-Gobierno,-0.14,2026-03-07 07:01,2026-03-07 07:01
google_news_politica,146,Pro-Gobierno,0.25,2026-03-07 07:01,2026-03-07 07:01
okdiario,122,Contra-Gobierno,-0.1,2026-03-07 07:01,2026-03-07 07:01
google_news_es,120,Pro-Gobierno,0.08,2026-03-07 07:01,2026-03-07 07:01
expansion,105,Pro-Gobierno,0.04,2026-03-07 07:01,2026-03-07 07:01
infolibre,85,Pro-Gobierno,0.13,2026-03-07 07:01,2026-03-07 07:01
cinco_dias,69,Pro-Gobierno,0.04,2026-03-07 07:01,2026-03-07 07:01
levante_emv,63,Contra-Gobierno,-0.13,2026-03-07 07:01,2026-03-07 07:01
elmundo_espana,58,Contra-Gobierno,-0.19,2026-03-07 07:01,2026-03-07 07:01
bbc_mundo,58,Pro-Gobierno,0.06,2026-03-07 07:01,2026-03-07 07:01
elespanol,53,Pro-Gobierno,0.19,2026-03-07 07:01,2026-03-07 07:01
maldita,50,Neutral,0.0,2026-03-07 07:01,2026-03-07 07:01
france24_es,49,Contra-Gobierno,-0.04,2026-03-07 07:01,2026-03-07 07:01
elmundo,48,Pro-Gobierno,0.11,2026-03-07 07:01,2026-03-07 07:01
elmundo_internacional,40,Neutral,0.0,2026-03-07 07:01,2026-03-07 07:01
elconfidencial,30,Contra-Gobierno,-0.24,2026-03-07 07:01,2026-03-07 07:01
elpais_internacional,26,Neutral,0.0,2026-03-07 07:01,2026-03-07 07:01
vozpopuli,25,Neutral,0.0,2026-03-07 07:01,2026-03-07 07:01
newtral,11,Pro-Gobierno,0.1,2026-03-07 07:01,2026-03-07 07:01
europapress,11,Contra-Gobierno,-0.24,2026-03-07 07:01,2026-03-07 07:01
abc,1,Neutral,0.0,2026-03-07 07:01,2026-03-07 07:01
heraldo_aragon,295,Contra-Gobierno,-0.08,2026-03-07 07:31,2026-03-07 07:31
lavanguardia,253,Contra-Gobierno,-0.08,2026-03-07 07:31,2026-03-07 07:31
20minutos,226,Contra-Gobierno,-0.07,2026-03-07 07:31,2026-03-07 07:31
elpais,226,Contra-Gobierno,-0.08,2026-03-07 07:31,2026-03-07 07:31
eldiario,149,Contra-Gobierno,-0.14,2026-03-07 07:31,2026-03-07 07:31
google_news_politica,147,Pro-Gobierno,0.25,2026-03-07 07:31,2026-03-07 07:31
okdiario,144,Contra-Gobierno,-0.09,2026-03-07 07:31,2026-03-07 07:31
google_news_es,122,Pro-Gobierno,0.08,2026-03-07 07:31,2026-03-07 07:31
expansion,105,Pro-Gobierno,0.04,2026-03-07 07:31,2026-03-07 07:31
infolibre,85,Pro-Gobierno,0.13,2026-03-07 07:31,2026-03-07 07:31
cinco_dias,69,Pro-Gobierno,0.04,2026-03-07 07:31,2026-03-07 07:31
levante_emv,63,Contra-Gobierno,-0.13,2026-03-07 07:31,2026-03-07 07:31
elmundo_espana,58,Contra-Gobierno,-0.19,2026-03-07 07:31,2026-03-07 07:31
bbc_mundo,58,Pro-Gobierno,0.06,2026-03-07 07:31,2026-03-07 07:31
france24_es,53,Contra-Gobierno,-0.03,2026-03-07 07:31,2026-03-07 07:31
elespanol,53,Pro-Gobierno,0.19,2026-03-07 07:31,2026-03-07 07:31
maldita,50,Neutral,0.0,2026-03-07 07:31,2026-03-07 07:31
elmundo,48,Pro-Gobierno,0.11,2026-03-07 07:31,2026-03-07 07:31
elmundo_internacional,40,Neutral,0.0,2026-03-07 07:31,2026-03-07 07:31
elconfidencial,30,Contra-Gobierno,-0.24,2026-03-07 07:31,2026-03-07 07:31
elpais_internacional,26,Neutral,0.0,2026-03-07 07:31,2026-03-07 07:31
vozpopuli,25,Neutral,0.0,2026-03-07 07:31,2026-03-07 07:31
newtral,12,Pro-Gobierno,0.09,2026-03-07 07:31,2026-03-07 07:31
europapress,11,Contra-Gobierno,-0.24,2026-03-07 07:31,2026-03-07 07:31
abc,1,Neutral,0.0,2026-03-07 07:31,2026-03-07 07:31
heraldo_aragon,312,Contra-Gobierno,-0.08,2026-03-07 08:01,2026-03-07 08:01
lavanguardia,253,Contra-Gobierno,-0.08,2026-03-07 08:01,2026-03-07 08:01
20minutos,234,Contra-Gobierno,-0.07,2026-03-07 08:01,2026-03-07 08:01
elpais,227,Contra-Gobierno,-0.08,2026-03-07 08:01,2026-03-07 08:01
okdiario,151,Contra-Gobierno,-0.09,2026-03-07 08:01,2026-03-07 08:01
eldiario,150,Contra-Gobierno,-0.14,2026-03-07 08:01,2026-03-07 08:01
google_news_politica,148,Pro-Gobierno,0.25,2026-03-07 08:01,2026-03-07 08:01
google_news_es,126,Pro-Gobierno,0.09,2026-03-07 08:01,2026-03-07 08:01
expansion,105,Pro-Gobierno,0.04,2026-03-07 08:01,2026-03-07 08:01
infolibre,85,Pro-Gobierno,0.13,2026-03-07 08:01,2026-03-07 08:01
cinco_dias,69,Pro-Gobierno,0.04,2026-03-07 08:01,2026-03-07 08:01
levante_emv,65,Contra-Gobierno,-0.12,2026-03-07 08:01,2026-03-07 08:01
elmundo_espana,58,Contra-Gobierno,-0.19,2026-03-07 08:01,2026-03-07 08:01
bbc_mundo,58,Pro-Gobierno,0.06,2026-03-07 08:01,2026-03-07 08:01
france24_es,53,Contra-Gobierno,-0.03,2026-03-07 08:01,2026-03-07 08:01
elespanol,53,Pro-Gobierno,0.19,2026-03-07 08:01,2026-03-07 08:01
maldita,50,Neutral,0.0,2026-03-07 08:01,2026-03-07 08:01
elmundo,49,Pro-Gobierno,0.11,2026-03-07 08:01,2026-03-07 08:01
elmundo_internacional,40,Neutral,0.0,2026-03-07 08:01,2026-03-07 08:01
elconfidencial,30,Contra-Gobierno,-0.24,2026-03-07 08:01,2026-03-07 08:01
elpais_internacional,26,Neutral,0.0,2026-03-07 08:01,2026-03-07 08:01
vozpopuli,25,Neutral,0.0,2026-03-07 08:01,2026-03-07 08:01
newtral,12,Pro-Gobierno,0.09,2026-03-07 08:01,2026-03-07 08:01
europapress,11,Contra-Gobierno,-0.24,2026-03-07 08:01,2026-03-07 08:01
abc,1,Neutral,0.0,2026-03-07 08:01,2026-03-07 08:01
heraldo_aragon,318,Contra-Gobierno,-0.08,2026-03-07 08:31,2026-03-07 08:31
lavanguardia,257,Contra-Gobierno,-0.08,2026-03-07 08:31,2026-03-07 08:31
20minutos,254,Contra-Gobierno,-0.07,2026-03-07 08:31,2026-03-07 08:31
elpais,228,Contra-Gobierno,-0.08,2026-03-07 08:31,2026-03-07 08:31
okdiario,164,Contra-Gobierno,-0.09,2026-03-07 08:31,2026-03-07 08:31
eldiario,153,Contra-Gobierno,-0.13,2026-03-07 08:31,2026-03-07 08:31
google_news_politica,149,Pro-Gobierno,0.25,2026-03-07 08:31,2026-03-07 08:31
google_news_es,128,Pro-Gobierno,0.09,2026-03-07 08:31,2026-03-07 08:31
expansion,105,Pro-Gobierno,0.04,2026-03-07 08:31,2026-03-07 08:31
infolibre,85,Pro-Gobierno,0.13,2026-03-07 08:31,2026-03-07 08:31
levante_emv,70,Contra-Gobierno,-0.14,2026-03-07 08:31,2026-03-07 08:31
cinco_dias,69,Pro-Gobierno,0.04,2026-03-07 08:31,2026-03-07 08:31
elmundo_espana,58,Contra-Gobierno,-0.19,2026-03-07 08:31,2026-03-07 08:31
bbc_mundo,58,Pro-Gobierno,0.06,2026-03-07 08:31,2026-03-07 08:31
france24_es,53,Contra-Gobierno,-0.03,2026-03-07 08:31,2026-03-07 08:31
elespanol,53,Pro-Gobierno,0.19,2026-03-07 08:31,2026-03-07 08:31
maldita,50,Neutral,0.0,2026-03-07 08:31,2026-03-07 08:31
elmundo,50,Pro-Gobierno,0.11,2026-03-07 08:31,2026-03-07 08:31
elmundo_internacional,40,Neutral,0.0,2026-03-07 08:31,2026-03-07 08:31
elconfidencial,30,Contra-Gobierno,-0.24,2026-03-07 08:31,2026-03-07 08:31
elpais_internacional,26,Neutral,0.0,2026-03-07 08:31,2026-03-07 08:31
vozpopuli,25,Neutral,0.0,2026-03-07 08:31,2026-03-07 08:31
newtral,12,Pro-Gobierno,0.09,2026-03-07 08:31,2026-03-07 08:31
europapress,11,Contra-Gobierno,-0.24,2026-03-07 08:31,2026-03-07 08:31
abc,1,Neutral,0.0,2026-03-07 08:31,2026-03-07 08:31
heraldo_aragon,323,Contra-Gobierno,-0.08,2026-03-07 09:01,2026-03-07 09:01
20minutos,268,Contra-Gobierno,-0.06,2026-03-07 09:01,2026-03-07 09:01
lavanguardia,259,Contra-Gobierno,-0.08,2026-03-07 09:01,2026-03-07 09:01
elpais,233,Contra-Gobierno,-0.08,2026-03-07 09:01,2026-03-07 09:01
okdiario,172,Contra-Gobierno,-0.09,2026-03-07 09:01,2026-03-07 09:01
eldiario,155,Contra-Gobierno,-0.13,2026-03-07 09:01,2026-03-07 09:01
google_news_politica,154,Pro-Gobierno,0.26,2026-03-07 09:01,2026-03-07 09:01
google_news_es,134,Pro-Gobierno,0.08,2026-03-07 09:01,2026-03-07 09:01
expansion,105,Pro-Gobierno,0.04,2026-03-07 09:01,2026-03-07 09:01
infolibre,85,Pro-Gobierno,0.13,2026-03-07 09:01,2026-03-07 09:01
levante_emv,75,Contra-Gobierno,-0.13,2026-03-07 09:01,2026-03-07 09:01
cinco_dias,69,Pro-Gobierno,0.04,2026-03-07 09:01,2026-03-07 09:01
elmundo_espana,58,Contra-Gobierno,-0.19,2026-03-07 09:01,2026-03-07 09:01
bbc_mundo,58,Pro-Gobierno,0.06,2026-03-07 09:01,2026-03-07 09:01
france24_es,53,Contra-Gobierno,-0.03,2026-03-07 09:01,2026-03-07 09:01
elespanol,53,Pro-Gobierno,0.19,2026-03-07 09:01,2026-03-07 09:01
maldita,50,Neutral,0.0,2026-03-07 09:01,2026-03-07 09:01
elmundo,50,Pro-Gobierno,0.11,2026-03-07 09:01,2026-03-07 09:01
elmundo_internacional,40,Neutral,0.0,2026-03-07 09:01,2026-03-07 09:01
elconfidencial,31,Contra-Gobierno,-0.24,2026-03-07 09:01,2026-03-07 09:01
elpais_internacional,26,Neutral,0.0,2026-03-07 09:01,2026-03-07 09:01
vozpopuli,25,Neutral,0.0,2026-03-07 09:01,2026-03-07 09:01
europapress,14,Contra-Gobierno,-0.25,2026-03-07 09:01,2026-03-07 09:01
newtral,12,Pro-Gobierno,0.09,2026-03-07 09:01,2026-03-07 09:01
abc,1,Neutral,0.0,2026-03-07 09:01,2026-03-07 09:01
heraldo_aragon,329,Contra-Gobierno,-0.08,2026-03-07 09:31,2026-03-07 09:31
20minutos,285,Contra-Gobierno,-0.07,2026-03-07 09:31,2026-03-07 09:31
lavanguardia,262,Contra-Gobierno,-0.08,2026-03-07 09:31,2026-03-07 09:31
elpais,238,Contra-Gobierno,-0.08,2026-03-07 09:31,2026-03-07 09:31
okdiario,178,Contra-Gobierno,-0.09,2026-03-07 09:31,2026-03-07 09:31
eldiario,157,Contra-Gobierno,-0.13,2026-03-07 09:31,2026-03-07 09:31
google_news_politica,155,Pro-Gobierno,0.26,2026-03-07 09:31,2026-03-07 09:31
google_news_es,144,Pro-Gobierno,0.08,2026-03-07 09:31,2026-03-07 09:31
expansion,105,Pro-Gobierno,0.04,2026-03-07 09:31,2026-03-07 09:31
infolibre,85,Pro-Gobierno,0.13,2026-03-07 09:31,2026-03-07 09:31
levante_emv,79,Contra-Gobierno,-0.12,2026-03-07 09:31,2026-03-07 09:31
cinco_dias,69,Pro-Gobierno,0.04,2026-03-07 09:31,2026-03-07 09:31
elmundo_espana,58,Contra-Gobierno,-0.19,2026-03-07 09:31,2026-03-07 09:31
bbc_mundo,58,Pro-Gobierno,0.06,2026-03-07 09:31,2026-03-07 09:31
france24_es,54,Contra-Gobierno,-0.03,2026-03-07 09:31,2026-03-07 09:31
elespanol,53,Pro-Gobierno,0.19,2026-03-07 09:31,2026-03-07 09:31
elmundo,52,Pro-Gobierno,0.11,2026-03-07 09:31,2026-03-07 09:31
maldita,50,Neutral,0.0,2026-03-07 09:31,2026-03-07 09:31
elmundo_internacional,40,Neutral,0.0,2026-03-07 09:31,2026-03-07 09:31
elconfidencial,36,Contra-Gobierno,-0.24,2026-03-07 09:31,2026-03-07 09:31
elpais_internacional,26,Neutral,0.0,2026-03-07 09:31,2026-03-07 09:31
vozpopuli,25,Neutral,0.0,2026-03-07 09:31,2026-03-07 09:31
europapress,16,Contra-Gobierno,-0.23,2026-03-07 09:31,2026-03-07 09:31
newtral,12,Pro-Gobierno,0.09,2026-03-07 09:31,2026-03-07 09:31
abc,1,Neutral,0.0,2026-03-07 09:31,2026-03-07 09:31
heraldo_aragon,341,Contra-Gobierno,-0.08,2026-03-07 10:01,2026-03-07 10:01
20minutos,287,Contra-Gobierno,-0.07,2026-03-07 10:01,2026-03-07 10:01
lavanguardia,264,Contra-Gobierno,-0.08,2026-03-07 10:01,2026-03-07 10:01
elpais,238,Contra-Gobierno,-0.08,2026-03-07 10:01,2026-03-07 10:01
okdiario,186,Contra-Gobierno,-0.08,2026-03-07 10:01,2026-03-07 10:01
eldiario,158,Contra-Gobierno,-0.13,2026-03-07 10:01,2026-03-07 10:01
google_news_politica,157,Pro-Gobierno,0.25,2026-03-07 10:01,2026-03-07 10:01
google_news_es,152,Pro-Gobierno,0.08,2026-03-07 10:01,2026-03-07 10:01
expansion,105,Pro-Gobierno,0.04,2026-03-07 10:01,2026-03-07 10:01
infolibre,85,Pro-Gobierno,0.13,2026-03-07 10:01,2026-03-07 10:01
levante_emv,80,Contra-Gobierno,-0.12,2026-03-07 10:01,2026-03-07 10:01
cinco_dias,69,Pro-Gobierno,0.04,2026-03-07 10:01,2026-03-07 10:01
elmundo_espana,58,Contra-Gobierno,-0.19,2026-03-07 10:01,2026-03-07 10:01
bbc_mundo,58,Pro-Gobierno,0.06,2026-03-07 10:01,2026-03-07 10:01
france24_es,55,Contra-Gobierno,-0.03,2026-03-07 10:01,2026-03-07 10:01
elespanol,53,Pro-Gobierno,0.19,2026-03-07 10:01,2026-03-07 10:01
elmundo,52,Pro-Gobierno,0.11,2026-03-07 10:01,2026-03-07 10:01
maldita,50,Neutral,0.0,2026-03-07 10:01,2026-03-07 10:01
elmundo_internacional,40,Neutral,0.0,2026-03-07 10:01,2026-03-07 10:01
elconfidencial,36,Contra-Gobierno,-0.24,2026-03-07 10:01,2026-03-07 10:01
elpais_internacional,26,Neutral,0.0,2026-03-07 10:01,2026-03-07 10:01
vozpopuli,25,Neutral,0.0,2026-03-07 10:01,2026-03-07 10:01
europapress,18,Contra-Gobierno,-0.22,2026-03-07 10:01,2026-03-07 10:01
newtral,12,Pro-Gobierno,0.09,2026-03-07 10:01,2026-03-07 10:01
abc,1,Neutral,0.0,2026-03-07 10:01,2026-03-07 10:01
heraldo_aragon,343,Contra-Gobierno,-0.08,2026-03-07 10:31,2026-03-07 10:31
20minutos,293,Contra-Gobierno,-0.07,2026-03-07 10:31,2026-03-07 10:31
lavanguardia,269,Contra-Gobierno,-0.08,2026-03-07 10:31,2026-03-07 10:31
elpais,239,Contra-Gobierno,-0.08,2026-03-07 10:31,2026-03-07 10:31
okdiario,195,Contra-Gobierno,-0.08,2026-03-07 10:31,2026-03-07 10:31
google_news_es,159,Pro-Gobierno,0.07,2026-03-07 10:31,2026-03-07 10:31
eldiario,158,Contra-Gobierno,-0.13,2026-03-07 10:31,2026-03-07 10:31
google_news_politica,157,Pro-Gobierno,0.25,2026-03-07 10:31,2026-03-07 10:31
expansion,106,Pro-Gobierno,0.04,2026-03-07 10:31,2026-03-07 10:31
infolibre,85,Pro-Gobierno,0.13,2026-03-07 10:31,2026-03-07 10:31
levante_emv,84,Contra-Gobierno,-0.12,2026-03-07 10:31,2026-03-07 10:31
cinco_dias,69,Pro-Gobierno,0.04,2026-03-07 10:31,2026-03-07 10:31
elmundo_espana,58,Contra-Gobierno,-0.19,2026-03-07 10:31,2026-03-07 10:31
bbc_mundo,58,Pro-Gobierno,0.06,2026-03-07 10:31,2026-03-07 10:31
france24_es,55,Contra-Gobierno,-0.03,2026-03-07 10:31,2026-03-07 10:31
elespanol,55,Pro-Gobierno,0.18,2026-03-07 10:31,2026-03-07 10:31
elmundo,53,Pro-Gobierno,0.11,2026-03-07 10:31,2026-03-07 10:31
maldita,50,Neutral,0.0,2026-03-07 10:31,2026-03-07 10:31
elmundo_internacional,40,Neutral,0.0,2026-03-07 10:31,2026-03-07 10:31
elconfidencial,36,Contra-Gobierno,-0.24,2026-03-07 10:31,2026-03-07 10:31
elpais_internacional,26,Neutral,0.0,2026-03-07 10:31,2026-03-07 10:31
vozpopuli,25,Neutral,0.0,2026-03-07 10:31,2026-03-07 10:31
europapress,20,Contra-Gobierno,-0.23,2026-03-07 10:31,2026-03-07 10:31
newtral,12,Pro-Gobierno,0.09,2026-03-07 10:31,2026-03-07 10:31
abc,1,Neutral,0.0,2026-03-07 10:31,2026-03-07 10:31
heraldo_aragon,347,Contra-Gobierno,-0.08,2026-03-07 11:01,2026-03-07 11:01
20minutos,294,Contra-Gobierno,-0.07,2026-03-07 11:01,2026-03-07 11:01
lavanguardia,272,Contra-Gobierno,-0.08,2026-03-07 11:01,2026-03-07 11:01
elpais,240,Contra-Gobierno,-0.08,2026-03-07 11:01,2026-03-07 11:01
okdiario,198,Contra-Gobierno,-0.08,2026-03-07 11:01,2026-03-07 11:01
google_news_es,167,Pro-Gobierno,0.07,2026-03-07 11:01,2026-03-07 11:01
eldiario,159,Contra-Gobierno,-0.13,2026-03-07 11:01,2026-03-07 11:01
google_news_politica,157,Pro-Gobierno,0.25,2026-03-07 11:01,2026-03-07 11:01
expansion,108,Pro-Gobierno,0.04,2026-03-07 11:01,2026-03-07 11:01
levante_emv,91,Neutral,0.0,2026-03-07 11:01,2026-03-07 11:01
infolibre,85,Pro-Gobierno,0.13,2026-03-07 11:01,2026-03-07 11:01
cinco_dias,69,Pro-Gobierno,0.04,2026-03-07 11:01,2026-03-07 11:01
elmundo_espana,58,Contra-Gobierno,-0.19,2026-03-07 11:01,2026-03-07 11:01
bbc_mundo,58,Pro-Gobierno,0.06,2026-03-07 11:01,2026-03-07 11:01
france24_es,56,Contra-Gobierno,-0.03,2026-03-07 11:01,2026-03-07 11:01
elespanol,55,Pro-Gobierno,0.18,2026-03-07 11:01,2026-03-07 11:01
elmundo,53,Pro-Gobierno,0.11,2026-03-07 11:01,2026-03-07 11:01
maldita,50,Neutral,0.0,2026-03-07 11:01,2026-03-07 11:01
elmundo_internacional,40,Neutral,0.0,2026-03-07 11:01,2026-03-07 11:01
elconfidencial,40,Contra-Gobierno,-0.25,2026-03-07 11:01,2026-03-07 11:01
elpais_internacional,26,Neutral,0.0,2026-03-07 11:01,2026-03-07 11:01
vozpopuli,25,Neutral,0.0,2026-03-07 11:01,2026-03-07 11:01
europapress,22,Contra-Gobierno,-0.24,2026-03-07 11:01,2026-03-07 11:01
newtral,12,Pro-Gobierno,0.09,2026-03-07 11:01,2026-03-07 11:01
abc,1,Neutral,0.0,2026-03-07 11:01,2026-03-07 11:01
heraldo_aragon,354,Contra-Gobierno,-0.08,2026-03-07 11:31,2026-03-07 11:31
20minutos,302,Contra-Gobierno,-0.07,2026-03-07 11:31,2026-03-07 11:31
lavanguardia,276,Contra-Gobierno,-0.07,2026-03-07 11:31,2026-03-07 11:31
elpais,242,Contra-Gobierno,-0.08,2026-03-07 11:31,2026-03-07 11:31
okdiario,205,Contra-Gobierno,-0.07,2026-03-07 11:31,2026-03-07 11:31
google_news_es,172,Pro-Gobierno,0.07,2026-03-07 11:31,2026-03-07 11:31
eldiario,161,Contra-Gobierno,-0.13,2026-03-07 11:31,2026-03-07 11:31
google_news_politica,158,Pro-Gobierno,0.25,2026-03-07 11:31,2026-03-07 11:31
expansion,110,Pro-Gobierno,0.04,2026-03-07 11:31,2026-03-07 11:31
levante_emv,96,Pro-Gobierno,0.12,2026-03-07 11:31,2026-03-07 11:31
infolibre,85,Pro-Gobierno,0.13,2026-03-07 11:31,2026-03-07 11:31
cinco_dias,69,Pro-Gobierno,0.04,2026-03-07 11:31,2026-03-07 11:31
elmundo_espana,58,Contra-Gobierno,-0.19,2026-03-07 11:31,2026-03-07 11:31
bbc_mundo,58,Pro-Gobierno,0.06,2026-03-07 11:31,2026-03-07 11:31
elespanol,57,Pro-Gobierno,0.18,2026-03-07 11:31,2026-03-07 11:31
france24_es,56,Contra-Gobierno,-0.03,2026-03-07 11:31,2026-03-07 11:31
elmundo,56,Pro-Gobierno,0.11,2026-03-07 11:31,2026-03-07 11:31
maldita,50,Neutral,0.0,2026-03-07 11:31,2026-03-07 11:31
elmundo_internacional,40,Neutral,0.0,2026-03-07 11:31,2026-03-07 11:31
elconfidencial,40,Contra-Gobierno,-0.25,2026-03-07 11:31,2026-03-07 11:31
elpais_internacional,26,Neutral,0.0,2026-03-07 11:31,2026-03-07 11:31
vozpopuli,25,Neutral,0.0,2026-03-07 11:31,2026-03-07 11:31
europapress,22,Contra-Gobierno,-0.24,2026-03-07 11:31,2026-03-07 11:31
newtral,12,Pro-Gobierno,0.09,2026-03-07 11:31,2026-03-07 11:31
abc,1,Neutral,0.0,2026-03-07 11:31,2026-03-07 11:31
heraldo_aragon,360,Contra-Gobierno,-0.08,2026-03-07 12:01,2026-03-07 12:01
20minutos,307,Contra-Gobierno,-0.07,2026-03-07 12:01,2026-03-07 12:01
lavanguardia,281,Contra-Gobierno,-0.07,2026-03-07 12:01,2026-03-07 12:01
elpais,244,Contra-Gobierno,-0.08,2026-03-07 12:01,2026-03-07 12:01
okdiario,213,Contra-Gobierno,-0.07,2026-03-07 12:01,2026-03-07 12:01
google_news_es,179,Pro-Gobierno,0.07,2026-03-07 12:01,2026-03-07 12:01
eldiario,161,Contra-Gobierno,-0.13,2026-03-07 12:01,2026-03-07 12:01
google_news_politica,158,Pro-Gobierno,0.25,2026-03-07 12:01,2026-03-07 12:01
expansion,111,Pro-Gobierno,0.04,2026-03-07 12:01,2026-03-07 12:01
levante_emv,108,Pro-Gobierno,0.15,2026-03-07 12:01,2026-03-07 12:01
infolibre,85,Pro-Gobierno,0.13,2026-03-07 12:01,2026-03-07 12:01
cinco_dias,69,Pro-Gobierno,0.04,2026-03-07 12:01,2026-03-07 12:01
bbc_mundo,59,Pro-Gobierno,0.06,2026-03-07 12:01,2026-03-07 12:01
elmundo_espana,58,Contra-Gobierno,-0.19,2026-03-07 12:01,2026-03-07 12:01
elespanol,58,Pro-Gobierno,0.2,2026-03-07 12:01,2026-03-07 12:01
france24_es,56,Contra-Gobierno,-0.03,2026-03-07 12:01,2026-03-07 12:01
elmundo,56,Pro-Gobierno,0.11,2026-03-07 12:01,2026-03-07 12:01
maldita,50,Neutral,0.0,2026-03-07 12:01,2026-03-07 12:01
elconfidencial,42,Contra-Gobierno,-0.25,2026-03-07 12:01,2026-03-07 12:01
elmundo_internacional,40,Neutral,0.0,2026-03-07 12:01,2026-03-07 12:01
elpais_internacional,26,Neutral,0.0,2026-03-07 12:01,2026-03-07 12:01
vozpopuli,25,Neutral,0.0,2026-03-07 12:01,2026-03-07 12:01
europapress,24,Contra-Gobierno,-0.22,2026-03-07 12:01,2026-03-07 12:01
newtral,13,Pro-Gobierno,0.09,2026-03-07 12:01,2026-03-07 12:01
abc,1,Neutral,0.0,2026-03-07 12:01,2026-03-07 12:01
heraldo_aragon,366,Contra-Gobierno,-0.08,2026-03-07 12:23,2026-03-07 12:23
20minutos,313,Contra-Gobierno,-0.08,2026-03-07 12:23,2026-03-07 12:23
lavanguardia,284,Contra-Gobierno,-0.07,2026-03-07 12:23,2026-03-07 12:23
elpais,244,Contra-Gobierno,-0.08,2026-03-07 12:23,2026-03-07 12:23
okdiario,220,Neutral,0.0,2026-03-07 12:23,2026-03-07 12:23
google_news_es,190,Pro-Gobierno,0.07,2026-03-07 12:23,2026-03-07 12:23
eldiario,163,Contra-Gobierno,-0.13,2026-03-07 12:23,2026-03-07 12:23
google_news_politica,158,Pro-Gobierno,0.25,2026-03-07 12:23,2026-03-07 12:23
levante_emv,115,Pro-Gobierno,0.14,2026-03-07 12:23,2026-03-07 12:23
expansion,111,Pro-Gobierno,0.04,2026-03-07 12:23,2026-03-07 12:23
infolibre,85,Pro-Gobierno,0.13,2026-03-07 12:23,2026-03-07 12:23
cinco_dias,69,Pro-Gobierno,0.04,2026-03-07 12:23,2026-03-07 12:23
elespanol,59,Pro-Gobierno,0.21,2026-03-07 12:23,2026-03-07 12:23
bbc_mundo,59,Pro-Gobierno,0.06,2026-03-07 12:23,2026-03-07 12:23
elmundo_espana,58,Contra-Gobierno,-0.19,2026-03-07 12:23,2026-03-07 12:23
france24_es,56,Contra-Gobierno,-0.03,2026-03-07 12:23,2026-03-07 12:23
elmundo,56,Pro-Gobierno,0.11,2026-03-07 12:23,2026-03-07 12:23
maldita,50,Neutral,0.0,2026-03-07 12:23,2026-03-07 12:23
elconfidencial,42,Contra-Gobierno,-0.25,2026-03-07 12:23,2026-03-07 12:23
elmundo_internacional,40,Neutral,0.0,2026-03-07 12:23,2026-03-07 12:23
elpais_internacional,26,Neutral,0.0,2026-03-07 12:23,2026-03-07 12:23
vozpopuli,25,Neutral,0.0,2026-03-07 12:23,2026-03-07 12:23
europapress,24,Contra-Gobierno,-0.22,2026-03-07 12:23,2026-03-07 12:23
newtral,13,Pro-Gobierno,0.09,2026-03-07 12:23,2026-03-07 12:23
abc,1,Neutral,0.0,2026-03-07 12:23,2026-03-07 12:23
heraldo_aragon,368,Contra-Gobierno,-0.08,2026-03-07 12:31,2026-03-07 12:31
20minutos,314,Contra-Gobierno,-0.08,2026-03-07 12:31,2026-03-07 12:31
lavanguardia,284,Contra-Gobierno,-0.07,2026-03-07 12:31,2026-03-07 12:31
elpais,244,Contra-Gobierno,-0.08,2026-03-07 12:31,2026-03-07 12:31
okdiario,220,Neutral,0.0,2026-03-07 12:31,2026-03-07 12:31
google_news_es,192,Pro-Gobierno,0.07,2026-03-07 12:31,2026-03-07 12:31
eldiario,163,Contra-Gobierno,-0.13,2026-03-07 12:31,2026-03-07 12:31
google_news_politica,162,Pro-Gobierno,0.25,2026-03-07 12:31,2026-03-07 12:31
levante_emv,116,Pro-Gobierno,0.14,2026-03-07 12:31,2026-03-07 12:31
expansion,111,Pro-Gobierno,0.04,2026-03-07 12:31,2026-03-07 12:31
elcorreo,99,Contra-Gobierno,-0.02,2026-03-07 12:31,2026-03-07 12:31
infolibre,85,Pro-Gobierno,0.13,2026-03-07 12:31,2026-03-07 12:31
huffington_es,80,Pro-Gobierno,0.14,2026-03-07 12:31,2026-03-07 12:31
cinco_dias,69,Pro-Gobierno,0.04,2026-03-07 12:31,2026-03-07 12:31
elespanol,61,Pro-Gobierno,0.2,2026-03-07 12:31,2026-03-07 12:31
bbc_mundo,59,Pro-Gobierno,0.06,2026-03-07 12:31,2026-03-07 12:31
elmundo_espana,58,Contra-Gobierno,-0.19,2026-03-07 12:31,2026-03-07 12:31
france24_es,57,Contra-Gobierno,-0.03,2026-03-07 12:31,2026-03-07 12:31
elmundo,56,Pro-Gobierno,0.11,2026-03-07 12:31,2026-03-07 12:31
maldita,50,Neutral,0.0,2026-03-07 12:31,2026-03-07 12:31
elconfidencial,42,Contra-Gobierno,-0.25,2026-03-07 12:31,2026-03-07 12:31
elmundo_internacional,40,Neutral,0.0,2026-03-07 12:31,2026-03-07 12:31
elpais_internacional,26,Neutral,0.0,2026-03-07 12:31,2026-03-07 12:31
vozpopuli,25,Neutral,0.0,2026-03-07 12:31,2026-03-07 12:31
europapress,24,Contra-Gobierno,-0.22,2026-03-07 12:31,2026-03-07 12:31
newtral,13,Pro-Gobierno,0.09,2026-03-07 12:31,2026-03-07 12:31
abc,1,Neutral,0.0,2026-03-07 12:31,2026-03-07 12:31
heraldo_aragon,368,Contra-Gobierno,-0.08,2026-03-07 12:32,2026-03-07 12:32
20minutos,315,Contra-Gobierno,-0.08,2026-03-07 12:32,2026-03-07 12:32
lavanguardia,284,Contra-Gobierno,-0.07,2026-03-07 12:32,2026-03-07 12:32
elpais,244,Contra-Gobierno,-0.08,2026-03-07 12:32,2026-03-07 12:32
okdiario,220,Neutral,0.0,2026-03-07 12:32,2026-03-07 12:32
google_news_es,192,Pro-Gobierno,0.07,2026-03-07 12:32,2026-03-07 12:32
eldiario,163,Contra-Gobierno,-0.13,2026-03-07 12:32,2026-03-07 12:32
google_news_politica,163,Pro-Gobierno,0.25,2026-03-07 12:32,2026-03-07 12:32
levante_emv,117,Pro-Gobierno,0.14,2026-03-07 12:32,2026-03-07 12:32
expansion,111,Pro-Gobierno,0.04,2026-03-07 12:32,2026-03-07 12:32
elcorreo,99,Contra-Gobierno,-0.02,2026-03-07 12:32,2026-03-07 12:32
infolibre,86,Pro-Gobierno,0.12,2026-03-07 12:32,2026-03-07 12:32
huffington_es,80,Pro-Gobierno,0.14,2026-03-07 12:32,2026-03-07 12:32
cinco_dias,69,Pro-Gobierno,0.04,2026-03-07 12:32,2026-03-07 12:32
elespanol,61,Pro-Gobierno,0.2,2026-03-07 12:32,2026-03-07 12:32
bbc_mundo,59,Pro-Gobierno,0.06,2026-03-07 12:32,2026-03-07 12:32
elmundo_espana,58,Contra-Gobierno,-0.19,2026-03-07 12:32,2026-03-07 12:32
france24_es,57,Contra-Gobierno,-0.03,2026-03-07 12:32,2026-03-07 12:32
elmundo,56,Pro-Gobierno,0.11,2026-03-07 12:32,2026-03-07 12:32
maldita,50,Neutral,0.0,2026-03-07 12:32,2026-03-07 12:32
elconfidencial,42,Contra-Gobierno,-0.25,2026-03-07 12:32,2026-03-07 12:32
elmundo_internacional,40,Neutral,0.0,2026-03-07 12:32,2026-03-07 12:32
elpais_internacional,26,Neutral,0.0,2026-03-07 12:32,2026-03-07 12:32
vozpopuli,25,Neutral,0.0,2026-03-07 12:32,2026-03-07 12:32
europapress,24,Contra-Gobierno,-0.22,2026-03-07 12:32,2026-03-07 12:32
newtral,13,Pro-Gobierno,0.09,2026-03-07 12:32,2026-03-07 12:32
abc,1,Neutral,0.0,2026-03-07 12:32,2026-03-07 12:32
heraldo_aragon,372,Contra-Gobierno,-0.09,2026-03-07 13:01,2026-03-07 13:01
20minutos,318,Contra-Gobierno,-0.07,2026-03-07 13:01,2026-03-07 13:01
lavanguardia,288,Contra-Gobierno,-0.07,2026-03-07 13:01,2026-03-07 13:01
elpais,247,Contra-Gobierno,-0.08,2026-03-07 13:01,2026-03-07 13:01
okdiario,222,Pro-Gobierno,0.07,2026-03-07 13:01,2026-03-07 13:01
google_news_es,198,Pro-Gobierno,0.07,2026-03-07 13:01,2026-03-07 13:01
google_news_politica,166,Pro-Gobierno,0.25,2026-03-07 13:01,2026-03-07 13:01
eldiario,163,Contra-Gobierno,-0.13,2026-03-07 13:01,2026-03-07 13:01
levante_emv,123,Pro-Gobierno,0.14,2026-03-07 13:01,2026-03-07 13:01
expansion,112,Pro-Gobierno,0.04,2026-03-07 13:01,2026-03-07 13:01
elcorreo,102,Contra-Gobierno,-0.02,2026-03-07 13:01,2026-03-07 13:01
infolibre,86,Pro-Gobierno,0.12,2026-03-07 13:01,2026-03-07 13:01
huffington_es,82,Pro-Gobierno,0.15,2026-03-07 13:01,2026-03-07 13:01
cinco_dias,69,Pro-Gobierno,0.04,2026-03-07 13:01,2026-03-07 13:01
elespanol,63,Pro-Gobierno,0.21,2026-03-07 13:01,2026-03-07 13:01
bbc_mundo,60,Pro-Gobierno,0.06,2026-03-07 13:01,2026-03-07 13:01
france24_es,58,Contra-Gobierno,-0.06,2026-03-07 13:01,2026-03-07 13:01
elmundo_espana,58,Contra-Gobierno,-0.19,2026-03-07 13:01,2026-03-07 13:01
elmundo,58,Pro-Gobierno,0.12,2026-03-07 13:01,2026-03-07 13:01
maldita,50,Neutral,0.0,2026-03-07 13:01,2026-03-07 13:01
elconfidencial,43,Contra-Gobierno,-0.26,2026-03-07 13:01,2026-03-07 13:01
elmundo_internacional,40,Neutral,0.0,2026-03-07 13:01,2026-03-07 13:01
europapress,26,Contra-Gobierno,-0.22,2026-03-07 13:01,2026-03-07 13:01
elpais_internacional,26,Neutral,0.0,2026-03-07 13:01,2026-03-07 13:01
vozpopuli,25,Neutral,0.0,2026-03-07 13:01,2026-03-07 13:01
newtral,13,Pro-Gobierno,0.09,2026-03-07 13:01,2026-03-07 13:01
abc,1,Neutral,0.0,2026-03-07 13:01,2026-03-07 13:01
heraldo_aragon,373,Contra-Gobierno,-0.09,2026-03-07 13:31,2026-03-07 13:31
20minutos,322,Contra-Gobierno,-0.07,2026-03-07 13:31,2026-03-07 13:31
lavanguardia,296,Contra-Gobierno,-0.07,2026-03-07 13:31,2026-03-07 13:31
elpais,248,Contra-Gobierno,-0.08,2026-03-07 13:31,2026-03-07 13:31
okdiario,228,Pro-Gobierno,0.07,2026-03-07 13:31,2026-03-07 13:31
google_news_es,205,Pro-Gobierno,0.07,2026-03-07 13:31,2026-03-07 13:31
google_news_politica,168,Pro-Gobierno,0.25,2026-03-07 13:31,2026-03-07 13:31
eldiario,165,Contra-Gobierno,-0.12,2026-03-07 13:31,2026-03-07 13:31
levante_emv,130,Pro-Gobierno,0.14,2026-03-07 13:31,2026-03-07 13:31
elcorreo,117,Pro-Gobierno,0.04,2026-03-07 13:31,2026-03-07 13:31
expansion,114,Pro-Gobierno,0.06,2026-03-07 13:31,2026-03-07 13:31
infolibre,89,Pro-Gobierno,0.12,2026-03-07 13:31,2026-03-07 13:31
huffington_es,82,Pro-Gobierno,0.15,2026-03-07 13:31,2026-03-07 13:31
cinco_dias,69,Pro-Gobierno,0.04,2026-03-07 13:31,2026-03-07 13:31
elespanol,66,Pro-Gobierno,0.21,2026-03-07 13:31,2026-03-07 13:31
bbc_mundo,60,Pro-Gobierno,0.06,2026-03-07 13:31,2026-03-07 13:31
elmundo,59,Pro-Gobierno,0.12,2026-03-07 13:31,2026-03-07 13:31
france24_es,58,Contra-Gobierno,-0.06,2026-03-07 13:31,2026-03-07 13:31
elmundo_espana,58,Contra-Gobierno,-0.19,2026-03-07 13:31,2026-03-07 13:31
maldita,50,Neutral,0.0,2026-03-07 13:31,2026-03-07 13:31
elconfidencial,43,Contra-Gobierno,-0.26,2026-03-07 13:31,2026-03-07 13:31
elmundo_internacional,40,Neutral,0.0,2026-03-07 13:31,2026-03-07 13:31
europapress,26,Contra-Gobierno,-0.22,2026-03-07 13:31,2026-03-07 13:31
elpais_internacional,26,Neutral,0.0,2026-03-07 13:31,2026-03-07 13:31
vozpopuli,25,Neutral,0.0,2026-03-07 13:31,2026-03-07 13:31
newtral,13,Pro-Gobierno,0.09,2026-03-07 13:31,2026-03-07 13:31
abc,1,Neutral,0.0,2026-03-07 13:31,2026-03-07 13:31
heraldo_aragon,380,Contra-Gobierno,-0.1,2026-03-07 14:01,2026-03-07 14:01
20minutos,327,Contra-Gobierno,-0.07,2026-03-07 14:01,2026-03-07 14:01
lavanguardia,300,Contra-Gobierno,-0.07,2026-03-07 14:01,2026-03-07 14:01
elpais,249,Contra-Gobierno,-0.09,2026-03-07 14:01,2026-03-07 14:01
okdiario,230,Pro-Gobierno,0.07,2026-03-07 14:01,2026-03-07 14:01
google_news_es,209,Pro-Gobierno,0.06,2026-03-07 14:01,2026-03-07 14:01
google_news_politica,169,Pro-Gobierno,0.26,2026-03-07 14:01,2026-03-07 14:01
eldiario,167,Contra-Gobierno,-0.14,2026-03-07 14:01,2026-03-07 14:01
levante_emv,135,Pro-Gobierno,0.14,2026-03-07 14:01,2026-03-07 14:01
elcorreo,120,Pro-Gobierno,0.06,2026-03-07 14:01,2026-03-07 14:01
expansion,114,Pro-Gobierno,0.06,2026-03-07 14:01,2026-03-07 14:01
infolibre,90,Pro-Gobierno,0.12,2026-03-07 14:01,2026-03-07 14:01
huffington_es,86,Pro-Gobierno,0.14,2026-03-07 14:01,2026-03-07 14:01
cinco_dias,69,Pro-Gobierno,0.04,2026-03-07 14:01,2026-03-07 14:01
elespanol,66,Pro-Gobierno,0.21,2026-03-07 14:01,2026-03-07 14:01
elmundo,62,Pro-Gobierno,0.11,2026-03-07 14:01,2026-03-07 14:01
bbc_mundo,61,Pro-Gobierno,0.06,2026-03-07 14:01,2026-03-07 14:01
france24_es,59,Contra-Gobierno,-0.06,2026-03-07 14:01,2026-03-07 14:01
elmundo_espana,58,Contra-Gobierno,-0.19,2026-03-07 14:01,2026-03-07 14:01
maldita,50,Neutral,0.0,2026-03-07 14:01,2026-03-07 14:01
elconfidencial,43,Contra-Gobierno,-0.26,2026-03-07 14:01,2026-03-07 14:01
elmundo_internacional,40,Neutral,0.0,2026-03-07 14:01,2026-03-07 14:01
europapress,27,Contra-Gobierno,-0.24,2026-03-07 14:01,2026-03-07 14:01
elpais_internacional,26,Neutral,0.0,2026-03-07 14:01,2026-03-07 14:01
vozpopuli,25,Neutral,0.0,2026-03-07 14:01,2026-03-07 14:01
newtral,13,Pro-Gobierno,0.09,2026-03-07 14:01,2026-03-07 14:01
abc,1,Neutral,0.0,2026-03-07 14:01,2026-03-07 14:01
heraldo_aragon,381,Contra-Gobierno,-0.1,2026-03-07 14:31,2026-03-07 14:31
20minutos,331,Contra-Gobierno,-0.07,2026-03-07 14:31,2026-03-07 14:31
lavanguardia,308,Contra-Gobierno,-0.07,2026-03-07 14:31,2026-03-07 14:31
elpais,250,Contra-Gobierno,-0.09,2026-03-07 14:31,2026-03-07 14:31
okdiario,237,Pro-Gobierno,0.08,2026-03-07 14:31,2026-03-07 14:31
google_news_es,216,Pro-Gobierno,0.06,2026-03-07 14:31,2026-03-07 14:31
google_news_politica,172,Pro-Gobierno,0.26,2026-03-07 14:31,2026-03-07 14:31
eldiario,169,Contra-Gobierno,-0.13,2026-03-07 14:31,2026-03-07 14:31
levante_emv,141,Pro-Gobierno,0.13,2026-03-07 14:31,2026-03-07 14:31
elcorreo,124,Pro-Gobierno,0.05,2026-03-07 14:31,2026-03-07 14:31
expansion,115,Pro-Gobierno,0.06,2026-03-07 14:31,2026-03-07 14:31
infolibre,91,Pro-Gobierno,0.12,2026-03-07 14:31,2026-03-07 14:31
huffington_es,87,Pro-Gobierno,0.14,2026-03-07 14:31,2026-03-07 14:31
cinco_dias,69,Pro-Gobierno,0.04,2026-03-07 14:31,2026-03-07 14:31
elmundo,69,Pro-Gobierno,0.1,2026-03-07 14:31,2026-03-07 14:31
elespanol,67,Pro-Gobierno,0.21,2026-03-07 14:31,2026-03-07 14:31
bbc_mundo,61,Pro-Gobierno,0.06,2026-03-07 14:31,2026-03-07 14:31
france24_es,59,Contra-Gobierno,-0.06,2026-03-07 14:31,2026-03-07 14:31
elmundo_espana,58,Contra-Gobierno,-0.19,2026-03-07 14:31,2026-03-07 14:31
maldita,50,Neutral,0.0,2026-03-07 14:31,2026-03-07 14:31
elconfidencial,43,Contra-Gobierno,-0.26,2026-03-07 14:31,2026-03-07 14:31
elmundo_internacional,40,Neutral,0.0,2026-03-07 14:31,2026-03-07 14:31
europapress,28,Contra-Gobierno,-0.25,2026-03-07 14:31,2026-03-07 14:31
elpais_internacional,26,Neutral,0.0,2026-03-07 14:31,2026-03-07 14:31
vozpopuli,25,Neutral,0.0,2026-03-07 14:31,2026-03-07 14:31
newtral,13,Pro-Gobierno,0.09,2026-03-07 14:31,2026-03-07 14:31
abc,1,Neutral,0.0,2026-03-07 14:31,2026-03-07 14:31
heraldo_aragon,395,Contra-Gobierno,-0.09,2026-03-07 15:01,2026-03-07 15:01
20minutos,339,Contra-Gobierno,-0.07,2026-03-07 15:01,2026-03-07 15:01
lavanguardia,310,Contra-Gobierno,-0.07,2026-03-07 15:01,2026-03-07 15:01
elpais,251,Contra-Gobierno,-0.09,2026-03-07 15:01,2026-03-07 15:01
okdiario,238,Pro-Gobierno,0.09,2026-03-07 15:01,2026-03-07 15:01
google_news_es,222,Pro-Gobierno,0.06,2026-03-07 15:01,2026-03-07 15:01
google_news_politica,177,Pro-Gobierno,0.25,2026-03-07 15:01,2026-03-07 15:01
eldiario,173,Contra-Gobierno,-0.14,2026-03-07 15:01,2026-03-07 15:01
levante_emv,146,Pro-Gobierno,0.14,2026-03-07 15:01,2026-03-07 15:01
elcorreo,125,Pro-Gobierno,0.05,2026-03-07 15:01,2026-03-07 15:01
expansion,117,Pro-Gobierno,0.06,2026-03-07 15:01,2026-03-07 15:01
infolibre,92,Pro-Gobierno,0.11,2026-03-07 15:01,2026-03-07 15:01
huffington_es,89,Pro-Gobierno,0.14,2026-03-07 15:01,2026-03-07 15:01
cinco_dias,69,Pro-Gobierno,0.04,2026-03-07 15:01,2026-03-07 15:01
elmundo,69,Pro-Gobierno,0.1,2026-03-07 15:01,2026-03-07 15:01
elespanol,69,Pro-Gobierno,0.22,2026-03-07 15:01,2026-03-07 15:01
france24_es,65,Contra-Gobierno,-0.05,2026-03-07 15:01,2026-03-07 15:01
bbc_mundo,61,Pro-Gobierno,0.06,2026-03-07 15:01,2026-03-07 15:01
elmundo_espana,58,Contra-Gobierno,-0.19,2026-03-07 15:01,2026-03-07 15:01
maldita,50,Neutral,0.0,2026-03-07 15:01,2026-03-07 15:01
elconfidencial,43,Contra-Gobierno,-0.26,2026-03-07 15:01,2026-03-07 15:01
elmundo_internacional,40,Neutral,0.0,2026-03-07 15:01,2026-03-07 15:01
europapress,28,Contra-Gobierno,-0.25,2026-03-07 15:01,2026-03-07 15:01
elpais_internacional,26,Neutral,0.0,2026-03-07 15:01,2026-03-07 15:01
vozpopuli,25,Neutral,0.0,2026-03-07 15:01,2026-03-07 15:01
newtral,13,Pro-Gobierno,0.09,2026-03-07 15:01,2026-03-07 15:01
abc,1,Neutral,0.0,2026-03-07 15:01,2026-03-07 15:01
heraldo_aragon,400,Contra-Gobierno,-0.09,2026-03-07 15:31,2026-03-07 15:31
20minutos,342,Contra-Gobierno,-0.07,2026-03-07 15:31,2026-03-07 15:31
lavanguardia,313,Contra-Gobierno,-0.07,2026-03-07 15:31,2026-03-07 15:31
elpais,251,Contra-Gobierno,-0.09,2026-03-07 15:31,2026-03-07 15:31
okdiario,239,Pro-Gobierno,0.09,2026-03-07 15:31,2026-03-07 15:31
google_news_es,228,Pro-Gobierno,0.06,2026-03-07 15:31,2026-03-07 15:31
google_news_politica,178,Pro-Gobierno,0.25,2026-03-07 15:31,2026-03-07 15:31
eldiario,174,Contra-Gobierno,-0.14,2026-03-07 15:31,2026-03-07 15:31
levante_emv,147,Pro-Gobierno,0.14,2026-03-07 15:31,2026-03-07 15:31
elcorreo,128,Pro-Gobierno,0.05,2026-03-07 15:31,2026-03-07 15:31
expansion,117,Pro-Gobierno,0.06,2026-03-07 15:31,2026-03-07 15:31
infolibre,93,Pro-Gobierno,0.11,2026-03-07 15:31,2026-03-07 15:31
huffington_es,91,Pro-Gobierno,0.14,2026-03-07 15:31,2026-03-07 15:31
cinco_dias,69,Pro-Gobierno,0.04,2026-03-07 15:31,2026-03-07 15:31
elmundo,69,Pro-Gobierno,0.1,2026-03-07 15:31,2026-03-07 15:31
elespanol,69,Pro-Gobierno,0.22,2026-03-07 15:31,2026-03-07 15:31
france24_es,66,Contra-Gobierno,-0.05,2026-03-07 15:31,2026-03-07 15:31
bbc_mundo,63,Pro-Gobierno,0.06,2026-03-07 15:31,2026-03-07 15:31
elmundo_espana,58,Contra-Gobierno,-0.19,2026-03-07 15:31,2026-03-07 15:31
maldita,50,Neutral,0.0,2026-03-07 15:31,2026-03-07 15:31
elconfidencial,43,Contra-Gobierno,-0.26,2026-03-07 15:31,2026-03-07 15:31
elmundo_internacional,40,Neutral,0.0,2026-03-07 15:31,2026-03-07 15:31
europapress,29,Contra-Gobierno,-0.25,2026-03-07 15:31,2026-03-07 15:31
elpais_internacional,26,Neutral,0.0,2026-03-07 15:31,2026-03-07 15:31
vozpopuli,25,Neutral,0.0,2026-03-07 15:31,2026-03-07 15:31
newtral,13,Pro-Gobierno,0.09,2026-03-07 15:31,2026-03-07 15:31
abc,1,Neutral,0.0,2026-03-07 15:31,2026-03-07 15:31
heraldo_aragon,410,Contra-Gobierno,-0.09,2026-03-07 16:01,2026-03-07 16:01
20minutos,346,Contra-Gobierno,-0.07,2026-03-07 16:01,2026-03-07 16:01
lavanguardia,314,Contra-Gobierno,-0.07,2026-03-07 16:01,2026-03-07 16:01
elpais,251,Contra-Gobierno,-0.09,2026-03-07 16:01,2026-03-07 16:01
okdiario,241,Pro-Gobierno,0.09,2026-03-07 16:01,2026-03-07 16:01
google_news_es,235,Pro-Gobierno,0.06,2026-03-07 16:01,2026-03-07 16:01
google_news_politica,179,Pro-Gobierno,0.25,2026-03-07 16:01,2026-03-07 16:01
eldiario,176,Contra-Gobierno,-0.13,2026-03-07 16:01,2026-03-07 16:01
levante_emv,150,Pro-Gobierno,0.13,2026-03-07 16:01,2026-03-07 16:01
elcorreo,131,Pro-Gobierno,0.05,2026-03-07 16:01,2026-03-07 16:01
expansion,117,Pro-Gobierno,0.06,2026-03-07 16:01,2026-03-07 16:01
infolibre,93,Pro-Gobierno,0.11,2026-03-07 16:01,2026-03-07 16:01
huffington_es,92,Pro-Gobierno,0.14,2026-03-07 16:01,2026-03-07 16:01
elespanol,70,Pro-Gobierno,0.23,2026-03-07 16:01,2026-03-07 16:01
elmundo,70,Pro-Gobierno,0.1,2026-03-07 16:01,2026-03-07 16:01
cinco_dias,69,Pro-Gobierno,0.04,2026-03-07 16:01,2026-03-07 16:01
france24_es,68,Contra-Gobierno,-0.05,2026-03-07 16:01,2026-03-07 16:01
bbc_mundo,64,Pro-Gobierno,0.06,2026-03-07 16:01,2026-03-07 16:01
elmundo_espana,58,Contra-Gobierno,-0.19,2026-03-07 16:01,2026-03-07 16:01
maldita,50,Neutral,0.0,2026-03-07 16:01,2026-03-07 16:01
elconfidencial,43,Contra-Gobierno,-0.26,2026-03-07 16:01,2026-03-07 16:01
elmundo_internacional,40,Neutral,0.0,2026-03-07 16:01,2026-03-07 16:01
europapress,29,Contra-Gobierno,-0.25,2026-03-07 16:01,2026-03-07 16:01
elpais_internacional,26,Neutral,0.0,2026-03-07 16:01,2026-03-07 16:01
vozpopuli,25,Neutral,0.0,2026-03-07 16:01,2026-03-07 16:01
newtral,13,Pro-Gobierno,0.09,2026-03-07 16:01,2026-03-07 16:01
abc,1,Neutral,0.0,2026-03-07 16:01,2026-03-07 16:01
