cluster,cluster_label,count,last_update,cycle
0,2026 años madrid marzo tras,1832,2026-03-07 09:21,2026-03-07 09:21
1,españa gobierno política sánchez trump,245,2026-03-07 09:21,2026-03-07 09:21
2,039 quot real sánchez zaragoza,70,2026-03-07 09:21,2026-03-07 09:21
3,ee irán israel trump uu,201,2026-03-07 09:21,2026-03-07 09:21
4,españa guerra irán sánchez trump,155,2026-03-07 09:21,2026-03-07 09:21
0,2026 españa madrid marzo tras,1970,2026-03-07 09:30,2026-03-07 09:30
1,039 quot real sánchez zaragoza,73,2026-03-07 09:30,2026-03-07 09:30
2,10 20 años blanca casa,105,2026-03-07 09:30,2026-03-07 09:30
3,2025 jornada país política sánchez,54,2026-03-07 09:30,2026-03-07 09:30
4,españa guerra irán sánchez trump,365,2026-03-07 09:30,2026-03-07 09:30
0,españa gobierno política sánchez trump,192,2026-03-07 10:00,2026-03-07 10:00
1,2026 años madrid marzo tras,1930,2026-03-07 10:00,2026-03-07 10:00
2,039 guerra quot sánchez zaragoza,76,2026-03-07 10:00,2026-03-07 10:00
3,ee irán israel trump uu,245,2026-03-07 10:00,2026-03-07 10:00
4,guerra irán israel oriente sánchez,163,2026-03-07 10:00,2026-03-07 10:00
0,039 guerra quot sánchez zaragoza,77,2026-03-07 10:30,2026-03-07 10:30
1,españa gobierno política sánchez trump,282,2026-03-07 10:30,2026-03-07 10:30
2,guerra irán israel sánchez trump,217,2026-03-07 10:30,2026-03-07 10:30
3,000 años irán madrid tras,1946,2026-03-07 10:30,2026-03-07 10:30
4,2026 hoy marzo sábado viernes,124,2026-03-07 10:30,2026-03-07 10:30
0,2026 años madrid marzo tras,1960,2026-03-07 11:00,2026-03-07 11:00
1,españa guerra irán sánchez trump,144,2026-03-07 11:00,2026-03-07 11:00
2,ataques ee guerra irán israel,217,2026-03-07 11:00,2026-03-07 11:00
3,españa gobierno guerra política sánchez,284,2026-03-07 11:00,2026-03-07 11:00
4,039 guerra quot sánchez zaragoza,78,2026-03-07 11:00,2026-03-07 11:00
0,20 años dos tras tres,88,2026-03-07 11:30,2026-03-07 11:30
1,españa madrid política quot tras,2060,2026-03-07 11:30,2026-03-07 11:30
2,2026 hoy marzo sábado viernes,130,2026-03-07 11:30,2026-03-07 11:30
3,españa guerra irán sánchez trump,223,2026-03-07 11:30,2026-03-07 11:30
4,ee guerra irán israel uu,230,2026-03-07 11:30,2026-03-07 11:30
0,años españa madrid política trump,2128,2026-03-07 12:00,2026-03-07 12:00
1,guerra irán israel sánchez trump,331,2026-03-07 12:00,2026-03-07 12:00
2,2026 hoy marzo sábado viernes,132,2026-03-07 12:00,2026-03-07 12:00
3,039 quot si sánchez zaragoza,83,2026-03-07 12:00,2026-03-07 12:00
4,ataque españa irán tras trump,110,2026-03-07 12:00,2026-03-07 12:00
0,años dos euros madrid tras,1993,2026-03-07 12:23,2026-03-07 12:23
1,039 guerra irán quot zaragoza,85,2026-03-07 12:23,2026-03-07 12:23
2,guerra irán israel trump uu,248,2026-03-07 12:23,2026-03-07 12:23
3,españa guerra política sánchez trump,360,2026-03-07 12:23,2026-03-07 12:23
4,2026 hoy marzo sábado viernes,141,2026-03-07 12:23,2026-03-07 12:23
0,años dos españa madrid tras,2242,2026-03-07 12:30,2026-03-07 12:30
1,ataques guerra irán israel uu,320,2026-03-07 12:30,2026-03-07 12:30
2,españa guerra pedro sánchez trump,207,2026-03-07 12:30,2026-03-07 12:30
3,039 guerra quot sánchez zaragoza,110,2026-03-07 12:30,2026-03-07 12:30
4,2026 hoy marzo sábado viernes,140,2026-03-07 12:30,2026-03-07 12:30
0,000 25 así euros millones,151,2026-03-07 12:31,2026-03-07 12:31
1,guerra irán israel sánchez trump,226,2026-03-07 12:31,2026-03-07 12:31
2,039 guerra quot sánchez zaragoza,110,2026-03-07 12:31,2026-03-07 12:31
3,guerra irán medio oriente próximo,53,2026-03-07 12:31,2026-03-07 12:31
4,2026 españa irán tras trump,2483,2026-03-07 12:31,2026-03-07 12:31
0,2026 hoy marzo sábado viernes,144,2026-03-07 13:00,2026-03-07 13:00
1,039 irán quot trump zaragoza,115,2026-03-07 13:00,2026-03-07 13:00
2,ee guerra irán israel sánchez,315,2026-03-07 13:00,2026-03-07 13:00
3,años dos españa madrid política,2245,2026-03-07 13:00,2026-03-07 13:00
4,españa irán sánchez tras trump,250,2026-03-07 13:00,2026-03-07 13:00
0,039 quot sánchez trump zaragoza,116,2026-03-07 13:30,2026-03-07 13:30
1,españa gobierno política sánchez trump,203,2026-03-07 13:30,2026-03-07 13:30
2,guerra irán israel sánchez uu,305,2026-03-07 13:30,2026-03-07 13:30
3,gobierno irán sánchez tras trump,244,2026-03-07 13:30,2026-03-07 13:30
4,2026 años dos madrid marzo,2263,2026-03-07 13:30,2026-03-07 13:30
0,2026 años españa madrid tras,2428,2026-03-07 14:00,2026-03-07 14:00
1,españa guerra irán sánchez trump,223,2026-03-07 14:00,2026-03-07 14:00
2,039 guerra quot sánchez zaragoza,121,2026-03-07 14:00,2026-03-07 14:00
3,2025 españa país política sánchez,90,2026-03-07 14:00,2026-03-07 14:00
4,ataques ee irán trump uu,314,2026-03-07 14:00,2026-03-07 14:00
0,años irán madrid tras trump,2482,2026-03-07 14:30,2026-03-07 14:30
1,039 quot sánchez trump zaragoza,122,2026-03-07 14:30,2026-03-07 14:30
2,2026 comprobar hoy marzo sábado,151,2026-03-07 14:30,2026-03-07 14:30
3,españa gobierno política sánchez trump,228,2026-03-07 14:30,2026-03-07 14:30
4,guerra irán israel sánchez trump,248,2026-03-07 14:30,2026-03-07 14:30
0,2026 años españa política tras,2435,2026-03-07 15:00,2026-03-07 15:00
1,2026 hoy madrid marzo sábado,191,2026-03-07 15:00,2026-03-07 15:00
2,guerra irán israel sánchez uu,355,2026-03-07 15:00,2026-03-07 15:00
3,españa guerra irán sánchez trump,181,2026-03-07 15:00,2026-03-07 15:00
4,039 irán quot trump zaragoza,129,2026-03-07 15:00,2026-03-07 15:00
0,2026 españa irán tras trump,2784,2026-03-07 15:30,2026-03-07 15:30
1,guerra irán israel sánchez trump,268,2026-03-07 15:30,2026-03-07 15:30
2,detenidos dos expertos madrid yihadista,75,2026-03-07 15:30,2026-03-07 15:30
3,039 irán quot trump zaragoza,131,2026-03-07 15:30,2026-03-07 15:30
4,000 así euros irán sido,64,2026-03-07 15:30,2026-03-07 15:30
0,audiencia nacional rechaza supremo ábalos,27,2026-03-07 16:00,2026-03-07 16:00
1,039 irán quot trump zaragoza,132,2026-03-07 16:00,2026-03-07 16:00
2,españa gobierno política sánchez trump,231,2026-03-07 16:00,2026-03-07 16:00
3,guerra irán israel sánchez trump,437,2026-03-07 16:00,2026-03-07 16:00
4,2026 años madrid marzo tras,2534,2026-03-07 16:00,2026-03-07 16:00
0,2026 años hoy marzo tras,2344,2026-03-07 16:30,2026-03-07 16:30
1,039 irán quot trump zaragoza,136,2026-03-07 16:30,2026-03-07 16:30
2,ee irán israel trump uu,334,2026-03-07 16:30,2026-03-07 16:30
3,españa guerra irán sánchez trump,238,2026-03-07 16:30,2026-03-07 16:30
4,españa gobierno madrid política real,349,2026-03-07 16:30,2026-03-07 16:30
0,2026 años irán tras trump,2654,2026-03-07 17:00,2026-03-07 17:00
1,celta dos madrid policía real,165,2026-03-07 17:00,2026-03-07 17:00
2,039 irán quot trump zaragoza,136,2026-03-07 17:00,2026-03-07 17:00
3,guerra irán israel sánchez trump,256,2026-03-07 17:00,2026-03-07 17:00
4,españa gobierno política sánchez trump,226,2026-03-07 17:00,2026-03-07 17:00
0,2026 españa irán madrid tras,2742,2026-03-07 17:30,2026-03-07 17:30
1,españa europa irán puede ser,113,2026-03-07 17:30,2026-03-07 17:30
2,039 irán quot trump zaragoza,138,2026-03-07 17:30,2026-03-07 17:30
3,ee españa irán trump uu,243,2026-03-07 17:30,2026-03-07 17:30
4,españa guerra irán israel sánchez,237,2026-03-07 17:30,2026-03-07 17:30
0,2026 años españa tras trump,2645,2026-03-07 18:00,2026-03-07 18:00
1,039 irán quot trump zaragoza,141,2026-03-07 18:00,2026-03-07 18:00
2,españa guerra pedro sánchez trump,232,2026-03-07 18:00,2026-03-07 18:00
3,ataques guerra irán israel trump,325,2026-03-07 18:00,2026-03-07 18:00
4,celta dos madrid policía real,173,2026-03-07 18:00,2026-03-07 18:00
0,039 dice quot trump zaragoza,142,2026-03-07 18:30,2026-03-07 18:30
1,celta dos expertos madrid real,119,2026-03-07 18:30,2026-03-07 18:30
2,2026 años marzo tras trump,2622,2026-03-07 18:30,2026-03-07 18:30
3,guerra irán israel sánchez trump,426,2026-03-07 18:30,2026-03-07 18:30
4,españa gobierno política sánchez trump,259,2026-03-07 18:30,2026-03-07 18:30
0,años españa madrid tras trump,2698,2026-03-07 19:00,2026-03-07 19:00
1,guerra irán israel sánchez trump,488,2026-03-07 19:00,2026-03-07 19:00
2,jornada mujeres país política sánchez,125,2026-03-07 19:00,2026-03-07 19:00
3,2026 comprobar hoy marzo sábado,166,2026-03-07 19:00,2026-03-07 19:00
4,039 irán quot trump zaragoza,147,2026-03-07 19:00,2026-03-07 19:00
0,años españa madrid tras trump,2810,2026-03-07 19:30,2026-03-07 19:30
1,000 25 euros menos millones,108,2026-03-07 19:30,2026-03-07 19:30
2,2026 comprobar hoy marzo sábado,165,2026-03-07 19:30,2026-03-07 19:30
3,guerra irán israel sánchez trump,439,2026-03-07 19:30,2026-03-07 19:30
4,039 irán quot trump zaragoza,150,2026-03-07 19:30,2026-03-07 19:30
0,039 irán quot trump zaragoza,155,2026-03-07 20:00,2026-03-07 20:00
1,años españa madrid política tras,2782,2026-03-07 20:00,2026-03-07 20:00
2,españa guerra irán sánchez trump,229,2026-03-07 20:00,2026-03-07 20:00
3,2026 comprobar hoy marzo sábado,171,2026-03-07 20:00,2026-03-07 20:00
4,eeuu guerra irán israel sánchez,385,2026-03-07 20:00,2026-03-07 20:00
0,ee hoy irán marzo trump,338,2026-03-07 20:30,2026-03-07 20:30
1,años españa madrid tras trump,2959,2026-03-07 20:30,2026-03-07 20:30
2,dao españa nuevo policía tras,59,2026-03-07 20:30,2026-03-07 20:30
3,039 irán quot trump zaragoza,160,2026-03-07 20:30,2026-03-07 20:30
4,españa guerra irán sánchez trump,263,2026-03-07 20:30,2026-03-07 20:30
0,guerra hoy irán marzo sánchez,263,2026-03-07 21:00,2026-03-07 21:00
1,039 irán quot trump zaragoza,160,2026-03-07 21:00,2026-03-07 21:00
2,ataques irán israel trump uu,270,2026-03-07 21:00,2026-03-07 21:00
3,2026 años dos madrid tras,2760,2026-03-07 21:00,2026-03-07 21:00
4,españa gobierno política sánchez trump,389,2026-03-07 21:00,2026-03-07 21:00
0,2026 años españa madrid tras,3019,2026-03-07 21:30,2026-03-07 21:30
1,039 irán quot trump zaragoza,164,2026-03-07 21:30,2026-03-07 21:30
2,ataques españa irán sánchez trump,365,2026-03-07 21:30,2026-03-07 21:30
3,ataques eeuu guerra irán israel,111,2026-03-07 21:30,2026-03-07 21:30
4,españa guerra irán sánchez trump,235,2026-03-07 21:30,2026-03-07 21:30
0,así cádiz real si zaragoza,112,2026-03-07 22:00,2026-03-07 22:00
1,2026 años españa tras trump,3004,2026-03-07 22:00,2026-03-07 22:00
2,guerra irán israel sánchez trump,518,2026-03-07 22:00,2026-03-07 22:00
3,celta dos expertos madrid real,130,2026-03-07 22:00,2026-03-07 22:00
4,039 irán quot trump zaragoza,164,2026-03-07 22:00,2026-03-07 22:00
0,celta dos expertos madrid real,130,2026-03-07 22:30,2026-03-07 22:30
1,039 irán quot trump zaragoza,165,2026-03-07 22:30,2026-03-07 22:30
2,años españa política tras trump,2964,2026-03-07 22:30,2026-03-07 22:30
3,2026 comprobar hoy marzo sábado,182,2026-03-07 22:30,2026-03-07 22:30
4,guerra irán israel sánchez trump,516,2026-03-07 22:30,2026-03-07 22:30
0,2026 años madrid tras trump,2996,2026-03-07 23:00,2026-03-07 23:00
1,2026 comprobar hoy marzo sábado,93,2026-03-07 23:00,2026-03-07 23:00
2,039 irán quot trump zaragoza,166,2026-03-07 23:00,2026-03-07 23:00
3,guerra irán israel sánchez trump,457,2026-03-07 23:00,2026-03-07 23:00
4,españa gobierno guerra política trump,274,2026-03-07 23:00,2026-03-07 23:00
0,2025 jornada país política sánchez,78,2026-03-07 23:30,2026-03-07 23:30
1,039 irán quot trump zaragoza,166,2026-03-07 23:30,2026-03-07 23:30
2,2026 madrid marzo tras trump,3058,2026-03-07 23:30,2026-03-07 23:30
3,españa gobierno política sánchez trump,268,2026-03-07 23:30,2026-03-07 23:30
4,ataques guerra irán israel trump,444,2026-03-07 23:30,2026-03-07 23:30
0,guerra irán israel sánchez trump,569,2026-03-08 00:00,2026-03-08 00:00
1,039 irán quot trump zaragoza,166,2026-03-08 00:00,2026-03-08 00:00
2,2026 hoy madrid marzo tras,2840,2026-03-08 00:00,2026-03-08 00:00
3,años detenidos dos madrid tras,185,2026-03-08 00:00,2026-03-08 00:00
4,españa gobierno guerra política trump,280,2026-03-08 00:00,2026-03-08 00:00
0,ataques guerra irán israel trump,385,2026-03-08 00:30,2026-03-08 00:30
1,españa guerra política sánchez trump,563,2026-03-08 00:30,2026-03-08 00:30
2,2026 comprobar hoy marzo sábado,93,2026-03-08 00:30,2026-03-08 00:30
3,039 irán quot trump zaragoza,166,2026-03-08 00:30,2026-03-08 00:30
4,2026 años dos madrid tras,2909,2026-03-08 00:30,2026-03-08 00:30
0,2026 españa madrid marzo tras,3238,2026-03-08 01:00,2026-03-08 01:00
1,eeuu guerra irán israel sánchez,434,2026-03-08 01:00,2026-03-08 01:00
2,039 irán quot trump zaragoza,166,2026-03-08 01:00,2026-03-08 01:00
3,españa guerra irán sánchez trump,243,2026-03-08 01:00,2026-03-08 01:00
4,guerra irán si solo trump,63,2026-03-08 01:00,2026-03-08 01:00
0,centro intentar salida secuestrar tras,27,2026-03-08 01:30,2026-03-08 01:30
1,españa guerra irán sánchez trump,250,2026-03-08 01:30,2026-03-08 01:30
2,eeuu guerra irán israel sánchez,420,2026-03-08 01:30,2026-03-08 01:30
3,2026 españa madrid marzo tras,3321,2026-03-08 01:30,2026-03-08 01:30
4,039 irán quot trump zaragoza,166,2026-03-08 01:30,2026-03-08 01:30
0,2026 años españa madrid marzo,3182,2026-03-08 02:00,2026-03-08 02:00
1,españa guerra irán israel sánchez,268,2026-03-08 02:00,2026-03-08 02:00
2,039 irán quot trump zaragoza,166,2026-03-08 02:00,2026-03-08 02:00
3,ee irán israel trump uu,415,2026-03-08 02:00,2026-03-08 02:00
4,ataque españa irán tras trump,161,2026-03-08 02:00,2026-03-08 02:00
0,2026 años marzo tras trump,3070,2026-03-08 02:30,2026-03-08 02:30
1,atlético dos madrid real sociedad,160,2026-03-08 02:30,2026-03-08 02:30
2,ataques guerra irán israel trump,497,2026-03-08 02:30,2026-03-08 02:30
3,039 irán quot trump zaragoza,166,2026-03-08 02:30,2026-03-08 02:30
4,españa gobierno política sánchez trump,308,2026-03-08 02:30,2026-03-08 02:30
0,2026 años madrid tras trump,3155,2026-03-08 03:00,2026-03-08 03:00
1,2026 comprobar hoy marzo sábado,98,2026-03-08 03:00,2026-03-08 03:00
2,guerra irán israel sánchez trump,507,2026-03-08 03:00,2026-03-08 03:00
3,españa gobierno política sánchez trump,282,2026-03-08 03:00,2026-03-08 03:00
4,039 irán quot trump zaragoza,166,2026-03-08 03:00,2026-03-08 03:00
0,años españa madrid tras trump,3226,2026-03-08 03:30,2026-03-08 03:30
1,039 irán quot trump zaragoza,166,2026-03-08 03:30,2026-03-08 03:30
2,cómo hora hoy partido ver,88,2026-03-08 03:30,2026-03-08 03:30
3,guerra irán israel sánchez trump,535,2026-03-08 03:30,2026-03-08 03:30
4,2026 comprobar hoy marzo sábado,196,2026-03-08 03:30,2026-03-08 03:30
0,2026 años madrid quot tras,3154,2026-03-08 04:00,2026-03-08 04:00
1,eeuu guerra irán israel sánchez,414,2026-03-08 04:00,2026-03-08 04:00
2,2026 comprobar hoy marzo sábado,101,2026-03-08 04:00,2026-03-08 04:00
3,españa gobierno país política sánchez,295,2026-03-08 04:00,2026-03-08 04:00
4,guerra irán quot sánchez trump,275,2026-03-08 04:00,2026-03-08 04:00
0,2026 años españa madrid marzo,3210,2026-03-08 04:30,2026-03-08 04:30
1,españa guerra irán sánchez trump,292,2026-03-08 04:30,2026-03-08 04:30
2,039 irán quot trump zaragoza,166,2026-03-08 04:30,2026-03-08 04:30
3,ataque españa irán tras trump,156,2026-03-08 04:30,2026-03-08 04:30
4,ee irán israel trump uu,424,2026-03-08 04:30,2026-03-08 04:30
0,años dos madrid tras trump,3132,2026-03-08 05:00,2026-03-08 05:00
1,guerra irán israel sánchez trump,500,2026-03-08 05:00,2026-03-08 05:00
2,2026 comprobar hoy marzo sábado,184,2026-03-08 05:00,2026-03-08 05:00
3,039 irán quot trump zaragoza,166,2026-03-08 05:00,2026-03-08 05:00
4,españa gobierno política sánchez trump,283,2026-03-08 05:00,2026-03-08 05:00
0,2026 años madrid marzo tras,3214,2026-03-08 05:30,2026-03-08 05:30
1,eeuu guerra irán israel sánchez,276,2026-03-08 05:30,2026-03-08 05:30
2,039 irán quot trump zaragoza,192,2026-03-08 05:30,2026-03-08 05:30
3,ee irán israel trump uu,415,2026-03-08 05:30,2026-03-08 05:30
4,españa gobierno política sánchez trump,284,2026-03-08 05:30,2026-03-08 05:30
0,años españa madrid tras trump,3269,2026-03-08 06:00,2026-03-08 06:00
1,guerra irán israel sánchez trump,608,2026-03-08 06:00,2026-03-08 06:00
2,athletic barça cómo directo dónde,160,2026-03-08 06:00,2026-03-08 06:00
3,2026 comprobar hoy marzo sábado,193,2026-03-08 06:00,2026-03-08 06:00
4,039 irán quot trump zaragoza,192,2026-03-08 06:00,2026-03-08 06:00
0,2026 españa madrid marzo tras,3543,2026-03-08 06:30,2026-03-08 06:30
1,españa guerra irán sánchez trump,285,2026-03-08 06:30,2026-03-08 06:30
2,españa irán militar sánchez trump,245,2026-03-08 06:30,2026-03-08 06:30
3,ataques ee irán israel uu,304,2026-03-08 06:30,2026-03-08 06:30
4,039 irán quot trump zaragoza,192,2026-03-08 06:30,2026-03-08 06:30
0,2026 españa hoy marzo política,389,2026-03-08 07:00,2026-03-08 07:00
1,2026 años cómo madrid tras,3287,2026-03-08 07:00,2026-03-08 07:00
2,ataques eeuu guerra irán israel,135,2026-03-08 07:00,2026-03-08 07:00
3,guerra irán sánchez trump uu,613,2026-03-08 07:00,2026-03-08 07:00
4,039 irán quot trump zaragoza,192,2026-03-08 07:00,2026-03-08 07:00
0,039 irán quot trump zaragoza,193,2026-03-08 07:30,2026-03-08 07:30
1,españa gobierno política sánchez trump,308,2026-03-08 07:30,2026-03-08 07:30
2,años cómo sánchez tras trump,3284,2026-03-08 07:30,2026-03-08 07:30
3,2026 hoy madrid marzo sábado,347,2026-03-08 07:30,2026-03-08 07:30
4,guerra irán israel sánchez trump,549,2026-03-08 07:30,2026-03-08 07:30
0,ataques guerra irán israel trump,398,2026-03-08 08:00,2026-03-08 08:00
1,donald españa militar sánchez trump,205,2026-03-08 08:00,2026-03-08 08:00
2,039 irán quot trump zaragoza,194,2026-03-08 08:00,2026-03-08 08:00
3,2026 años españa madrid marzo,3668,2026-03-08 08:00,2026-03-08 08:00
4,españa guerra irán pedro sánchez,274,2026-03-08 08:00,2026-03-08 08:00
0,2026 españa madrid tras trump,3813,2026-03-08 08:30,2026-03-08 08:30
1,guerra irán israel sánchez trump,595,2026-03-08 08:30,2026-03-08 08:30
2,2026 8m día mujer recorrido,92,2026-03-08 08:30,2026-03-08 08:30
3,españa gobierno irán sánchez trump,113,2026-03-08 08:30,2026-03-08 08:30
4,039 irán quot trump zaragoza,195,2026-03-08 08:30,2026-03-08 08:30
0,039 irán quot trump zaragoza,197,2026-03-08 09:00,2026-03-08 09:00
1,ataques guerra irán israel sánchez,498,2026-03-08 09:00,2026-03-08 09:00
2,españa guerra irán sánchez trump,282,2026-03-08 09:00,2026-03-08 09:00
3,2026 comprobar hoy marzo sábado,221,2026-03-08 09:00,2026-03-08 09:00
4,años españa madrid política tras,3662,2026-03-08 09:00,2026-03-08 09:00
0,2026 años marzo tras trump,3656,2026-03-08 09:30,2026-03-08 09:30
1,039 irán quot trump zaragoza,200,2026-03-08 09:30,2026-03-08 09:30
2,ataques guerra irán israel trump,593,2026-03-08 09:30,2026-03-08 09:30
3,celta dos expertos madrid real,145,2026-03-08 09:30,2026-03-08 09:30
4,españa gobierno política sánchez trump,312,2026-03-08 09:30,2026-03-08 09:30
0,2026 años españa madrid tras,3819,2026-03-08 10:00,2026-03-08 10:00
1,australia f1 gp si ver,165,2026-03-08 10:00,2026-03-08 10:00
2,españa guerra irán sánchez trump,284,2026-03-08 10:00,2026-03-08 10:00
3,ee guerra irán israel sánchez,475,2026-03-08 10:00,2026-03-08 10:00
4,039 irán quot trump zaragoza,203,2026-03-08 10:00,2026-03-08 10:00
0,así avión españa lanza nunca,59,2026-03-08 10:30,2026-03-08 10:30
1,2026 años madrid marzo tras,3835,2026-03-08 10:30,2026-03-08 10:30
2,ataques guerra irán israel trump,588,2026-03-08 10:30,2026-03-08 10:30
3,039 irán quot trump zaragoza,206,2026-03-08 10:30,2026-03-08 10:30
4,españa gobierno política sánchez trump,310,2026-03-08 10:30,2026-03-08 10:30
0,2026 años españa tras trump,3956,2026-03-08 11:00,2026-03-08 11:00
1,039 irán quot trump zaragoza,209,2026-03-08 11:00,2026-03-08 11:00
2,athletic barcelona día gran horario,142,2026-03-08 11:00,2026-03-08 11:00
3,guerra irán israel sánchez trump,640,2026-03-08 11:00,2026-03-08 11:00
4,8m años igualdad mujeres tres,103,2026-03-08 11:00,2026-03-08 11:00
0,039 irán quot trump zaragoza,212,2026-03-08 11:30,2026-03-08 11:30
1,cómo dos hoy madrid ver,201,2026-03-08 11:30,2026-03-08 11:30
2,ataques guerra irán israel trump,565,2026-03-08 11:30,2026-03-08 11:30
3,2026 años marzo tras trump,3800,2026-03-08 11:30,2026-03-08 11:30
4,españa gobierno política sánchez trump,319,2026-03-08 11:30,2026-03-08 11:30
0,ataques guerra irán israel trump,608,2026-03-08 12:00,2026-03-08 12:00
1,039 irán quot trump zaragoza,212,2026-03-08 12:00,2026-03-08 12:00
2,años españa política sánchez trump,3764,2026-03-08 12:00,2026-03-08 12:00
3,2026 comprobar hoy marzo sábado,229,2026-03-08 12:00,2026-03-08 12:00
4,dos españa madrid real tras,328,2026-03-08 12:00,2026-03-08 12:00
0,años madrid mujeres tras trump,3879,2026-03-08 12:30,2026-03-08 12:30
1,2026 comprobar hoy marzo sábado,186,2026-03-08 12:30,2026-03-08 12:30
2,ataques guerra irán israel trump,581,2026-03-08 12:30,2026-03-08 12:30
3,039 irán quot trump zaragoza,212,2026-03-08 12:30,2026-03-08 12:30
4,españa gobierno política sánchez trump,329,2026-03-08 12:30,2026-03-08 12:30
0,2026 años españa tras trump,4135,2026-03-08 13:00,2026-03-08 13:00
1,8m dos día madrid real,166,2026-03-08 13:00,2026-03-08 13:00
2,guerra irán medio oriente próximo,100,2026-03-08 13:00,2026-03-08 13:00
3,039 irán quot trump zaragoza,213,2026-03-08 13:00,2026-03-08 13:00
4,ataques guerra irán israel trump,613,2026-03-08 13:00,2026-03-08 13:00
0,2026 8m día manifestación mujer,142,2026-03-08 13:30,2026-03-08 13:30
1,ataques guerra irán israel trump,609,2026-03-08 13:30,2026-03-08 13:30
2,039 irán quot trump zaragoza,217,2026-03-08 13:30,2026-03-08 13:30
3,2026 años madrid marzo tras,3978,2026-03-08 13:30,2026-03-08 13:30
4,españa gobierno política sánchez trump,329,2026-03-08 13:30,2026-03-08 13:30
0,2026 madrid marzo tras trump,3998,2026-03-08 14:00,2026-03-08 14:00
1,ataques guerra irán israel trump,648,2026-03-08 14:00,2026-03-08 14:00
2,2026 8m día manifestación mujer,137,2026-03-08 14:00,2026-03-08 14:00
3,039 irán quot trump zaragoza,221,2026-03-08 14:00,2026-03-08 14:00
4,españa gobierno política sánchez trump,333,2026-03-08 14:00,2026-03-08 14:00
0,años madrid mujer tras trump,3986,2026-03-08 14:30,2026-03-08 14:30
1,ataques guerra irán israel trump,575,2026-03-08 14:30,2026-03-08 14:30
2,039 irán quot trump zaragoza,227,2026-03-08 14:30,2026-03-08 14:30
3,españa guerra política sánchez trump,489,2026-03-08 14:30,2026-03-08 14:30
4,2026 comprobar hoy marzo sábado,138,2026-03-08 14:30,2026-03-08 14:30
0,años madrid mujeres tras trump,4024,2026-03-08 15:00,2026-03-08 15:00
1,2026 día hoy marzo sábado,250,2026-03-08 15:00,2026-03-08 15:00
2,ataques guerra irán israel trump,625,2026-03-08 15:00,2026-03-08 15:00
3,039 irán quot trump zaragoza,230,2026-03-08 15:00,2026-03-08 15:00
4,españa gobierno política sánchez trump,339,2026-03-08 15:00,2026-03-08 15:00
0,ataques guerra irán israel trump,634,2026-03-08 15:30,2026-03-08 15:30
1,años madrid mujeres tras trump,4075,2026-03-08 15:30,2026-03-08 15:30
2,españa guerra política sánchez trump,352,2026-03-08 15:30,2026-03-08 15:30
3,039 irán quot trump zaragoza,232,2026-03-08 15:30,2026-03-08 15:30
4,2026 comprobar hoy marzo sábado,209,2026-03-08 15:30,2026-03-08 15:30
0,años mujeres sánchez tras trump,3965,2026-03-08 16:00,2026-03-08 16:00
1,2026 comprobar hoy marzo sábado,213,2026-03-08 16:00,2026-03-08 16:00
2,ataques guerra irán israel trump,624,2026-03-08 16:00,2026-03-08 16:00
3,039 irán quot trump zaragoza,234,2026-03-08 16:00,2026-03-08 16:00
4,españa madrid política sánchez trump,504,2026-03-08 16:00,2026-03-08 16:00
0,blanca casa nueva trump zaragoza,225,2026-03-08 16:30,2026-03-08 16:30
1,ataques guerra irán israel trump,623,2026-03-08 16:30,2026-03-08 16:30
2,039 irán quot trump zaragoza,236,2026-03-08 16:30,2026-03-08 16:30
3,2026 años madrid marzo tras,4145,2026-03-08 16:30,2026-03-08 16:30
4,españa guerra política sánchez trump,352,2026-03-08 16:30,2026-03-08 16:30
0,años españa madrid sánchez trump,4227,2026-03-08 17:00,2026-03-08 17:00
1,ataques guerra irán israel trump,687,2026-03-08 17:00,2026-03-08 17:00
2,039 irán quot trump zaragoza,237,2026-03-08 17:00,2026-03-08 17:00
3,2026 día hoy marzo sábado,257,2026-03-08 17:00,2026-03-08 17:00
4,años españa irán tras trump,215,2026-03-08 17:00,2026-03-08 17:00
0,guerra irán israel tras trump,4743,2026-03-08 17:30,2026-03-08 17:30
1,039 irán quot trump zaragoza,242,2026-03-08 17:30,2026-03-08 17:30
2,2026 comprobar hoy marzo sábado,140,2026-03-08 17:30,2026-03-08 17:30
3,000 así euros millones zaragoza,187,2026-03-08 17:30,2026-03-08 17:30
4,españa guerra política sánchez trump,362,2026-03-08 17:30,2026-03-08 17:30
0,años españa madrid tras trump,4373,2026-03-08 18:00,2026-03-08 18:00
1,ataques guerra irán israel trump,725,2026-03-08 18:00,2026-03-08 18:00
2,2026 comprobar hoy marzo sábado,142,2026-03-08 18:00,2026-03-08 18:00
3,2026 8m día madrid mujer,241,2026-03-08 18:00,2026-03-08 18:00
4,039 irán quot trump zaragoza,246,2026-03-08 18:00,2026-03-08 18:00
0,ataques guerra irán israel trump,650,2026-03-08 18:30,2026-03-08 18:30
1,2026 años madrid marzo tras,4512,2026-03-08 18:30,2026-03-08 18:30
2,españa gobierno política sánchez trump,352,2026-03-08 18:30,2026-03-08 18:30
3,años irán quot trump zaragoza,234,2026-03-08 18:30,2026-03-08 18:30
4,039 guerra mejor quot sánchez,37,2026-03-08 18:30,2026-03-08 18:30
0,años españa madrid tras trump,4555,2026-03-08 19:00,2026-03-08 19:00
1,ataques guerra irán israel trump,741,2026-03-08 19:00,2026-03-08 19:00
2,cómo directo hora hoy ver,115,2026-03-08 19:00,2026-03-08 19:00
3,039 irán quot trump zaragoza,252,2026-03-08 19:00,2026-03-08 19:00
4,2026 comprobar hoy marzo sábado,159,2026-03-08 19:00,2026-03-08 19:00
0,8m años madrid tras trump,4468,2026-03-08 19:30,2026-03-08 19:30
1,2026 comprobar hoy marzo sábado,157,2026-03-08 19:30,2026-03-08 19:30
2,ataques guerra irán israel trump,640,2026-03-08 19:30,2026-03-08 19:30
3,españa gobierno política sánchez trump,358,2026-03-08 19:30,2026-03-08 19:30
4,039 irán quot trump zaragoza,253,2026-03-08 19:30,2026-03-08 19:30
0,039 irán quot trump zaragoza,255,2026-03-08 20:00,2026-03-08 20:00
1,ataques guerra irán israel trump,644,2026-03-08 20:00,2026-03-08 20:00
2,2026 años madrid marzo tras,4551,2026-03-08 20:00,2026-03-08 20:00
3,ee guerra irán israel uu,125,2026-03-08 20:00,2026-03-08 20:00
4,españa gobierno política sánchez trump,352,2026-03-08 20:00,2026-03-08 20:00
0,2026 años madrid marzo tras,4493,2026-03-08 20:30,2026-03-08 20:30
1,ataques guerra irán israel trump,595,2026-03-08 20:30,2026-03-08 20:30
2,españa guerra política sánchez trump,362,2026-03-08 20:30,2026-03-08 20:30
3,039 irán quot trump zaragoza,258,2026-03-08 20:30,2026-03-08 20:30
4,guerra pp sánchez trump vox,261,2026-03-08 20:30,2026-03-08 20:30
0,2026 años madrid marzo tras,4486,2026-03-08 21:00,2026-03-08 21:00
1,irán israel líder nuevo supremo,121,2026-03-08 21:00,2026-03-08 21:00
2,8m españa mujer política sánchez,482,2026-03-08 21:00,2026-03-08 21:00
3,ataques guerra irán israel trump,652,2026-03-08 21:00,2026-03-08 21:00
4,039 irán quot trump zaragoza,259,2026-03-08 21:00,2026-03-08 21:00
0,2026 años españa marzo tras,4496,2026-03-08 21:30,2026-03-08 21:30
1,2026 8m día madrid mujer,271,2026-03-08 21:30,2026-03-08 21:30
2,españa guerra irán sánchez trump,456,2026-03-08 21:30,2026-03-08 21:30
3,ataques guerra irán israel uu,555,2026-03-08 21:30,2026-03-08 21:30
4,039 irán quot trump zaragoza,261,2026-03-08 21:30,2026-03-08 21:30
0,2026 años madrid marzo tras,4658,2026-03-08 22:00,2026-03-08 22:00
1,españa gobierno moncloa sánchez trump,129,2026-03-08 22:00,2026-03-08 22:00
2,039 irán quot trump zaragoza,262,2026-03-08 22:00,2026-03-08 22:00
3,españa guerra política sánchez trump,329,2026-03-08 22:00,2026-03-08 22:00
4,ataques guerra irán israel trump,688,2026-03-08 22:00,2026-03-08 22:00
0,ataques guerra irán israel trump,676,2026-03-08 22:30,2026-03-08 22:30
1,039 irán quot trump zaragoza,265,2026-03-08 22:30,2026-03-08 22:30
2,2026 madrid marzo tras trump,4614,2026-03-08 22:30,2026-03-08 22:30
3,20 años después dos tras,187,2026-03-08 22:30,2026-03-08 22:30
4,españa gobierno política sánchez trump,357,2026-03-08 22:30,2026-03-08 22:30
0,dos irán madrid nuevo policía,295,2026-03-08 23:00,2026-03-08 23:00
1,2026 años españa marzo tras,4635,2026-03-08 23:00,2026-03-08 23:00
2,españa guerra irán sánchez trump,654,2026-03-08 23:00,2026-03-08 23:00
3,039 irán quot trump zaragoza,265,2026-03-08 23:00,2026-03-08 23:00
4,ee guerra irán israel uu,281,2026-03-08 23:00,2026-03-08 23:00
0,039 irán quot trump zaragoza,266,2026-03-08 23:30,2026-03-08 23:30
1,años españa madrid tras trump,4722,2026-03-08 23:30,2026-03-08 23:30
2,ataques guerra irán israel trump,783,2026-03-08 23:30,2026-03-08 23:30
3,8m derechos día igualdad mujeres,149,2026-03-08 23:30,2026-03-08 23:30
4,2026 comprobar hoy marzo sábado,238,2026-03-08 23:30,2026-03-08 23:30
0,039 irán quot trump zaragoza,266,2026-03-09 00:00,2026-03-09 00:00
1,años españa irán tras trump,232,2026-03-09 00:00,2026-03-09 00:00
2,españa guerra irán sánchez trump,472,2026-03-09 00:00,2026-03-09 00:00
3,2026 años españa madrid marzo,4662,2026-03-09 00:00,2026-03-09 00:00
4,ataques guerra irán israel uu,553,2026-03-09 00:00,2026-03-09 00:00
0,2026 8m día manifestación mujer,193,2026-03-09 00:30,2026-03-09 00:30
1,celta comunidad dos madrid real,173,2026-03-09 00:30,2026-03-09 00:30
2,039 irán quot trump zaragoza,266,2026-03-09 00:30,2026-03-09 00:30
3,2026 años españa tras trump,4823,2026-03-09 00:30,2026-03-09 00:30
4,ataques guerra irán israel trump,794,2026-03-09 00:30,2026-03-09 00:30
0,ataques guerra irán israel trump,732,2026-03-09 01:00,2026-03-09 01:00
1,2026 españa hoy marzo política,510,2026-03-09 01:00,2026-03-09 01:00
2,8m día madrid mujer real,446,2026-03-09 01:00,2026-03-09 01:00
3,039 irán quot trump zaragoza,267,2026-03-09 01:00,2026-03-09 01:00
4,años mujeres sánchez tras trump,4353,2026-03-09 01:00,2026-03-09 01:00
0,años españa madrid tras trump,4789,2026-03-09 01:30,2026-03-09 01:30
1,2026 8m día madrid mujer,271,2026-03-09 01:30,2026-03-09 01:30
2,ataques guerra irán israel trump,831,2026-03-09 01:30,2026-03-09 01:30
3,039 irán quot trump zaragoza,267,2026-03-09 01:30,2026-03-09 01:30
4,2026 comprobar hoy marzo sábado,166,2026-03-09 01:30,2026-03-09 01:30
0,ataques guerra irán israel trump,761,2026-03-09 02:00,2026-03-09 02:00
1,039 irán quot trump zaragoza,266,2026-03-09 02:00,2026-03-09 02:00
2,collado feminista monólogo mujer villalba,49,2026-03-09 02:00,2026-03-09 02:00
3,carbonero casa después dos fotos,1,2026-03-09 02:00,2026-03-09 02:00
4,2026 españa madrid tras trump,5256,2026-03-09 02:00,2026-03-09 02:00
0,2026 comprobar hoy marzo sábado,171,2026-03-09 02:30,2026-03-09 02:30
1,españa guerra política sánchez trump,781,2026-03-09 02:30,2026-03-09 02:30
2,039 irán quot trump zaragoza,267,2026-03-09 02:30,2026-03-09 02:30
3,ataques guerra irán israel trump,597,2026-03-09 02:30,2026-03-09 02:30
4,8m años madrid mujeres tras,4521,2026-03-09 02:30,2026-03-09 02:30
0,ataques guerra irán israel trump,742,2026-03-09 03:00,2026-03-09 03:00
1,fin guerra irán santa semana,87,2026-03-09 03:00,2026-03-09 03:00
2,irán jamenei líder nuevo supremo,164,2026-03-09 03:00,2026-03-09 03:00
3,2026 años españa tras trump,5082,2026-03-09 03:00,2026-03-09 03:00
4,039 irán quot trump zaragoza,267,2026-03-09 03:00,2026-03-09 03:00
0,039 irán quot trump zaragoza,267,2026-03-09 03:30,2026-03-09 03:30
1,8m años españa madrid tras,4891,2026-03-09 03:30,2026-03-09 03:30
2,2026 comprobar hoy marzo sábado,174,2026-03-09 03:30,2026-03-09 03:30
3,españa guerra irán sánchez trump,347,2026-03-09 03:30,2026-03-09 03:30
4,ataques guerra irán israel uu,679,2026-03-09 03:30,2026-03-09 03:30
0,ataques ee irán israel uu,495,2026-03-09 04:00,2026-03-09 04:00
1,039 irán quot trump zaragoza,267,2026-03-09 04:00,2026-03-09 04:00
2,guerra irán oriente sánchez trump,373,2026-03-09 04:00,2026-03-09 04:00
3,2026 años madrid marzo tras,4680,2026-03-09 04:00,2026-03-09 04:00
4,españa gobierno política sánchez trump,569,2026-03-09 04:00,2026-03-09 04:00
0,españa gobierno política sánchez trump,378,2026-03-09 04:30,2026-03-09 04:30
1,8m años madrid tras trump,4826,2026-03-09 04:30,2026-03-09 04:30
2,ataques guerra irán israel trump,759,2026-03-09 04:30,2026-03-09 04:30
3,039 irán quot trump zaragoza,267,2026-03-09 04:30,2026-03-09 04:30
4,2026 comprobar hoy marzo sábado,173,2026-03-09 04:30,2026-03-09 04:30
0,2026 años marzo mujeres tras,4641,2026-03-09 05:00,2026-03-09 05:00
1,8m directo dos madrid real,197,2026-03-09 05:00,2026-03-09 05:00
2,españa irán política sánchez trump,617,2026-03-09 05:00,2026-03-09 05:00
3,ataques guerra irán israel trump,693,2026-03-09 05:00,2026-03-09 05:00
4,039 irán quot trump zaragoza,267,2026-03-09 05:00,2026-03-09 05:00
0,8m años madrid tras trump,4900,2026-03-09 05:30,2026-03-09 05:30
1,2026 comprobar hoy marzo sábado,175,2026-03-09 05:30,2026-03-09 05:30
2,039 irán quot trump zaragoza,281,2026-03-09 05:30,2026-03-09 05:30
3,españa guerra política sánchez trump,388,2026-03-09 05:30,2026-03-09 05:30
4,ataques guerra irán israel trump,750,2026-03-09 05:30,2026-03-09 05:30
0,039 irán quot trump zaragoza,281,2026-03-09 06:00,2026-03-09 06:00
1,años españa sánchez tras trump,5083,2026-03-09 06:00,2026-03-09 06:00
2,2026 comprobar hoy marzo sábado,170,2026-03-09 06:00,2026-03-09 06:00
3,ataques guerra irán israel trump,800,2026-03-09 06:00,2026-03-09 06:00
4,8m directo dos madrid real,198,2026-03-09 06:00,2026-03-09 06:00
0,039 irán quot trump zaragoza,282,2026-03-09 06:30,2026-03-09 06:30
1,2026 comprobar hoy marzo sábado,175,2026-03-09 06:30,2026-03-09 06:30
2,8m directo dos madrid real,203,2026-03-09 06:30,2026-03-09 06:30
3,ataques guerra irán israel trump,837,2026-03-09 06:30,2026-03-09 06:30
4,años españa sánchez tras trump,5184,2026-03-09 06:30,2026-03-09 06:30
0,años españa madrid tras trump,5222,2026-03-09 07:00,2026-03-09 07:00
1,2026 comprobar hoy marzo sábado,268,2026-03-09 07:00,2026-03-09 07:00
2,ataques ee irán israel uu,550,2026-03-09 07:00,2026-03-09 07:00
3,españa guerra irán sánchez trump,418,2026-03-09 07:00,2026-03-09 07:00
4,039 irán quot trump zaragoza,283,2026-03-09 07:00,2026-03-09 07:00
0,españa guerra pedro sánchez trump,257,2026-03-09 07:30,2026-03-09 07:30
1,039 irán quot trump zaragoza,287,2026-03-09 07:30,2026-03-09 07:30
2,2026 años españa marzo tras,5305,2026-03-09 07:30,2026-03-09 07:30
3,ataques guerra irán israel trump,755,2026-03-09 07:30,2026-03-09 07:30
4,8m directo dos madrid real,204,2026-03-09 07:30,2026-03-09 07:30
0,ataques guerra irán israel trump,826,2026-03-09 08:00,2026-03-09 08:00
1,2026 años españa marzo tras,5276,2026-03-09 08:00,2026-03-09 08:00
2,8m directo dos madrid real,209,2026-03-09 08:00,2026-03-09 08:00
3,000 euros irán millones nuevo,336,2026-03-09 08:00,2026-03-09 08:00
4,039 irán quot trump zaragoza,289,2026-03-09 08:00,2026-03-09 08:00
0,años españa madrid mujeres tras,5241,2026-03-09 08:30,2026-03-09 08:30
1,2026 comprobar hoy marzo sábado,280,2026-03-09 08:30,2026-03-09 08:30
2,039 irán quot trump zaragoza,290,2026-03-09 08:30,2026-03-09 08:30
3,guerra irán israel sánchez trump,484,2026-03-09 08:30,2026-03-09 08:30
4,ee irán israel trump uu,698,2026-03-09 08:30,2026-03-09 08:30
0,2026 comprobar hoy marzo sábado,182,2026-03-09 09:00,2026-03-09 09:00
1,039 irán quot trump zaragoza,291,2026-03-09 09:00,2026-03-09 09:00
2,2026 8m día mujer mujeres,327,2026-03-09 09:00,2026-03-09 09:00
3,ataques guerra irán israel trump,863,2026-03-09 09:00,2026-03-09 09:00
4,años españa madrid tras trump,5387,2026-03-09 09:00,2026-03-09 09:00
0,8m directo dos madrid real,218,2026-03-09 09:30,2026-03-09 09:30
1,años españa sánchez tras trump,5575,2026-03-09 09:30,2026-03-09 09:30
2,ataques guerra irán israel trump,867,2026-03-09 09:30,2026-03-09 09:30
3,039 irán quot trump zaragoza,293,2026-03-09 09:30,2026-03-09 09:30
4,2026 comprobar hoy marzo sábado,180,2026-03-09 09:30,2026-03-09 09:30
0,039 irán quot trump zaragoza,294,2026-03-09 10:00,2026-03-09 10:00
1,años españa madrid tras trump,5323,2026-03-09 10:00,2026-03-09 10:00
2,2026 comprobar hoy marzo sábado,179,2026-03-09 10:00,2026-03-09 10:00
3,ataques guerra irán israel trump,875,2026-03-09 10:00,2026-03-09 10:00
4,2026 8m día mujer mujeres,325,2026-03-09 10:00,2026-03-09 10:00
0,20 años después dos tras,221,2026-03-09 10:05,2026-03-09 10:05
1,ataques guerra irán israel trump,855,2026-03-09 10:05,2026-03-09 10:05
2,8m españa madrid tras trump,5477,2026-03-09 10:05,2026-03-09 10:05
3,2026 comprobar hoy marzo sábado,180,2026-03-09 10:05,2026-03-09 10:05
4,039 irán quot trump zaragoza,294,2026-03-09 10:05,2026-03-09 10:05
0,2026 años españa madrid tras,5310,2026-03-09 10:30,2026-03-09 10:30
1,españa guerra irán sánchez trump,629,2026-03-09 10:30,2026-03-09 10:30
2,039 irán quot trump zaragoza,296,2026-03-09 10:30,2026-03-09 10:30
3,ataques guerra irán israel trump,658,2026-03-09 10:30,2026-03-09 10:30
4,2026 comprobar hoy marzo sábado,186,2026-03-09 10:30,2026-03-09 10:30
0,039 irán quot trump zaragoza,298,2026-03-09 11:00,2026-03-09 11:00
1,años detenidos dos guerra madrid,146,2026-03-09 11:00,2026-03-09 11:00
2,2026 españa marzo tras trump,5624,2026-03-09 11:00,2026-03-09 11:00
3,000 españa euros gobierno millones,292,2026-03-09 11:00,2026-03-09 11:00
4,ataques guerra irán israel trump,817,2026-03-09 11:00,2026-03-09 11:00
0,ee españa irán israel trump,889,2026-03-09 11:30,2026-03-09 11:30
1,años españa irán tras trump,284,2026-03-09 11:30,2026-03-09 11:30
2,2026 años hoy madrid marzo,5267,2026-03-09 11:30,2026-03-09 11:30
3,039 irán quot trump zaragoza,299,2026-03-09 11:30,2026-03-09 11:30
4,ataques guerra irán israel trump,532,2026-03-09 11:30,2026-03-09 11:30
0,039 irán quot trump zaragoza,302,2026-03-09 12:00,2026-03-09 12:00
1,ataques guerra irán israel trump,918,2026-03-09 12:00,2026-03-09 12:00
2,cadena españa mujer ser tras,130,2026-03-09 12:00,2026-03-09 12:00
3,2026 comprobar hoy marzo sábado,304,2026-03-09 12:00,2026-03-09 12:00
4,años españa madrid tras trump,5721,2026-03-09 12:00,2026-03-09 12:00
0,años españa madrid tras trump,5915,2026-03-09 12:30,2026-03-09 12:30
1,ataques ee irán israel uu,610,2026-03-09 12:30,2026-03-09 12:30
2,039 años irán quot zaragoza,305,2026-03-09 12:30,2026-03-09 12:30
3,2026 comprobar hoy marzo sábado,210,2026-03-09 12:30,2026-03-09 12:30
4,españa guerra irán sánchez trump,449,2026-03-09 12:30,2026-03-09 12:30
0,039 años irán quot zaragoza,310,2026-03-09 13:00,2026-03-09 13:00
1,2026 años madrid marzo tras,5728,2026-03-09 13:00,2026-03-09 13:00
2,años detenidos dos guerra madrid,161,2026-03-09 13:00,2026-03-09 13:00
3,españa gobierno irán sánchez trump,624,2026-03-09 13:00,2026-03-09 13:00
4,ataques ee guerra irán israel,781,2026-03-09 13:00,2026-03-09 13:00
0,ataques guerra irán israel trump,914,2026-03-09 13:30,2026-03-09 13:30
1,años mujeres quot tras trump,5989,2026-03-09 13:30,2026-03-09 13:30
2,españa guerra política sánchez trump,390,2026-03-09 13:30,2026-03-09 13:30
3,8m dos día madrid real,239,2026-03-09 13:30,2026-03-09 13:30
4,2026 comprobar hoy marzo sábado,196,2026-03-09 13:30,2026-03-09 13:30
0,ataques ee irán israel uu,610,2026-03-09 14:00,2026-03-09 14:00
1,blanca casa irán mujer trump,108,2026-03-09 14:00,2026-03-09 14:00
2,039 años irán quot zaragoza,313,2026-03-09 14:00,2026-03-09 14:00
3,2026 años españa madrid tras,6347,2026-03-09 14:00,2026-03-09 14:00
4,españa guerra irán sánchez trump,457,2026-03-09 14:00,2026-03-09 14:00
0,años españa madrid mujeres tras,6094,2026-03-09 14:30,2026-03-09 14:30
1,españa guerra irán sánchez trump,381,2026-03-09 14:30,2026-03-09 14:30
2,039 años irán quot zaragoza,316,2026-03-09 14:30,2026-03-09 14:30
3,2026 comprobar hoy marzo sábado,329,2026-03-09 14:30,2026-03-09 14:30
4,ataques guerra irán israel uu,822,2026-03-09 14:30,2026-03-09 14:30
0,039 años irán quot zaragoza,317,2026-03-09 15:00,2026-03-09 15:00
1,ataques guerra irán israel trump,932,2026-03-09 15:00,2026-03-09 15:00
2,8m feminismo gobierno igualdad mujeres,87,2026-03-09 15:00,2026-03-09 15:00
3,2026 años españa madrid tras,6452,2026-03-09 15:00,2026-03-09 15:00
4,irán jamenei líder nuevo supremo,219,2026-03-09 15:00,2026-03-09 15:00
0,años españa mujeres tras trump,5953,2026-03-09 15:30,2026-03-09 15:30
1,ataques guerra irán israel trump,976,2026-03-09 15:30,2026-03-09 15:30
2,039 años irán quot zaragoza,321,2026-03-09 15:30,2026-03-09 15:30
3,2026 día hoy madrid marzo,649,2026-03-09 15:30,2026-03-09 15:30
4,guardiola ortega pp smith vox,190,2026-03-09 15:30,2026-03-09 15:30
0,empresas euros gobierno grandes millones,27,2026-03-09 16:00,2026-03-09 16:00
1,2026 años españa madrid tras,6824,2026-03-09 16:00,2026-03-09 16:00
2,gonzález molina nico psoe toni,20,2026-03-09 16:00,2026-03-09 16:00
3,ataques guerra irán israel trump,992,2026-03-09 16:00,2026-03-09 16:00
4,039 años irán quot zaragoza,327,2026-03-09 16:00,2026-03-09 16:00
0,guerra irán oriente sánchez trump,513,2026-03-09 16:30,2026-03-09 16:30
1,años españa irán tras trump,6908,2026-03-09 16:30,2026-03-09 16:30
2,ataques ee irán israel uu,342,2026-03-09 16:30,2026-03-09 16:30
3,039 años irán quot zaragoza,329,2026-03-09 16:30,2026-03-09 16:30
4,2026 comprobar hoy marzo sábado,196,2026-03-09 16:30,2026-03-09 16:30
0,ataques guerra irán israel trump,1001,2026-03-09 17:00,2026-03-09 17:00
1,años españa mujeres tras trump,6471,2026-03-09 17:00,2026-03-09 17:00
2,2026 comprobar hoy marzo sábado,321,2026-03-09 17:00,2026-03-09 17:00
3,039 años irán quot zaragoza,331,2026-03-09 17:00,2026-03-09 17:00
4,8m directo dos madrid real,268,2026-03-09 17:00,2026-03-09 17:00
0,2026 comprobar hoy marzo sábado,369,2026-03-09 17:30,2026-03-09 17:30
1,ataques ee guerra irán israel,847,2026-03-09 17:30,2026-03-09 17:30
2,años dos españa madrid tras,6558,2026-03-09 17:30,2026-03-09 17:30
3,españa guerra irán sánchez trump,390,2026-03-09 17:30,2026-03-09 17:30
4,039 años irán quot zaragoza,338,2026-03-09 17:30,2026-03-09 17:30
0,ataques guerra irán israel trump,1019,2026-03-09 18:00,2026-03-09 18:00
1,2026 españa madrid tras trump,6782,2026-03-09 18:00,2026-03-09 18:00
2,años después dos muere tras,296,2026-03-09 18:00,2026-03-09 18:00
3,039 años irán quot zaragoza,343,2026-03-09 18:00,2026-03-09 18:00
4,así clasificación irán queda sido,158,2026-03-09 18:00,2026-03-09 18:00
0,carlos españa juan rey roca,26,2026-03-09 18:30,2026-03-09 18:30
1,039 años irán quot zaragoza,348,2026-03-09 18:30,2026-03-09 18:30
2,athletic barcelona barça directo partido,138,2026-03-09 18:30,2026-03-09 18:30
3,2026 años españa madrid tras,7155,2026-03-09 18:30,2026-03-09 18:30
4,ataques guerra irán israel trump,1014,2026-03-09 18:30,2026-03-09 18:30
0,8m comunidad dos madrid real,277,2026-03-09 19:00,2026-03-09 19:00
1,2026 comprobar hoy marzo sábado,359,2026-03-09 19:00,2026-03-09 19:00
2,años españa mujeres tras trump,6753,2026-03-09 19:00,2026-03-09 19:00
3,ataques guerra irán israel trump,1021,2026-03-09 19:00,2026-03-09 19:00
4,039 años irán quot zaragoza,354,2026-03-09 19:00,2026-03-09 19:00
0,2026 años hoy madrid marzo,6782,2026-03-09 19:30,2026-03-09 19:30
1,años guerra medio oriente tras,433,2026-03-09 19:30,2026-03-09 19:30
2,ataques guerra irán israel trump,884,2026-03-09 19:30,2026-03-09 19:30
3,039 años irán quot zaragoza,357,2026-03-09 19:30,2026-03-09 19:30
4,españa guerra política sánchez trump,423,2026-03-09 19:30,2026-03-09 19:30
0,039 años irán quot zaragoza,360,2026-03-09 20:00,2026-03-09 20:00
1,años españa madrid tras trump,7027,2026-03-09 20:00,2026-03-09 20:00
2,2026 comprobar hoy marzo sábado,358,2026-03-09 20:00,2026-03-09 20:00
3,ataques guerra irán israel trump,1037,2026-03-09 20:00,2026-03-09 20:00
4,así clasificación irán queda sido,162,2026-03-09 20:00,2026-03-09 20:00
0,años después dos quot tras,647,2026-03-09 20:30,2026-03-09 20:30
1,españa guerra irán quot trump,424,2026-03-09 20:30,2026-03-09 20:30
2,españa guerra irán oriente sánchez,470,2026-03-09 20:30,2026-03-09 20:30
3,ataques ee irán israel uu,528,2026-03-09 20:30,2026-03-09 20:30
4,2026 españa madrid marzo quot,6936,2026-03-09 20:30,2026-03-09 20:30
0,2026 años españa madrid tras,7096,2026-03-09 21:00,2026-03-09 21:00
1,2026 8m día mujer ser,271,2026-03-09 21:00,2026-03-09 21:00
2,8m blanca casa guerra mujeres,276,2026-03-09 21:00,2026-03-09 21:00
3,039 años irán quot zaragoza,369,2026-03-09 21:00,2026-03-09 21:00
4,ataques guerra irán israel trump,1045,2026-03-09 21:00,2026-03-09 21:00
0,2026 comprobar hoy marzo sábado,392,2026-03-09 21:30,2026-03-09 21:30
1,españa madrid mujeres tras trump,6958,2026-03-09 21:30,2026-03-09 21:30
2,ataques guerra irán israel trump,1066,2026-03-09 21:30,2026-03-09 21:30
3,039 años irán quot zaragoza,374,2026-03-09 21:30,2026-03-09 21:30
4,años cárcel después muere tras,331,2026-03-09 21:30,2026-03-09 21:30
0,039 años irán quot zaragoza,375,2026-03-09 22:01,2026-03-09 22:01
1,ataques guerra irán israel trump,1067,2026-03-09 22:01,2026-03-09 22:01
2,clave cómo evitar próxima sánchez,24,2026-03-09 22:01,2026-03-09 22:01
3,años españa madrid tras trump,7480,2026-03-09 22:01,2026-03-09 22:01
4,2026 comprobar hoy marzo sábado,215,2026-03-09 22:01,2026-03-09 22:01
0,039 años irán quot zaragoza,374,2026-03-09 22:30,2026-03-09 22:30
1,años españa madrid tras trump,7086,2026-03-09 22:30,2026-03-09 22:30
2,españa guerra oriente sánchez trump,525,2026-03-09 22:30,2026-03-09 22:30
3,2026 comprobar hoy marzo sábado,396,2026-03-09 22:30,2026-03-09 22:30
4,ataques guerra irán israel trump,816,2026-03-09 22:30,2026-03-09 22:30
0,españa guerra irán sánchez trump,427,2026-03-09 23:00,2026-03-09 23:00
1,000 25 euros gobierno millones,254,2026-03-09 23:00,2026-03-09 23:00
2,039 años irán quot zaragoza,376,2026-03-09 23:00,2026-03-09 23:00
3,2026 años españa madrid tras,7283,2026-03-09 23:00,2026-03-09 23:00
4,ataques ee guerra irán israel,889,2026-03-09 23:00,2026-03-09 23:00
0,españa mujeres sánchez tras trump,6613,2026-03-09 23:30,2026-03-09 23:30
1,2026 años comprobar hoy marzo,734,2026-03-09 23:30,2026-03-09 23:30
2,8m años dos madrid real,443,2026-03-09 23:30,2026-03-09 23:30
3,039 años irán quot zaragoza,377,2026-03-09 23:30,2026-03-09 23:30
4,ataques guerra irán israel trump,1084,2026-03-09 23:30,2026-03-09 23:30
0,8m derechos día igualdad mujeres,190,2026-03-10 00:00,2026-03-10 00:00
1,039 años irán quot zaragoza,377,2026-03-10 00:00,2026-03-10 00:00
2,2026 años españa madrid tras,7273,2026-03-10 00:00,2026-03-10 00:00
3,españa guerra irán sánchez trump,743,2026-03-10 00:00,2026-03-10 00:00
4,ataques ee guerra irán israel,707,2026-03-10 00:00,2026-03-10 00:00
0,años españa madrid quot tras,7604,2026-03-10 00:30,2026-03-10 00:30
1,2026 comprobar hoy marzo sábado,265,2026-03-10 00:30,2026-03-10 00:30
2,españa guerra irán sánchez trump,587,2026-03-10 00:30,2026-03-10 00:30
3,ataques ee irán israel trump,711,2026-03-10 00:30,2026-03-10 00:30
4,8m día manifestación mujer ser,192,2026-03-10 00:30,2026-03-10 00:30
0,años irán israel quot tras,399,2026-03-10 01:00,2026-03-10 01:00
1,ataques guerra irán israel trump,1035,2026-03-10 01:00,2026-03-10 01:00
2,años madrid quot trump zaragoza,7275,2026-03-10 01:00,2026-03-10 01:00
3,2026 comprobar hoy marzo sábado,261,2026-03-10 01:00,2026-03-10 01:00
4,españa guerra política sánchez trump,451,2026-03-10 01:00,2026-03-10 01:00
0,ortega pp psoe smith vox,175,2026-03-10 01:30,2026-03-10 01:30
1,años españa madrid tras trump,7378,2026-03-10 01:30,2026-03-10 01:30
2,ataques guerra irán israel trump,1098,2026-03-10 01:30,2026-03-10 01:30
3,039 años irán quot zaragoza,376,2026-03-10 01:30,2026-03-10 01:30
4,2026 comprobar hoy marzo sábado,408,2026-03-10 01:30,2026-03-10 01:30
0,años españa madrid tras trump,7414,2026-03-10 02:00,2026-03-10 02:00
1,ataques guerra irán israel trump,1150,2026-03-10 02:00,2026-03-10 02:00
2,039 años irán quot zaragoza,378,2026-03-10 02:00,2026-03-10 02:00
3,2026 comprobar hoy marzo sábado,385,2026-03-10 02:00,2026-03-10 02:00
4,athletic barcelona directo madrid ver,121,2026-03-10 02:00,2026-03-10 02:00
0,2026 8m día manifestación mujer,187,2026-03-10 02:30,2026-03-10 02:30
1,039 años irán quot zaragoza,378,2026-03-10 02:30,2026-03-10 02:30
2,españa guerra política sánchez trump,446,2026-03-10 02:30,2026-03-10 02:30
3,ataques guerra irán israel trump,1032,2026-03-10 02:30,2026-03-10 02:30
4,2026 años madrid marzo tras,7426,2026-03-10 02:30,2026-03-10 02:30
0,2026 años españa madrid tras,7766,2026-03-10 03:00,2026-03-10 03:00
1,100 dólares irán petróleo si,256,2026-03-10 03:00,2026-03-10 03:00
2,ataques guerra irán israel trump,1057,2026-03-10 03:00,2026-03-10 03:00
3,039 años irán quot zaragoza,378,2026-03-10 03:00,2026-03-10 03:00
4,8m años celebra día mujer,35,2026-03-10 03:00,2026-03-10 03:00
0,8m día manifestación mujer mujeres,356,2026-03-10 03:30,2026-03-10 03:30
1,años después españa muere tras,677,2026-03-10 03:30,2026-03-10 03:30
2,039 años irán quot zaragoza,378,2026-03-10 03:30,2026-03-10 03:30
3,ataques guerra irán israel trump,1107,2026-03-10 03:30,2026-03-10 03:30
4,2026 españa madrid marzo trump,6986,2026-03-10 03:30,2026-03-10 03:30
0,años españa mujeres sánchez trump,6968,2026-03-10 04:00,2026-03-10 04:00
1,8m día madrid mujer tras,801,2026-03-10 04:00,2026-03-10 04:00
2,039 años irán quot zaragoza,378,2026-03-10 04:00,2026-03-10 04:00
3,2026 comprobar hoy marzo sábado,261,2026-03-10 04:00,2026-03-10 04:00
4,ataques guerra irán israel trump,1132,2026-03-10 04:00,2026-03-10 04:00
0,2026 gafas gdc presenta samsung,25,2026-03-10 04:30,2026-03-10 04:30
1,039 años irán quot zaragoza,378,2026-03-10 04:30,2026-03-10 04:30
2,2026 españa madrid marzo tras,7641,2026-03-10 04:30,2026-03-10 04:30
3,años cárcel después muere tras,339,2026-03-10 04:30,2026-03-10 04:30
4,ataques guerra irán israel trump,1171,2026-03-10 04:30,2026-03-10 04:30
0,2026 españa madrid tras trump,7416,2026-03-10 05:00,2026-03-10 05:00
1,039 años irán quot zaragoza,378,2026-03-10 05:00,2026-03-10 05:00
2,2026 comprobar hoy marzo sábado,268,2026-03-10 05:00,2026-03-10 05:00
3,ataques guerra irán israel trump,1162,2026-03-10 05:00,2026-03-10 05:00
4,años cárcel después muere tras,339,2026-03-10 05:00,2026-03-10 05:00
0,cadena españa mujer ser tras,168,2026-03-10 05:30,2026-03-10 05:30
1,2026 años españa marzo tras,7649,2026-03-10 05:30,2026-03-10 05:30
2,039 años irán quot zaragoza,394,2026-03-10 05:30,2026-03-10 05:30
3,8m comunidad dos madrid real,296,2026-03-10 05:30,2026-03-10 05:30
4,ataques guerra irán israel trump,1134,2026-03-10 05:30,2026-03-10 05:30
0,2026 años madrid marzo tras,7592,2026-03-10 06:00,2026-03-10 06:00
1,españa guerra política sánchez trump,467,2026-03-10 06:00,2026-03-10 06:00
2,039 años irán quot zaragoza,393,2026-03-10 06:00,2026-03-10 06:00
3,ataques guerra irán israel trump,1063,2026-03-10 06:00,2026-03-10 06:00
4,abascal ortega pp smith vox,179,2026-03-10 06:00,2026-03-10 06:00
0,años después muere quot tras,378,2026-03-10 06:30,2026-03-10 06:30
1,ataques guerra irán israel trump,1236,2026-03-10 06:30,2026-03-10 06:30
2,españa madrid quot tras trump,7584,2026-03-10 06:30,2026-03-10 06:30
3,2026 comprobar hoy marzo sábado,286,2026-03-10 06:30,2026-03-10 06:30
4,8m día mujer quot zaragoza,385,2026-03-10 06:30,2026-03-10 06:30
0,8m comunidad dos madrid real,304,2026-03-10 07:00,2026-03-10 07:00
1,2026 años hoy marzo tras,7645,2026-03-10 07:00,2026-03-10 07:00
2,españa guerra política sánchez trump,477,2026-03-10 07:00,2026-03-10 07:00
3,039 años irán quot zaragoza,399,2026-03-10 07:00,2026-03-10 07:00
4,ataques guerra irán israel trump,1107,2026-03-10 07:00,2026-03-10 07:00
0,españa madrid quot tras zaragoza,7566,2026-03-10 07:30,2026-03-10 07:30
1,españa guerra irán sánchez trump,1258,2026-03-10 07:30,2026-03-10 07:30
2,ee guerra irán israel uu,386,2026-03-10 07:30,2026-03-10 07:30
3,2026 comprobar hoy marzo sábado,424,2026-03-10 07:30,2026-03-10 07:30
4,años después muere quot tras,382,2026-03-10 07:30,2026-03-10 07:30
0,directo dónde hora partido ver,181,2026-03-10 08:00,2026-03-10 08:00
1,2026 comprobar horóscopo hoy marzo,303,2026-03-10 08:00,2026-03-10 08:00
2,años españa madrid tras trump,7985,2026-03-10 08:00,2026-03-10 08:00
3,039 años irán quot zaragoza,402,2026-03-10 08:00,2026-03-10 08:00
4,ataques guerra irán israel trump,1210,2026-03-10 08:00,2026-03-10 08:00
0,ataques guerra irán israel trump,1212,2026-03-10 08:30,2026-03-10 08:30
1,039 años irán quot zaragoza,404,2026-03-10 08:30,2026-03-10 08:30
2,2026 comprobar horóscopo hoy marzo,280,2026-03-10 08:30,2026-03-10 08:30
3,años españa madrid tras trump,8050,2026-03-10 08:30,2026-03-10 08:30
4,años detenidos dos guerra madrid,217,2026-03-10 08:30,2026-03-10 08:30
0,ataques ee irán israel uu,734,2026-03-10 09:00,2026-03-10 09:00
1,039 años irán quot zaragoza,404,2026-03-10 09:00,2026-03-10 09:00
2,2026 años horóscopo hoy marzo,413,2026-03-10 09:00,2026-03-10 09:00
3,2026 españa madrid tras trump,8029,2026-03-10 09:00,2026-03-10 09:00
4,españa guerra irán sánchez trump,645,2026-03-10 09:00,2026-03-10 09:00
0,2026 años hoy madrid marzo,7474,2026-03-10 09:30,2026-03-10 09:30
1,ataques guerra irán israel trump,945,2026-03-10 09:30,2026-03-10 09:30
2,años hace historia primera victoria,278,2026-03-10 09:30,2026-03-10 09:30
3,españa irán sánchez tras trump,1203,2026-03-10 09:30,2026-03-10 09:30
4,039 años irán quot zaragoza,406,2026-03-10 09:30,2026-03-10 09:30
0,ataques guerra irán israel trump,1152,2026-03-10 10:00,2026-03-10 10:00
1,2026 hoy madrid marzo tras,7968,2026-03-10 10:00,2026-03-10 10:00
2,españa guerra política sánchez trump,503,2026-03-10 10:00,2026-03-10 10:00
3,años después dos muere tras,358,2026-03-10 10:00,2026-03-10 10:00
4,039 años irán quot zaragoza,409,2026-03-10 10:00,2026-03-10 10:00
0,años dos madrid tras trump,7977,2026-03-10 10:30,2026-03-10 10:30
1,españa guerra política sánchez trump,515,2026-03-10 10:30,2026-03-10 10:30
2,039 años irán quot zaragoza,412,2026-03-10 10:30,2026-03-10 10:30
3,2026 comprobar horóscopo hoy marzo,410,2026-03-10 10:30,2026-03-10 10:30
4,ataques guerra irán israel trump,1144,2026-03-10 10:30,2026-03-10 10:30
0,2026 años españa madrid tras,8328,2026-03-10 11:00,2026-03-10 11:00
1,ataques guerra irán israel trump,1254,2026-03-10 11:00,2026-03-10 11:00
2,blanca casa nueva trump york,329,2026-03-10 11:00,2026-03-10 11:00
3,años detenidos dos madrid tras,225,2026-03-10 11:00,2026-03-10 11:00
4,039 años irán quot zaragoza,414,2026-03-10 11:00,2026-03-10 11:00
0,españa guerra política sánchez trump,517,2026-03-10 11:30,2026-03-10 11:30
1,ataques guerra irán israel trump,1191,2026-03-10 11:30,2026-03-10 11:30
2,2026 años hoy marzo tras,8190,2026-03-10 11:30,2026-03-10 11:30
3,8m comunidad dos madrid real,325,2026-03-10 11:30,2026-03-10 11:30
4,039 años irán quot zaragoza,418,2026-03-10 11:30,2026-03-10 11:30
0,2026 comprobar horóscopo hoy marzo,459,2026-03-10 12:00,2026-03-10 12:00
1,039 años irán quot zaragoza,426,2026-03-10 12:00,2026-03-10 12:00
2,ataques guerra irán israel trump,1238,2026-03-10 12:00,2026-03-10 12:00
3,años detenidos dos madrid tras,230,2026-03-10 12:00,2026-03-10 12:00
4,años españa madrid tras trump,8398,2026-03-10 12:00,2026-03-10 12:00
0,2026 años españa madrid tras,8697,2026-03-10 12:30,2026-03-10 12:30
1,ataques guerra irán israel trump,1140,2026-03-10 12:30,2026-03-10 12:30
2,039 años irán quot zaragoza,429,2026-03-10 12:30,2026-03-10 12:30
3,españa guerra pedro sánchez trump,303,2026-03-10 12:30,2026-03-10 12:30
4,cadena mujer puede ser tras,285,2026-03-10 12:30,2026-03-10 12:30
0,españa ia irán unidos vídeo,150,2026-03-10 13:00,2026-03-10 13:00
1,2026 años españa madrid tras,9000,2026-03-10 13:00,2026-03-10 13:00
2,ataques guerra irán israel trump,1248,2026-03-10 13:00,2026-03-10 13:00
3,guerra irán puede ser trump,132,2026-03-10 13:00,2026-03-10 13:00
4,039 años irán quot zaragoza,430,2026-03-10 13:00,2026-03-10 13:00
0,2026 comprobar horóscopo hoy marzo,358,2026-03-10 13:30,2026-03-10 13:30
1,españa guerra política sánchez trump,537,2026-03-10 13:30,2026-03-10 13:30
2,039 años irán quot zaragoza,435,2026-03-10 13:30,2026-03-10 13:30
3,ataques guerra irán israel trump,1195,2026-03-10 13:30,2026-03-10 13:30
4,años dos madrid tras trump,8559,2026-03-10 13:30,2026-03-10 13:30
0,2025 cada españa mundial solo,279,2026-03-10 14:00,2026-03-10 14:00
1,españa guerra oriente sánchez trump,618,2026-03-10 14:00,2026-03-10 14:00
2,2026 años españa madrid tras,8883,2026-03-10 14:00,2026-03-10 14:00
3,ataques guerra irán israel trump,998,2026-03-10 14:00,2026-03-10 14:00
4,039 años irán quot zaragoza,439,2026-03-10 14:00,2026-03-10 14:00
0,2026 8m así día mujeres,366,2026-03-10 14:30,2026-03-10 14:30
1,años cárcel después muere tras,409,2026-03-10 14:30,2026-03-10 14:30
2,2026 españa madrid marzo tras,8770,2026-03-10 14:30,2026-03-10 14:30
3,039 años irán quot zaragoza,444,2026-03-10 14:30,2026-03-10 14:30
4,ataques guerra irán israel trump,1350,2026-03-10 14:30,2026-03-10 14:30
0,españa madrid quot tras trump,8921,2026-03-10 15:00,2026-03-10 15:00
1,ataques guerra irán israel trump,1376,2026-03-10 15:00,2026-03-10 15:00
2,años después muere quot tras,448,2026-03-10 15:00,2026-03-10 15:00
3,madrid quot real tras zaragoza,318,2026-03-10 15:00,2026-03-10 15:00
4,2026 comprobar horóscopo hoy marzo,364,2026-03-10 15:00,2026-03-10 15:00
0,dos españa madrid tras trump,8753,2026-03-10 15:30,2026-03-10 15:30
1,ataques guerra irán israel trump,1361,2026-03-10 15:30,2026-03-10 15:30
2,039 años irán quot zaragoza,450,2026-03-10 15:30,2026-03-10 15:30
3,años cárcel después muere tras,417,2026-03-10 15:30,2026-03-10 15:30
4,2026 comprobar horóscopo hoy marzo,529,2026-03-10 15:30,2026-03-10 15:30
0,da españa guerra javier trump,116,2026-03-10 16:00,2026-03-10 16:00
1,2026 comprobar horóscopo hoy marzo,384,2026-03-10 16:00,2026-03-10 16:00
2,años españa madrid tras trump,9310,2026-03-10 16:00,2026-03-10 16:00
3,ataques guerra irán israel trump,1345,2026-03-10 16:00,2026-03-10 16:00
4,039 años irán quot zaragoza,453,2026-03-10 16:00,2026-03-10 16:00
0,2026 españa madrid marzo tras,9273,2026-03-10 16:30,2026-03-10 16:30
1,ee guerra irán israel uu,243,2026-03-10 16:30,2026-03-10 16:30
2,039 años irán quot zaragoza,457,2026-03-10 16:30,2026-03-10 16:30
3,años cárcel después muere tras,429,2026-03-10 16:30,2026-03-10 16:30
4,guerra irán israel sánchez trump,1299,2026-03-10 16:30,2026-03-10 16:30
0,039 años irán quot zaragoza,462,2026-03-10 17:00,2026-03-10 17:00
1,2026 años españa marzo tras,9526,2026-03-10 17:00,2026-03-10 17:00
2,guerra irán medio oriente próximo,213,2026-03-10 17:00,2026-03-10 17:00
3,8m comunidad dos madrid real,349,2026-03-10 17:00,2026-03-10 17:00
4,ataques guerra irán israel trump,1240,2026-03-10 17:00,2026-03-10 17:00
0,2026 años madrid marzo tras,9472,2026-03-10 17:30,2026-03-10 17:30
1,guerra irán medio oriente próximo,206,2026-03-10 17:30,2026-03-10 17:30
2,españa guerra política sánchez trump,555,2026-03-10 17:30,2026-03-10 17:30
3,039 años irán quot zaragoza,466,2026-03-10 17:30,2026-03-10 17:30
4,ataques guerra irán israel trump,1194,2026-03-10 17:30,2026-03-10 17:30
0,años dos madrid tras trump,9158,2026-03-10 18:00,2026-03-10 18:00
1,2026 comprobar horóscopo hoy marzo,490,2026-03-10 18:00,2026-03-10 18:00
2,españa guerra política sánchez trump,579,2026-03-10 18:00,2026-03-10 18:00
3,039 años irán quot zaragoza,468,2026-03-10 18:00,2026-03-10 18:00
4,ataques guerra irán israel trump,1293,2026-03-10 18:00,2026-03-10 18:00
0,coche dormía estrella euros piece,54,2026-03-10 18:30,2026-03-10 18:30
1,039 años irán quot zaragoza,471,2026-03-10 18:30,2026-03-10 18:30
2,china guerra irán rusia trump,75,2026-03-10 18:30,2026-03-10 18:30
3,2026 años españa madrid tras,10096,2026-03-10 18:30,2026-03-10 18:30
4,ataques guerra irán israel trump,1386,2026-03-10 18:30,2026-03-10 18:30
0,039 años irán quot zaragoza,477,2026-03-10 19:00,2026-03-10 19:00
1,ataques guerra irán israel trump,1378,2026-03-10 19:00,2026-03-10 19:00
2,2026 comprobar horóscopo hoy marzo,359,2026-03-10 19:00,2026-03-10 19:00
3,años españa madrid tras trump,9451,2026-03-10 19:00,2026-03-10 19:00
4,000 200 euros gobierno millones,504,2026-03-10 19:00,2026-03-10 19:00
0,2026 años españa madrid marzo,9588,2026-03-10 19:30,2026-03-10 19:30
1,años día mujer ser tras,681,2026-03-10 19:30,2026-03-10 19:30
2,039 años irán quot zaragoza,480,2026-03-10 19:30,2026-03-10 19:30
3,guerra irán oriente sánchez trump,749,2026-03-10 19:30,2026-03-10 19:30
4,ataques ee irán israel uu,769,2026-03-10 19:30,2026-03-10 19:30
0,039 años irán quot zaragoza,485,2026-03-10 20:00,2026-03-10 20:00
1,2026 comprobar horóscopo hoy marzo,349,2026-03-10 20:00,2026-03-10 20:00
2,años irán israel tras trump,524,2026-03-10 20:00,2026-03-10 20:00
3,ataques guerra irán israel trump,1373,2026-03-10 20:00,2026-03-10 20:00
4,años dos españa madrid trump,9601,2026-03-10 20:00,2026-03-10 20:00
0,madrid quot si trump zaragoza,8763,2026-03-10 20:30,2026-03-10 20:30
1,años dos muere quot tras,1138,2026-03-10 20:30,2026-03-10 20:30
2,ataques guerra irán israel trump,1345,2026-03-10 20:30,2026-03-10 20:30
3,españa guerra política sánchez trump,612,2026-03-10 20:30,2026-03-10 20:30
4,2026 comprobar horóscopo hoy marzo,549,2026-03-10 20:30,2026-03-10 20:30
0,2026 años madrid marzo tras,9833,2026-03-10 21:00,2026-03-10 21:00
1,españa guerra irán política sánchez,601,2026-03-10 21:00,2026-03-10 21:00
2,039 años irán quot zaragoza,490,2026-03-10 21:00,2026-03-10 21:00
3,guerra irán oriente sánchez trump,1100,2026-03-10 21:00,2026-03-10 21:00
4,ee guerra irán israel uu,458,2026-03-10 21:00,2026-03-10 21:00
0,años dos españa madrid tras,9865,2026-03-10 21:30,2026-03-10 21:30
1,039 años irán quot zaragoza,492,2026-03-10 21:30,2026-03-10 21:30
2,2026 comprobar horóscopo hoy marzo,521,2026-03-10 21:30,2026-03-10 21:30
3,españa guerra irán líder trump,585,2026-03-10 21:30,2026-03-10 21:30
4,ataques guerra irán israel uu,1077,2026-03-10 21:30,2026-03-10 21:30
0,años dos españa madrid tras,10042,2026-03-10 22:00,2026-03-10 22:00
1,039 años irán quot zaragoza,494,2026-03-10 22:00,2026-03-10 22:00
2,2026 8m día manifestación mujer,220,2026-03-10 22:00,2026-03-10 22:00
3,ataques guerra irán israel trump,1445,2026-03-10 22:00,2026-03-10 22:00
4,2026 comprobar horóscopo hoy marzo,396,2026-03-10 22:00,2026-03-10 22:00
0,años blanca casa mujer rihanna,194,2026-03-10 22:30,2026-03-10 22:30
1,2026 años madrid marzo tras,10026,2026-03-10 22:30,2026-03-10 22:30
2,ataques guerra irán israel trump,1307,2026-03-10 22:30,2026-03-10 22:30
3,039 años irán quot zaragoza,498,2026-03-10 22:30,2026-03-10 22:30
4,españa guerra política sánchez trump,610,2026-03-10 22:30,2026-03-10 22:30
0,2026 años españa madrid tras,10165,2026-03-10 23:00,2026-03-10 23:00
1,039 años irán quot zaragoza,499,2026-03-10 23:00,2026-03-10 23:00
2,españa guerra medio oriente sánchez,474,2026-03-10 23:00,2026-03-10 23:00
3,cadena gran mujer ser tras,334,2026-03-10 23:00,2026-03-10 23:00
4,ataques guerra irán israel trump,1211,2026-03-10 23:00,2026-03-10 23:00
0,dos españa madrid tras trump,9705,2026-03-10 23:30,2026-03-10 23:30
1,039 años irán quot zaragoza,501,2026-03-10 23:30,2026-03-10 23:30
2,años después dos muere tras,476,2026-03-10 23:30,2026-03-10 23:30
3,2026 comprobar horóscopo hoy marzo,568,2026-03-10 23:30,2026-03-10 23:30
4,ataques guerra irán israel trump,1473,2026-03-10 23:30,2026-03-10 23:30
0,irán jamenei líder nuevo supremo,338,2026-03-11 00:00,2026-03-11 00:00
1,españa guerra política sánchez trump,617,2026-03-11 00:00,2026-03-11 00:00
2,abascal ortega pp smith vox,325,2026-03-11 00:00,2026-03-11 00:00
3,2026 años madrid quot tras,10185,2026-03-11 00:00,2026-03-11 00:00
4,ataques guerra irán israel trump,1298,2026-03-11 00:00,2026-03-11 00:00
0,2026 años comprobar hoy marzo,1029,2026-03-11 00:30,2026-03-11 00:30
1,dos españa gobierno madrid trump,9335,2026-03-11 00:30,2026-03-11 00:30
2,039 años irán quot zaragoza,502,2026-03-11 00:30,2026-03-11 00:30
3,ataques guerra irán israel trump,1419,2026-03-11 00:30,2026-03-11 00:30
4,años irán israel tras trump,543,2026-03-11 00:30,2026-03-11 00:30
0,años después dos muere tras,725,2026-03-11 01:00,2026-03-11 01:00
1,ortega pp psoe smith vox,317,2026-03-11 01:00,2026-03-11 01:00
2,2026 españa madrid marzo tras,9858,2026-03-11 01:00,2026-03-11 01:00
3,039 años irán quot zaragoza,501,2026-03-11 01:00,2026-03-11 01:00
4,ataques guerra irán israel trump,1465,2026-03-11 01:00,2026-03-11 01:00
0,000 españa euros gobierno millones,739,2026-03-11 01:30,2026-03-11 01:30
1,ataques guerra irán israel uu,1182,2026-03-11 01:30,2026-03-11 01:30
2,2026 años españa madrid tras,9903,2026-03-11 01:30,2026-03-11 01:30
3,039 años irán quot zaragoza,502,2026-03-11 01:30,2026-03-11 01:30
4,españa guerra irán sánchez trump,555,2026-03-11 01:30,2026-03-11 01:30
0,039 años irán quot zaragoza,502,2026-03-11 02:00,2026-03-11 02:00
1,ataques guerra irán israel trump,1132,2026-03-11 02:00,2026-03-11 02:00
2,2026 años hoy madrid marzo,9785,2026-03-11 02:00,2026-03-11 02:00
3,años irán israel petróleo tras,534,2026-03-11 02:00,2026-03-11 02:00
4,españa irán política sánchez trump,936,2026-03-11 02:00,2026-03-11 02:00
0,años dos españa madrid trump,9896,2026-03-11 02:30,2026-03-11 02:30
1,años irán petróleo tras trump,545,2026-03-11 02:30,2026-03-11 02:30
2,039 años irán quot zaragoza,502,2026-03-11 02:30,2026-03-11 02:30
3,2026 comprobar horóscopo hoy marzo,534,2026-03-11 02:30,2026-03-11 02:30
4,ataques guerra irán israel trump,1431,2026-03-11 02:30,2026-03-11 02:30
0,cara lleva madrid real victoria,133,2026-03-11 03:00,2026-03-11 03:00
1,años españa guerra irán trump,11188,2026-03-11 03:00,2026-03-11 03:00
2,años guerra irán tras trump,559,2026-03-11 03:00,2026-03-11 03:00
3,2026 comprobar horóscopo hoy marzo,583,2026-03-11 03:00,2026-03-11 03:00
4,039 años irán quot zaragoza,502,2026-03-11 03:00,2026-03-11 03:00
0,2026 hoy madrid marzo tras,9797,2026-03-11 03:30,2026-03-11 03:30
1,españa guerra política sánchez trump,613,2026-03-11 03:30,2026-03-11 03:30
2,ataques guerra irán israel trump,1338,2026-03-11 03:30,2026-03-11 03:30
3,039 años irán quot zaragoza,502,2026-03-11 03:30,2026-03-11 03:30
4,años después dos muere tras,718,2026-03-11 03:30,2026-03-11 03:30
0,dana mazón terrorismo violencia víctimas,53,2026-03-11 04:00,2026-03-11 04:00
1,2026 8m día manifestación mujer,213,2026-03-11 04:00,2026-03-11 04:00
2,2026 años españa madrid tras,10688,2026-03-11 04:00,2026-03-11 04:00
3,039 años irán quot zaragoza,502,2026-03-11 04:00,2026-03-11 04:00
4,ataques guerra irán israel trump,1517,2026-03-11 04:00,2026-03-11 04:00
0,2026 años españa madrid tras,10311,2026-03-11 04:30,2026-03-11 04:30
1,039 años irán quot zaragoza,502,2026-03-11 04:30,2026-03-11 04:30
2,así años españa irán mundo,402,2026-03-11 04:30,2026-03-11 04:30
3,españa guerra irán sánchez trump,573,2026-03-11 04:30,2026-03-11 04:30
4,ataques guerra irán israel uu,1211,2026-03-11 04:30,2026-03-11 04:30
0,aviso forma irán marcha pone,116,2026-03-11 05:00,2026-03-11 05:00
1,039 años irán quot zaragoza,502,2026-03-11 05:00,2026-03-11 05:00
2,españa guerra política sánchez trump,614,2026-03-11 05:00,2026-03-11 05:00
3,ataques guerra irán israel trump,1429,2026-03-11 05:00,2026-03-11 05:00
4,2026 años madrid marzo tras,10347,2026-03-11 05:00,2026-03-11 05:00
0,años dos españa madrid tras,10317,2026-03-11 05:30,2026-03-11 05:30
1,ee irán israel trump uu,868,2026-03-11 05:30,2026-03-11 05:30
2,2026 comprobar horóscopo hoy marzo,582,2026-03-11 05:30,2026-03-11 05:30
3,españa guerra irán sánchez trump,810,2026-03-11 05:30,2026-03-11 05:30
4,039 años irán quot zaragoza,515,2026-03-11 05:30,2026-03-11 05:30
0,2026 años madrid marzo tras,10462,2026-03-11 06:00,2026-03-11 06:00
1,039 años irán quot zaragoza,515,2026-03-11 06:00,2026-03-11 06:00
2,españa guerra irán sánchez trump,364,2026-03-11 06:00,2026-03-11 06:00
3,ataques guerra irán israel trump,1304,2026-03-11 06:00,2026-03-11 06:00
4,españa guerra irán política trump,556,2026-03-11 06:00,2026-03-11 06:00
0,2026 años madrid marzo tras,10546,2026-03-11 06:30,2026-03-11 06:30
1,ee irán israel trump uu,848,2026-03-11 06:30,2026-03-11 06:30
2,españa guerra política sánchez trump,609,2026-03-11 06:30,2026-03-11 06:30
3,guerra irán oriente sánchez trump,786,2026-03-11 06:30,2026-03-11 06:30
4,039 años irán quot zaragoza,516,2026-03-11 06:30,2026-03-11 06:30
0,039 años irán quot zaragoza,521,2026-03-11 07:00,2026-03-11 07:00
1,españa guerra política sánchez trump,608,2026-03-11 07:00,2026-03-11 07:00
2,años guerra irán tras trump,554,2026-03-11 07:00,2026-03-11 07:00
3,2026 años hoy madrid marzo,10308,2026-03-11 07:00,2026-03-11 07:00
4,ataques guerra irán israel trump,1361,2026-03-11 07:00,2026-03-11 07:00
0,años dos madrid quot tras,10553,2026-03-11 07:30,2026-03-11 07:30
1,ataques guerra irán israel trump,1490,2026-03-11 07:30,2026-03-11 07:30
2,2026 comprobar horóscopo hoy marzo,524,2026-03-11 07:30,2026-03-11 07:30
3,españa guerra política sánchez trump,633,2026-03-11 07:30,2026-03-11 07:30
4,8m derechos día igualdad mujeres,225,2026-03-11 07:30,2026-03-11 07:30
0,españa guerra política sánchez trump,854,2026-03-11 08:00,2026-03-11 08:00
1,8m día manifestación mujer mujeres,387,2026-03-11 08:00,2026-03-11 08:00
2,039 años irán quot zaragoza,527,2026-03-11 08:00,2026-03-11 08:00
3,2026 años madrid marzo tras,10378,2026-03-11 08:00,2026-03-11 08:00
4,ataques guerra irán israel trump,1355,2026-03-11 08:00,2026-03-11 08:00
0,2026 comprobar horóscopo hoy marzo,529,2026-03-11 08:30,2026-03-11 08:30
1,españa guerra política sánchez trump,637,2026-03-11 08:30,2026-03-11 08:30
2,039 años irán quot zaragoza,531,2026-03-11 08:30,2026-03-11 08:30
3,años dos madrid tras trump,10439,2026-03-11 08:30,2026-03-11 08:30
4,ataques guerra irán israel trump,1468,2026-03-11 08:30,2026-03-11 08:30
0,ataques guerra irán israel trump,1542,2026-03-11 09:00,2026-03-11 09:00
1,039 años irán quot zaragoza,532,2026-03-11 09:00,2026-03-11 09:00
2,atlético comunidad madrid real tottenham,395,2026-03-11 09:00,2026-03-11 09:00
3,2026 8m día mujer ser,372,2026-03-11 09:00,2026-03-11 09:00
4,2026 años españa marzo tras,10836,2026-03-11 09:00,2026-03-11 09:00
0,2026 comprobar horóscopo hoy marzo,340,2026-03-11 09:30,2026-03-11 09:30
1,ataques guerra irán israel trump,1569,2026-03-11 09:30,2026-03-11 09:30
2,8m derechos día igualdad mujeres,219,2026-03-11 09:30,2026-03-11 09:30
3,039 años irán quot zaragoza,535,2026-03-11 09:30,2026-03-11 09:30
4,años dos españa madrid tras,11104,2026-03-11 09:30,2026-03-11 09:30
0,2026 años españa madrid tras,10503,2026-03-11 10:00,2026-03-11 10:00
1,ee guerra irán israel uu,468,2026-03-11 10:00,2026-03-11 10:00
2,españa guerra irán sánchez trump,1538,2026-03-11 10:00,2026-03-11 10:00
3,039 años irán quot zaragoza,536,2026-03-11 10:00,2026-03-11 10:00
4,000 así años euros millones,793,2026-03-11 10:00,2026-03-11 10:00
0,2026 madrid marzo quot tras,10656,2026-03-11 10:30,2026-03-11 10:30
1,españa guerra política sánchez trump,644,2026-03-11 10:30,2026-03-11 10:30
2,años después muere quot tras,552,2026-03-11 10:30,2026-03-11 10:30
3,000 200 euros gobierno millones,546,2026-03-11 10:30,2026-03-11 10:30
4,ataques guerra irán israel trump,1518,2026-03-11 10:30,2026-03-11 10:30
0,2026 años españa madrid tras,11317,2026-03-11 11:00,2026-03-11 11:00
1,ataques guerra irán israel trump,1584,2026-03-11 11:00,2026-03-11 11:00
2,atlético deja madrid tottenham tras,162,2026-03-11 11:00,2026-03-11 11:00
3,039 años irán quot zaragoza,539,2026-03-11 11:00,2026-03-11 11:00
4,castilla león pp psoe vox,424,2026-03-11 11:00,2026-03-11 11:00
0,2026 hoy madrid marzo tras,10930,2026-03-11 11:30,2026-03-11 11:30
1,españa guerra política sánchez trump,659,2026-03-11 11:30,2026-03-11 11:30
2,años después dos muere tras,532,2026-03-11 11:30,2026-03-11 11:30
3,ataques guerra irán israel trump,1459,2026-03-11 11:30,2026-03-11 11:30
4,039 años irán quot zaragoza,544,2026-03-11 11:30,2026-03-11 11:30
0,años dos españa madrid tras,11088,2026-03-11 12:00,2026-03-11 12:00
1,españa guerra irán sánchez trump,603,2026-03-11 12:00,2026-03-11 12:00
2,039 años irán quot zaragoza,549,2026-03-11 12:00,2026-03-11 12:00
3,ataques ee guerra irán israel,1330,2026-03-11 12:00,2026-03-11 12:00
4,2026 comprobar horóscopo hoy marzo,635,2026-03-11 12:00,2026-03-11 12:00
0,años dos españa madrid tras,11229,2026-03-11 12:30,2026-03-11 12:30
1,ataques guerra irán israel trump,1603,2026-03-11 12:30,2026-03-11 12:30
2,champions españa final gran primer,330,2026-03-11 12:30,2026-03-11 12:30
3,039 años irán quot zaragoza,555,2026-03-11 12:30,2026-03-11 12:30
4,2026 comprobar horóscopo hoy marzo,627,2026-03-11 12:30,2026-03-11 12:30
0,039 años irán quot zaragoza,559,2026-03-11 13:00,2026-03-11 13:00
1,ataques guerra irán israel trump,1496,2026-03-11 13:00,2026-03-11 13:00
2,2026 años madrid marzo tras,11547,2026-03-11 13:00,2026-03-11 13:00
3,españa guerra política sánchez trump,677,2026-03-11 13:00,2026-03-11 13:00
4,2026 8m día manifestación mujer,195,2026-03-11 13:00,2026-03-11 13:00
0,castilla elecciones león primer vox,232,2026-03-11 13:30,2026-03-11 13:30
1,039 años irán quot zaragoza,563,2026-03-11 13:30,2026-03-11 13:30
2,2026 comprobar horóscopo hoy marzo,394,2026-03-11 13:30,2026-03-11 13:30
3,ataques guerra irán israel trump,1629,2026-03-11 13:30,2026-03-11 13:30
4,años dos españa madrid tras,11776,2026-03-11 13:30,2026-03-11 13:30
0,españa guerra política sánchez trump,695,2026-03-11 14:00,2026-03-11 14:00
1,ataques guerra irán israel trump,1548,2026-03-11 14:00,2026-03-11 14:00
2,2026 años madrid marzo tras,11395,2026-03-11 14:00,2026-03-11 14:00
3,039 años irán quot zaragoza,565,2026-03-11 14:00,2026-03-11 14:00
4,años barcelona dos newcastle tras,518,2026-03-11 14:00,2026-03-11 14:00
0,athletic barcelona barça mejor newcastle,408,2026-03-11 14:30,2026-03-11 14:30
1,2026 años madrid marzo tras,11615,2026-03-11 14:30,2026-03-11 14:30
2,ataques guerra irán israel trump,1527,2026-03-11 14:30,2026-03-11 14:30
3,039 años irán quot zaragoza,566,2026-03-11 14:30,2026-03-11 14:30
4,españa guerra política sánchez trump,705,2026-03-11 14:30,2026-03-11 14:30
0,2026 españa madrid marzo tras,11862,2026-03-11 15:00,2026-03-11 15:00
1,039 años irán quot zaragoza,569,2026-03-11 15:00,2026-03-11 15:00
2,años después dos muere tras,562,2026-03-11 15:00,2026-03-11 15:00
3,2026 8m día manifestación mujer,250,2026-03-11 15:00,2026-03-11 15:00
4,ataques guerra irán israel trump,1672,2026-03-11 15:00,2026-03-11 15:00
0,ee guerra irán israel uu,1312,2026-03-11 15:30,2026-03-11 15:30
1,españa guerra irán sánchez trump,607,2026-03-11 15:30,2026-03-11 15:30
2,039 años irán quot zaragoza,574,2026-03-11 15:30,2026-03-11 15:30
3,2026 años españa madrid marzo,11938,2026-03-11 15:30,2026-03-11 15:30
4,años dos irán ser tras,601,2026-03-11 15:30,2026-03-11 15:30
0,aemet españa hoy marzo tiempo,101,2026-03-11 16:00,2026-03-11 16:00
1,ataques guerra irán israel trump,1661,2026-03-11 16:00,2026-03-11 16:00
2,039 años irán quot zaragoza,577,2026-03-11 16:00,2026-03-11 16:00
3,gobierno madrid ser tras tres,1180,2026-03-11 16:00,2026-03-11 16:00
4,2026 años españa marzo tras,11606,2026-03-11 16:00,2026-03-11 16:00
0,dos españa gobierno madrid trump,11181,2026-03-11 16:30,2026-03-11 16:30
1,años después dos muere tras,1130,2026-03-11 16:30,2026-03-11 16:30
2,2026 comprobar horóscopo hoy marzo,667,2026-03-11 16:30,2026-03-11 16:30
3,039 años irán quot zaragoza,581,2026-03-11 16:30,2026-03-11 16:30
4,ataques guerra irán israel trump,1640,2026-03-11 16:30,2026-03-11 16:30
0,años dos madrid quot tras,11713,2026-03-11 17:00,2026-03-11 17:00
1,2026 comprobar horóscopo hoy marzo,637,2026-03-11 17:00,2026-03-11 17:00
2,ataques guerra irán israel trump,1587,2026-03-11 17:00,2026-03-11 17:00
3,españa guerra política sánchez trump,726,2026-03-11 17:00,2026-03-11 17:00
4,000 años euros gobierno millones,622,2026-03-11 17:00,2026-03-11 17:00
0,039 años irán quot zaragoza,587,2026-03-11 17:30,2026-03-11 17:30
1,ee guerra irán israel uu,502,2026-03-11 17:30,2026-03-11 17:30
2,años dos españa madrid tras,12153,2026-03-11 17:30,2026-03-11 17:30
3,2026 comprobar horóscopo hoy marzo,668,2026-03-11 17:30,2026-03-11 17:30
4,españa guerra irán sánchez trump,1468,2026-03-11 17:30,2026-03-11 17:30
0,años españa gobierno madrid millones,11581,2026-03-11 18:00,2026-03-11 18:00
1,2026 comprobar horóscopo hoy marzo,669,2026-03-11 18:00,2026-03-11 18:00
2,ataques guerra irán israel trump,1653,2026-03-11 18:00,2026-03-11 18:00
3,años dos irán madrid tras,964,2026-03-11 18:00,2026-03-11 18:00
4,039 años irán quot zaragoza,592,2026-03-11 18:00,2026-03-11 18:00
0,2026 comprobar horóscopo hoy marzo,421,2026-03-11 18:30,2026-03-11 18:30
1,039 años irán quot zaragoza,596,2026-03-11 18:30,2026-03-11 18:30
2,años irán israel tras trump,660,2026-03-11 18:30,2026-03-11 18:30
3,años dos españa madrid millones,12195,2026-03-11 18:30,2026-03-11 18:30
4,ataques guerra irán israel trump,1669,2026-03-11 18:30,2026-03-11 18:30
0,2026 comprobar horóscopo hoy marzo,649,2026-03-11 19:00,2026-03-11 19:00
1,años dos españa tras trump,11715,2026-03-11 19:00,2026-03-11 19:00
2,ataques guerra irán israel trump,1661,2026-03-11 19:00,2026-03-11 19:00
3,039 años irán quot zaragoza,600,2026-03-11 19:00,2026-03-11 19:00
4,euros madrid millones mujeres real,994,2026-03-11 19:00,2026-03-11 19:00
0,2026 años madrid marzo tras,12227,2026-03-11 19:30,2026-03-11 19:30
1,039 años irán quot zaragoza,604,2026-03-11 19:30,2026-03-11 19:30
2,españa gobierno política sánchez trump,741,2026-03-11 19:30,2026-03-11 19:30
3,ataques guerra irán israel trump,1543,2026-03-11 19:30,2026-03-11 19:30
4,así irán líder nuevo supremo,598,2026-03-11 19:30,2026-03-11 19:30
0,039 irán quot trump zaragoza,607,2026-03-11 20:00,2026-03-11 20:00
1,2026 españa marzo tras trump,12392,2026-03-11 20:00,2026-03-11 20:00
2,años después dos muere tras,583,2026-03-11 20:00,2026-03-11 20:00
3,atlético comunidad directo madrid real,453,2026-03-11 20:00,2026-03-11 20:00
4,ataques guerra irán israel trump,1753,2026-03-11 20:00,2026-03-11 20:00
0,2026 años españa madrid tras,12321,2026-03-11 20:30,2026-03-11 20:30
1,irán líder nuevo ser supremo,611,2026-03-11 20:30,2026-03-11 20:30
2,000 200 euros gobierno millones,659,2026-03-11 20:30,2026-03-11 20:30
3,039 irán quot trump zaragoza,611,2026-03-11 20:30,2026-03-11 20:30
4,ataques guerra irán israel trump,1648,2026-03-11 20:30,2026-03-11 20:30
0,000 años después euros millones,854,2026-03-11 21:00,2026-03-11 21:00
1,039 años irán quot zaragoza,615,2026-03-11 21:00,2026-03-11 21:00
2,ataques guerra irán israel trump,1753,2026-03-11 21:00,2026-03-11 21:00
3,2026 españa hoy marzo tras,12238,2026-03-11 21:00,2026-03-11 21:00
4,atlético comunidad directo madrid real,465,2026-03-11 21:00,2026-03-11 21:00
0,2026 comprobar horóscopo hoy marzo,646,2026-03-11 21:30,2026-03-11 21:30
1,años dos españa madrid tras,12016,2026-03-11 21:30,2026-03-11 21:30
2,ataques guerra irán israel trump,1714,2026-03-11 21:30,2026-03-11 21:30
3,000 castilla euros millones vox,982,2026-03-11 21:30,2026-03-11 21:30
4,039 años irán quot zaragoza,616,2026-03-11 21:30,2026-03-11 21:30
0,2026 8m día horario mujer,252,2026-03-11 22:00,2026-03-11 22:00
1,2026 años españa madrid marzo,12767,2026-03-11 22:00,2026-03-11 22:00
2,años dos irán tras trump,678,2026-03-11 22:00,2026-03-11 22:00
3,039 años irán quot zaragoza,621,2026-03-11 22:00,2026-03-11 22:00
4,ataques guerra irán israel trump,1699,2026-03-11 22:00,2026-03-11 22:00
0,2026 años madrid marzo tras,12662,2026-03-11 22:30,2026-03-11 22:30
1,ataques guerra irán israel trump,1597,2026-03-11 22:30,2026-03-11 22:30
2,españa guerra política sánchez trump,770,2026-03-11 22:30,2026-03-11 22:30
3,039 años irán quot zaragoza,623,2026-03-11 22:30,2026-03-11 22:30
4,años detenidos dos tras tres,401,2026-03-11 22:30,2026-03-11 22:30
0,039 años irán quot zaragoza,624,2026-03-11 23:00,2026-03-11 23:00
1,ataques guerra irán israel uu,1315,2026-03-11 23:00,2026-03-11 23:00
2,españa guerra irán política sánchez,732,2026-03-11 23:00,2026-03-11 23:00
3,españa guerra irán sánchez trump,637,2026-03-11 23:00,2026-03-11 23:00
4,2026 años madrid marzo tras,12779,2026-03-11 23:00,2026-03-11 23:00
0,2026 madrid marzo quot tras,12816,2026-03-11 23:30,2026-03-11 23:30
1,ataques guerra irán israel trump,1709,2026-03-11 23:30,2026-03-11 23:30
2,año euros millones velada vi,174,2026-03-11 23:30,2026-03-11 23:30
3,años después muere quot tras,644,2026-03-11 23:30,2026-03-11 23:30
4,españa guerra política sánchez trump,771,2026-03-11 23:30,2026-03-11 23:30
0,2026 años madrid marzo tras,12420,2026-03-12 00:00,2026-03-12 00:00
1,ataques guerra irán israel trump,1680,2026-03-12 00:00,2026-03-12 00:00
2,españa guerra política sánchez trump,762,2026-03-12 00:00,2026-03-12 00:00
3,039 irán quot trump zaragoza,623,2026-03-12 00:00,2026-03-12 00:00
4,000 200 euros gobierno millones,653,2026-03-12 00:00,2026-03-12 00:00
0,años dos españa madrid tras,12819,2026-03-12 00:30,2026-03-12 00:30
1,039 años irán quot zaragoza,624,2026-03-12 00:30,2026-03-12 00:30
2,ataques guerra irán israel trump,1776,2026-03-12 00:30,2026-03-12 00:30
3,cadena mujer puede ser tras,267,2026-03-12 00:30,2026-03-12 00:30
4,2026 comprobar horóscopo hoy marzo,696,2026-03-12 00:30,2026-03-12 00:30
0,ataques guerra irán israel trump,1789,2026-03-12 01:00,2026-03-12 01:00
1,039 irán quot trump zaragoza,623,2026-03-12 01:00,2026-03-12 01:00
2,incendio miranda mujeres tres violencia,279,2026-03-12 01:00,2026-03-12 01:00
3,2026 años horóscopo hoy marzo,670,2026-03-12 01:00,2026-03-12 01:00
4,2026 dos españa madrid tras,12856,2026-03-12 01:00,2026-03-12 01:00
0,2026 años madrid marzo tras,12760,2026-03-12 01:30,2026-03-12 01:30
1,ataques guerra irán israel trump,1674,2026-03-12 01:30,2026-03-12 01:30
2,039 años irán quot zaragoza,623,2026-03-12 01:30,2026-03-12 01:30
3,españa guerra política sánchez trump,774,2026-03-12 01:30,2026-03-12 01:30
4,blanca casa gran mujer tras,403,2026-03-12 01:30,2026-03-12 01:30
0,años dos españa madrid tras,12587,2026-03-12 02:00,2026-03-12 02:00
1,ataques guerra irán israel trump,1734,2026-03-12 02:00,2026-03-12 02:00
2,039 años irán quot zaragoza,624,2026-03-12 02:00,2026-03-12 02:00
3,2026 comprobar horóscopo hoy marzo,694,2026-03-12 02:00,2026-03-12 02:00
4,cómo dólares petróleo puede reservas,608,2026-03-12 02:00,2026-03-12 02:00
0,2026 años españa madrid tras,13187,2026-03-12 02:30,2026-03-12 02:30
1,así castilla león pp vox,573,2026-03-12 02:30,2026-03-12 02:30
2,039 años irán quot zaragoza,624,2026-03-12 02:30,2026-03-12 02:30
3,ataques guerra irán israel trump,1748,2026-03-12 02:30,2026-03-12 02:30
4,años cambiar cáncer investigación mayor,125,2026-03-12 02:30,2026-03-12 02:30
0,039 irán quot trump zaragoza,624,2026-03-12 03:00,2026-03-12 03:00
1,años después dos muere tras,607,2026-03-12 03:00,2026-03-12 03:00
2,ataques guerra irán israel trump,1808,2026-03-12 03:00,2026-03-12 03:00
3,dos españa madrid tras trump,12555,2026-03-12 03:00,2026-03-12 03:00
4,2026 comprobar horóscopo hoy marzo,702,2026-03-12 03:00,2026-03-12 03:00
0,españa guerra irán tras trump,13878,2026-03-12 03:30,2026-03-12 03:30
1,2026 comprobar horóscopo hoy marzo,683,2026-03-12 03:30,2026-03-12 03:30
2,así cómo españa guerra irán,534,2026-03-12 03:30,2026-03-12 03:30
3,039 irán quot trump zaragoza,624,2026-03-12 03:30,2026-03-12 03:30
4,años después dos muere tras,609,2026-03-12 03:30,2026-03-12 03:30
0,ataques ee irán israel uu,1059,2026-03-12 04:00,2026-03-12 04:00
1,2026 años españa madrid tras,13401,2026-03-12 04:00,2026-03-12 04:00
2,guerra irán oriente sánchez trump,967,2026-03-12 04:00,2026-03-12 04:00
3,así años españa queda sido,288,2026-03-12 04:00,2026-03-12 04:00
4,039 irán quot trump zaragoza,624,2026-03-12 04:00,2026-03-12 04:00
0,2026 años españa madrid tras,13397,2026-03-12 04:30,2026-03-12 04:30
1,guerra irán oriente sánchez trump,969,2026-03-12 04:30,2026-03-12 04:30
2,ataques ee irán israel uu,1072,2026-03-12 04:30,2026-03-12 04:30
3,039 irán quot trump zaragoza,624,2026-03-12 04:30,2026-03-12 04:30
4,así años españa nuevo zaragoza,293,2026-03-12 04:30,2026-03-12 04:30
0,2026 años madrid marzo tras,12837,2026-03-12 05:00,2026-03-12 05:00
1,españa guerra política sánchez trump,803,2026-03-12 05:00,2026-03-12 05:00
2,039 irán quot trump zaragoza,624,2026-03-12 05:00,2026-03-12 05:00
3,cadena irán ser si trump,522,2026-03-12 05:00,2026-03-12 05:00
4,ataques guerra irán israel trump,1588,2026-03-12 05:00,2026-03-12 05:00
0,ataques guerra irán israel trump,1819,2026-03-12 05:30,2026-03-12 05:30
1,039 irán quot trump zaragoza,644,2026-03-12 05:30,2026-03-12 05:30
2,2026 comprobar horóscopo hoy marzo,705,2026-03-12 05:30,2026-03-12 05:30
3,dos españa gobierno madrid tras,12697,2026-03-12 05:30,2026-03-12 05:30
4,años después dos muere tras,611,2026-03-12 05:30,2026-03-12 05:30
0,2026 años madrid marzo tras,13122,2026-03-12 06:00,2026-03-12 06:00
1,ataques ee irán israel uu,1029,2026-03-12 06:00,2026-03-12 06:00
2,guerra irán oriente sánchez trump,946,2026-03-12 06:00,2026-03-12 06:00
3,españa gobierno política sánchez trump,784,2026-03-12 06:00,2026-03-12 06:00
4,039 irán quot trump zaragoza,644,2026-03-12 06:00,2026-03-12 06:00
0,años españa gobierno madrid tras,13108,2026-03-12 06:30,2026-03-12 06:30
1,2026 comprobar horóscopo hoy marzo,697,2026-03-12 06:30,2026-03-12 06:30
2,039 irán quot trump zaragoza,645,2026-03-12 06:30,2026-03-12 06:30
3,ataques guerra irán israel trump,1818,2026-03-12 06:30,2026-03-12 06:30
4,años detenidos dos tras tres,426,2026-03-12 06:30,2026-03-12 06:30
0,hacer historia mayor petróleo reservas,251,2026-03-12 07:00,2026-03-12 07:00
1,2026 años españa marzo tras,13478,2026-03-12 07:00,2026-03-12 07:00
2,039 años irán quot zaragoza,646,2026-03-12 07:00,2026-03-12 07:00
3,ataques guerra irán israel trump,1854,2026-03-12 07:00,2026-03-12 07:00
4,atlético city directo madrid real,517,2026-03-12 07:00,2026-03-12 07:00
0,2026 años españa madrid tras,13116,2026-03-12 07:30,2026-03-12 07:30
1,039 años irán quot zaragoza,648,2026-03-12 07:30,2026-03-12 07:30
2,ataques guerra irán israel trump,1757,2026-03-12 07:30,2026-03-12 07:30
3,irán jamenei líder nuevo supremo,403,2026-03-12 07:30,2026-03-12 07:30
4,000 barcelona españa euros millones,911,2026-03-12 07:30,2026-03-12 07:30
0,2026 años españa marzo tras,13587,2026-03-12 08:00,2026-03-12 08:00
1,ataques guerra irán israel trump,1802,2026-03-12 08:00,2026-03-12 08:00
2,der leyen pp von vox,346,2026-03-12 08:00,2026-03-12 08:00
3,039 años irán quot zaragoza,646,2026-03-12 08:00,2026-03-12 08:00
4,atlético city directo madrid real,521,2026-03-12 08:00,2026-03-12 08:00
0,españa guerra política sánchez trump,824,2026-03-12 08:30,2026-03-12 08:30
1,ataques guerra irán israel trump,1778,2026-03-12 08:30,2026-03-12 08:30
2,años después dos muere tras,624,2026-03-12 08:30,2026-03-12 08:30
3,039 años irán quot zaragoza,651,2026-03-12 08:30,2026-03-12 08:30
4,2026 dos madrid marzo tras,13094,2026-03-12 08:30,2026-03-12 08:30
0,2026 comprobar horóscopo hoy marzo,439,2026-03-12 09:00,2026-03-12 09:00
1,años dos españa madrid millones,13416,2026-03-12 09:00,2026-03-12 09:00
2,039 años irán quot zaragoza,655,2026-03-12 09:00,2026-03-12 09:00
3,ataques guerra irán israel trump,1822,2026-03-12 09:00,2026-03-12 09:00
4,años dos irán tras trump,726,2026-03-12 09:00,2026-03-12 09:00
