persona,mentions,positive,negative,neutral,sentiment_score,top_sources,last_title,last_update,cycle
Trump,214,12,8,194,0.019,"{'eldiario': 19, 'lavanguardia': 18, 'google_news_politica': 17, 'elpais': 16, 'elespanol': 14}","Trump promete un ataque ""muy duro"" contra Irán tras haberse ""rendido ante sus vecinos""",2026-03-07 15:04,2026-03-07 15:04
Sánchez,153,9,11,133,-0.013,"{'google_news_politica': 42, 'elmundo_espana': 10, 'elespanol': 9, 'huffington_es': 9, '20minutos': 9}","Pedro Sánchez: ""Decir no a la guerra es decir sí a la soberanía de la nación""",2026-03-07 15:04,2026-03-07 15:04
Illa,84,5,3,76,0.024,"{'heraldo_aragon': 15, 'google_news_es': 11, '20minutos': 11, 'okdiario': 6, 'elconfidencial': 6}",IU-Sumar enarbolan el 'no a la guerra' para activar a la izquierda en Castilla y León,2026-03-07 15:04,2026-03-07 15:04
Feijóo,65,1,10,54,-0.138,"{'google_news_politica': 12, 'eldiario': 7, 'heraldo_aragon': 6, '20minutos': 5, 'elmundo_espana': 5}","Mañueco busca recuperar el liderazgo en Soria: ""Cada voto que no sea para el PP es un voto para la izquierda""",2026-03-07 15:04,2026-03-07 15:04
Abascal,64,1,16,47,-0.234,"{'heraldo_aragon': 9, 'elmundo_espana': 7, 'eldiario': 7, 'lavanguardia': 5, 'elespanol': 5}",Vox sigue su propia ruta en un momento crucial para el poder autonómico del PP,2026-03-07 15:04,2026-03-07 15:04
Ayuso,10,2,1,7,0.1,"{'elpais': 3, 'google_news_es': 2, 'huffington_es': 1, 'heraldo_aragon': 1, '20minutos': 1}",El actor Mark Ruffalo mira a España por lo que dice la portavoz de Más Madrid sobre Ayuso y el feminismo en Irán,2026-03-07 15:04,2026-03-07 15:04
Yolanda Díaz,6,0,2,4,-0.333,"{'20minutos': 2, 'eldiario': 1, 'levante_emv': 1, 'google_news_es': 1, 'google_news_politica': 1}",IU-Sumar enarbolan el 'no a la guerra' para activar a la izquierda en Castilla y León,2026-03-07 15:04,2026-03-07 15:04
Puigdemont,4,0,0,4,0.0,"{'eldiario': 2, 'google_news_politica': 2}",El comisario de los Mossos cesado tras la fuga de Puigdemont en 2024 pide dejar el cuerpo,2026-03-07 15:04,2026-03-07 15:04
Zelenski,4,1,0,3,0.25,"{'elmundo_internacional': 3, 'lavanguardia': 1}",'Pulpos' contra 'Testigos': Trump y los países del Golfo olvidan su simpatía con Rusia y piden armas a Zelenski para par,2026-03-07 15:04,2026-03-07 15:04
Rajoy,1,0,0,1,0.0,{'elespanol': 1},"Rajoy carga contra Vox: ""La alternativa a Frankenstein no puede ser otro extremista que ni come ni deja comer""",2026-03-07 15:04,2026-03-07 15:04
Trump,218,12,8,198,0.018,"{'eldiario': 19, 'lavanguardia': 18, 'google_news_politica': 17, 'elpais': 16, 'elespanol': 14}",Israel intensifica bombardeos en Irán mientras Trump le exige rendición incondicional,2026-03-07 15:32,2026-03-07 15:32
Sánchez,155,9,12,134,-0.019,"{'google_news_politica': 43, 'elmundo_espana': 10, 'elespanol': 9, 'huffington_es': 9, '20minutos': 9}",Pedro Sánchez acusa a Feijóo y Abascal de apoyar la guerra contra Irán y advierte de su impacto en la economía española ,2026-03-07 15:32,2026-03-07 15:32
Illa,85,5,3,77,0.024,"{'heraldo_aragon': 15, 'google_news_es': 11, '20minutos': 11, 'okdiario': 6, 'elconfidencial': 6}",Por un puñado de votos: radiografía del 'voto útil' e 'inútil' en Castilla y León,2026-03-07 15:32,2026-03-07 15:32
Feijóo,66,1,11,54,-0.152,"{'google_news_politica': 13, 'eldiario': 7, 'heraldo_aragon': 6, 'elmundo_espana': 5, '20minutos': 5}",Pedro Sánchez acusa a Feijóo y Abascal de apoyar la guerra contra Irán y advierte de su impacto en la economía española ,2026-03-07 15:32,2026-03-07 15:32
Abascal,65,1,17,47,-0.246,"{'heraldo_aragon': 9, 'elmundo_espana': 7, 'eldiario': 7, 'google_news_politica': 5, 'elespanol': 5}",Pedro Sánchez acusa a Feijóo y Abascal de apoyar la guerra contra Irán y advierte de su impacto en la economía española ,2026-03-07 15:32,2026-03-07 15:32
Ayuso,10,2,1,7,0.1,"{'elpais': 3, 'google_news_es': 2, 'huffington_es': 1, 'heraldo_aragon': 1, '20minutos': 1}",El actor Mark Ruffalo mira a España por lo que dice la portavoz de Más Madrid sobre Ayuso y el feminismo en Irán,2026-03-07 15:32,2026-03-07 15:32
Yolanda Díaz,6,0,2,4,-0.333,"{'20minutos': 2, 'eldiario': 1, 'levante_emv': 1, 'google_news_es': 1, 'google_news_politica': 1}",IU-Sumar enarbolan el 'no a la guerra' para activar a la izquierda en Castilla y León,2026-03-07 15:32,2026-03-07 15:32
Puigdemont,4,0,0,4,0.0,"{'eldiario': 2, 'google_news_politica': 2}",El comisario de los Mossos cesado tras la fuga de Puigdemont en 2024 pide dejar el cuerpo,2026-03-07 15:32,2026-03-07 15:32
Zelenski,4,1,0,3,0.25,"{'elmundo_internacional': 3, 'lavanguardia': 1}",'Pulpos' contra 'Testigos': Trump y los países del Golfo olvidan su simpatía con Rusia y piden armas a Zelenski para par,2026-03-07 15:32,2026-03-07 15:32
Rajoy,1,0,0,1,0.0,{'elespanol': 1},"Rajoy carga contra Vox: ""La alternativa a Frankenstein no puede ser otro extremista que ni come ni deja comer""",2026-03-07 15:32,2026-03-07 15:32
Trump,224,13,8,203,0.022,"{'eldiario': 19, 'lavanguardia': 18, 'google_news_politica': 17, 'elpais': 16, 'elespanol': 14}","El Gobierno del ‘pacifista’ Sánchez exporta 7,6 millones de material militar al Ejército de Trump en 18 meses",2026-03-07 16:02,2026-03-07 16:02
Sánchez,159,9,12,138,-0.019,"{'google_news_politica': 43, '20minutos': 10, 'elespanol': 10, 'elmundo_espana': 10, 'okdiario': 9}","El Gobierno del ‘pacifista’ Sánchez exporta 7,6 millones de material militar al Ejército de Trump en 18 meses",2026-03-07 16:02,2026-03-07 16:02
Illa,86,5,3,78,0.023,"{'heraldo_aragon': 15, 'google_news_es': 11, '20minutos': 11, 'okdiario': 7, 'elconfidencial': 6}","Andre Alonso, especialista en jardinería doméstica «La planta de interior por excelencia es la costilla de Adán»",2026-03-07 16:02,2026-03-07 16:02
Feijóo,66,1,11,54,-0.152,"{'google_news_politica': 13, 'eldiario': 7, 'heraldo_aragon': 6, 'elmundo_espana': 5, '20minutos': 5}",Pedro Sánchez acusa a Feijóo y Abascal de apoyar la guerra contra Irán y advierte de su impacto en la economía española ,2026-03-07 16:02,2026-03-07 16:02
Abascal,65,1,17,47,-0.246,"{'heraldo_aragon': 9, 'elmundo_espana': 7, 'eldiario': 7, 'google_news_politica': 5, 'elespanol': 5}",Pedro Sánchez acusa a Feijóo y Abascal de apoyar la guerra contra Irán y advierte de su impacto en la economía española ,2026-03-07 16:02,2026-03-07 16:02
Ayuso,10,2,1,7,0.1,"{'elpais': 3, 'google_news_es': 2, 'huffington_es': 1, 'heraldo_aragon': 1, '20minutos': 1}",El actor Mark Ruffalo mira a España por lo que dice la portavoz de Más Madrid sobre Ayuso y el feminismo en Irán,2026-03-07 16:02,2026-03-07 16:02
Yolanda Díaz,6,0,2,4,-0.333,"{'20minutos': 2, 'eldiario': 1, 'levante_emv': 1, 'google_news_es': 1, 'google_news_politica': 1}",IU-Sumar enarbolan el 'no a la guerra' para activar a la izquierda en Castilla y León,2026-03-07 16:02,2026-03-07 16:02
Puigdemont,4,0,0,4,0.0,"{'eldiario': 2, 'google_news_politica': 2}",El comisario de los Mossos cesado tras la fuga de Puigdemont en 2024 pide dejar el cuerpo,2026-03-07 16:02,2026-03-07 16:02
Zelenski,4,1,0,3,0.25,"{'elmundo_internacional': 3, 'lavanguardia': 1}",'Pulpos' contra 'Testigos': Trump y los países del Golfo olvidan su simpatía con Rusia y piden armas a Zelenski para par,2026-03-07 16:02,2026-03-07 16:02
Rajoy,1,0,0,1,0.0,{'elespanol': 1},"Rajoy carga contra Vox: ""La alternativa a Frankenstein no puede ser otro extremista que ni come ni deja comer""",2026-03-07 16:02,2026-03-07 16:02
Trump,229,16,8,205,0.035,"{'eldiario': 19, 'lavanguardia': 18, 'google_news_politica': 17, 'elpais': 16, 'expansion': 14}","Trump anuncia una nueva ""coalición militar"" en Latinoamérica contra los cárteles",2026-03-07 16:32,2026-03-07 16:32
Sánchez,159,9,12,138,-0.019,"{'google_news_politica': 43, '20minutos': 10, 'elespanol': 10, 'elmundo_espana': 10, 'okdiario': 9}","El Gobierno del ‘pacifista’ Sánchez exporta 7,6 millones de material militar al Ejército de Trump en 18 meses",2026-03-07 16:32,2026-03-07 16:32
Illa,91,6,3,82,0.033,"{'heraldo_aragon': 15, 'google_news_es': 13, '20minutos': 12, 'okdiario': 7, 'elconfidencial': 6}","Programa electoral del PP para las elecciones autonómicas de Castilla y León 2026: ""Entre las tres mejores comunidades""",2026-03-07 16:32,2026-03-07 16:32
Feijóo,67,1,11,55,-0.149,"{'google_news_politica': 13, 'eldiario': 7, '20minutos': 6, 'heraldo_aragon': 6, 'elmundo_espana': 5}","Programa electoral del PP para las elecciones autonómicas de Castilla y León 2026: ""Entre las tres mejores comunidades""",2026-03-07 16:32,2026-03-07 16:32
Abascal,65,1,17,47,-0.246,"{'heraldo_aragon': 9, 'elmundo_espana': 7, 'eldiario': 7, 'google_news_politica': 5, 'elespanol': 5}",Pedro Sánchez acusa a Feijóo y Abascal de apoyar la guerra contra Irán y advierte de su impacto en la economía española ,2026-03-07 16:32,2026-03-07 16:32
Ayuso,10,2,1,7,0.1,"{'elpais': 3, 'google_news_es': 2, 'huffington_es': 1, 'heraldo_aragon': 1, '20minutos': 1}",El actor Mark Ruffalo mira a España por lo que dice la portavoz de Más Madrid sobre Ayuso y el feminismo en Irán,2026-03-07 16:32,2026-03-07 16:32
Yolanda Díaz,6,0,2,4,-0.333,"{'20minutos': 2, 'eldiario': 1, 'levante_emv': 1, 'google_news_es': 1, 'google_news_politica': 1}",IU-Sumar enarbolan el 'no a la guerra' para activar a la izquierda en Castilla y León,2026-03-07 16:32,2026-03-07 16:32
Puigdemont,4,0,0,4,0.0,"{'eldiario': 2, 'google_news_politica': 2}",El comisario de los Mossos cesado tras la fuga de Puigdemont en 2024 pide dejar el cuerpo,2026-03-07 16:32,2026-03-07 16:32
Zelenski,4,1,0,3,0.25,"{'elmundo_internacional': 3, 'lavanguardia': 1}",'Pulpos' contra 'Testigos': Trump y los países del Golfo olvidan su simpatía con Rusia y piden armas a Zelenski para par,2026-03-07 16:32,2026-03-07 16:32
Rajoy,1,0,0,1,0.0,{'elespanol': 1},"Rajoy carga contra Vox: ""La alternativa a Frankenstein no puede ser otro extremista que ni come ni deja comer""",2026-03-07 16:32,2026-03-07 16:32
Trump,233,18,8,207,0.043,"{'eldiario': 19, 'lavanguardia': 18, 'google_news_politica': 17, 'elpais': 16, 'france24_es': 15}",Trump anuncia coalición militar para erradicar carteles narcotraficantes en el hemisferio occidental,2026-03-07 17:02,2026-03-07 17:02
Sánchez,161,9,12,140,-0.019,"{'google_news_politica': 45, '20minutos': 10, 'elespanol': 10, 'elmundo_espana': 10, 'okdiario': 9}","El Gobierno del ‘pacifista’ Sánchez exporta 7,6 millones de material militar al Ejército de Trump en 18 meses",2026-03-07 17:02,2026-03-07 17:02
Illa,92,6,3,83,0.033,"{'heraldo_aragon': 15, 'google_news_es': 14, '20minutos': 12, 'okdiario': 7, 'elconfidencial': 6}","Programa electoral del PP para las elecciones autonómicas de Castilla y León 2026: ""Entre las tres mejores comunidades""",2026-03-07 17:02,2026-03-07 17:02
Feijóo,68,1,11,56,-0.147,"{'google_news_politica': 14, 'eldiario': 7, '20minutos': 6, 'heraldo_aragon': 6, 'elmundo_espana': 5}","Programa electoral del PP para las elecciones autonómicas de Castilla y León 2026: ""Entre las tres mejores comunidades""",2026-03-07 17:02,2026-03-07 17:02
Abascal,65,1,17,47,-0.246,"{'heraldo_aragon': 9, 'elmundo_espana': 7, 'eldiario': 7, 'google_news_politica': 5, 'elespanol': 5}",Pedro Sánchez acusa a Feijóo y Abascal de apoyar la guerra contra Irán y advierte de su impacto en la economía española ,2026-03-07 17:02,2026-03-07 17:02
Ayuso,10,2,1,7,0.1,"{'elpais': 3, 'google_news_es': 2, 'huffington_es': 1, 'heraldo_aragon': 1, '20minutos': 1}",El actor Mark Ruffalo mira a España por lo que dice la portavoz de Más Madrid sobre Ayuso y el feminismo en Irán,2026-03-07 17:02,2026-03-07 17:02
Yolanda Díaz,6,0,2,4,-0.333,"{'20minutos': 2, 'eldiario': 1, 'levante_emv': 1, 'google_news_es': 1, 'google_news_politica': 1}",IU-Sumar enarbolan el 'no a la guerra' para activar a la izquierda en Castilla y León,2026-03-07 17:02,2026-03-07 17:02
Puigdemont,4,0,0,4,0.0,"{'eldiario': 2, 'google_news_politica': 2}",El comisario de los Mossos cesado tras la fuga de Puigdemont en 2024 pide dejar el cuerpo,2026-03-07 17:02,2026-03-07 17:02
Zelenski,4,1,0,3,0.25,"{'elmundo_internacional': 3, 'lavanguardia': 1}",'Pulpos' contra 'Testigos': Trump y los países del Golfo olvidan su simpatía con Rusia y piden armas a Zelenski para par,2026-03-07 17:02,2026-03-07 17:02
Rajoy,1,0,0,1,0.0,{'elespanol': 1},"Rajoy carga contra Vox: ""La alternativa a Frankenstein no puede ser otro extremista que ni come ni deja comer""",2026-03-07 17:02,2026-03-07 17:02
Trump,243,20,8,215,0.049,"{'eldiario': 20, 'lavanguardia': 19, 'elpais': 18, 'google_news_politica': 17, 'france24_es': 16}",Trump reúne en Miami a líderes latinoamericanos de derechas y anuncia una coalición militar contra el narcotráfico,2026-03-07 17:32,2026-03-07 17:32
Sánchez,161,9,12,140,-0.019,"{'google_news_politica': 45, '20minutos': 10, 'elespanol': 10, 'elmundo_espana': 10, 'okdiario': 9}","El Gobierno del ‘pacifista’ Sánchez exporta 7,6 millones de material militar al Ejército de Trump en 18 meses",2026-03-07 17:32,2026-03-07 17:32
Illa,93,6,3,84,0.032,"{'heraldo_aragon': 15, 'google_news_es': 14, '20minutos': 12, 'okdiario': 7, 'elconfidencial': 6}","Contra el luto de los ayatolás, el color de las iraníes libres en España: ""Me detuvieron por no llevar la chaqueta por d",2026-03-07 17:32,2026-03-07 17:32
Feijóo,68,1,11,56,-0.147,"{'google_news_politica': 14, 'eldiario': 7, '20minutos': 6, 'heraldo_aragon': 6, 'elmundo_espana': 5}","Programa electoral del PP para las elecciones autonómicas de Castilla y León 2026: ""Entre las tres mejores comunidades""",2026-03-07 17:32,2026-03-07 17:32
Abascal,65,1,17,47,-0.246,"{'heraldo_aragon': 9, 'elmundo_espana': 7, 'eldiario': 7, 'google_news_politica': 5, 'elespanol': 5}",Pedro Sánchez acusa a Feijóo y Abascal de apoyar la guerra contra Irán y advierte de su impacto en la economía española ,2026-03-07 17:32,2026-03-07 17:32
Ayuso,10,2,1,7,0.1,"{'elpais': 3, 'google_news_es': 2, 'huffington_es': 1, 'heraldo_aragon': 1, '20minutos': 1}",El actor Mark Ruffalo mira a España por lo que dice la portavoz de Más Madrid sobre Ayuso y el feminismo en Irán,2026-03-07 17:32,2026-03-07 17:32
Yolanda Díaz,6,0,2,4,-0.333,"{'20minutos': 2, 'eldiario': 1, 'levante_emv': 1, 'google_news_es': 1, 'google_news_politica': 1}",IU-Sumar enarbolan el 'no a la guerra' para activar a la izquierda en Castilla y León,2026-03-07 17:32,2026-03-07 17:32
Puigdemont,4,0,0,4,0.0,"{'eldiario': 2, 'google_news_politica': 2}",El comisario de los Mossos cesado tras la fuga de Puigdemont en 2024 pide dejar el cuerpo,2026-03-07 17:32,2026-03-07 17:32
Zelenski,4,1,0,3,0.25,"{'elmundo_internacional': 3, 'lavanguardia': 1}",'Pulpos' contra 'Testigos': Trump y los países del Golfo olvidan su simpatía con Rusia y piden armas a Zelenski para par,2026-03-07 17:32,2026-03-07 17:32
Rajoy,1,0,0,1,0.0,{'elespanol': 1},"Rajoy carga contra Vox: ""La alternativa a Frankenstein no puede ser otro extremista que ni come ni deja comer""",2026-03-07 17:32,2026-03-07 17:32
Trump,254,20,9,225,0.043,"{'20minutos': 21, 'eldiario': 20, 'elpais': 19, 'lavanguardia': 19, 'france24_es': 17}","Qué es el Escudo de las Américas, la iniciativa impulsada por Trump de la que nace la nueva coalición militar regional c",2026-03-07 18:02,2026-03-07 18:02
Sánchez,161,9,12,140,-0.019,"{'google_news_politica': 45, '20minutos': 10, 'elespanol': 10, 'elmundo_espana': 10, 'okdiario': 9}","El Gobierno del ‘pacifista’ Sánchez exporta 7,6 millones de material militar al Ejército de Trump en 18 meses",2026-03-07 18:02,2026-03-07 18:02
Illa,97,7,3,87,0.041,"{'google_news_es': 16, 'heraldo_aragon': 15, '20minutos': 13, 'okdiario': 8, 'elconfidencial': 6}",Paz Padilla destapa cómo funcionaba ‘Sálvame’: «Me decían ‘mete mierda’ y hacían de una mentira una verdad»,2026-03-07 18:02,2026-03-07 18:02
Feijóo,68,1,11,56,-0.147,"{'google_news_politica': 14, 'eldiario': 7, '20minutos': 6, 'heraldo_aragon': 6, 'elmundo_espana': 5}","Programa electoral del PP para las elecciones autonómicas de Castilla y León 2026: ""Entre las tres mejores comunidades""",2026-03-07 18:02,2026-03-07 18:02
Abascal,65,1,17,47,-0.246,"{'heraldo_aragon': 9, 'elmundo_espana': 7, 'eldiario': 7, 'google_news_politica': 5, 'elespanol': 5}",Pedro Sánchez acusa a Feijóo y Abascal de apoyar la guerra contra Irán y advierte de su impacto en la economía española ,2026-03-07 18:02,2026-03-07 18:02
Ayuso,10,2,1,7,0.1,"{'elpais': 3, 'google_news_es': 2, 'huffington_es': 1, 'heraldo_aragon': 1, '20minutos': 1}",El actor Mark Ruffalo mira a España por lo que dice la portavoz de Más Madrid sobre Ayuso y el feminismo en Irán,2026-03-07 18:02,2026-03-07 18:02
Yolanda Díaz,6,0,2,4,-0.333,"{'20minutos': 2, 'eldiario': 1, 'levante_emv': 1, 'google_news_es': 1, 'google_news_politica': 1}",IU-Sumar enarbolan el 'no a la guerra' para activar a la izquierda en Castilla y León,2026-03-07 18:02,2026-03-07 18:02
Puigdemont,4,0,0,4,0.0,"{'eldiario': 2, 'google_news_politica': 2}",El comisario de los Mossos cesado tras la fuga de Puigdemont en 2024 pide dejar el cuerpo,2026-03-07 18:02,2026-03-07 18:02
Zelenski,4,1,0,3,0.25,"{'elmundo_internacional': 3, 'lavanguardia': 1}",'Pulpos' contra 'Testigos': Trump y los países del Golfo olvidan su simpatía con Rusia y piden armas a Zelenski para par,2026-03-07 18:02,2026-03-07 18:02
Rajoy,1,0,0,1,0.0,{'elespanol': 1},"Rajoy carga contra Vox: ""La alternativa a Frankenstein no puede ser otro extremista que ni come ni deja comer""",2026-03-07 18:02,2026-03-07 18:02
Trump,259,22,9,228,0.05,"{'20minutos': 23, 'eldiario': 20, 'elpais': 19, 'lavanguardia': 19, 'google_news_politica': 17}","Donald Trump anuncia una nueva ""coalición militar"" en Latinoamérica contra los carteles",2026-03-07 18:32,2026-03-07 18:32
Sánchez,162,9,12,141,-0.019,"{'google_news_politica': 45, 'elmundo_espana': 10, '20minutos': 10, 'elespanol': 10, 'okdiario': 9}",El Poder Judicial no sancionó al magistrado que llamó “Barbigoña” a la mujer de Sánchez porque lo hizo como “mero ciudad,2026-03-07 18:32,2026-03-07 18:32
Illa,97,7,3,87,0.041,"{'google_news_es': 16, 'heraldo_aragon': 15, '20minutos': 13, 'okdiario': 8, 'elconfidencial': 6}",Paz Padilla destapa cómo funcionaba ‘Sálvame’: «Me decían ‘mete mierda’ y hacían de una mentira una verdad»,2026-03-07 18:32,2026-03-07 18:32
Feijóo,69,1,11,57,-0.145,"{'google_news_politica': 14, 'eldiario': 7, 'heraldo_aragon': 6, '20minutos': 6, 'elmundo_espana': 5}",PP y Vox cruzan reproches tras la investidura fallida de María Guardiola en Extremadura,2026-03-07 18:32,2026-03-07 18:32
Abascal,67,1,17,49,-0.239,"{'heraldo_aragon': 10, 'elmundo_espana': 7, 'eldiario': 7, 'google_news_politica': 5, 'elespanol': 5}","Abascal, sobre la expulsión de Ortega Smith de Vox: &quot;No me gustan las telenovelas&quot;",2026-03-07 18:32,2026-03-07 18:32
Ayuso,10,2,1,7,0.1,"{'elpais': 3, 'google_news_es': 2, 'huffington_es': 1, 'heraldo_aragon': 1, '20minutos': 1}",El actor Mark Ruffalo mira a España por lo que dice la portavoz de Más Madrid sobre Ayuso y el feminismo en Irán,2026-03-07 18:32,2026-03-07 18:32
Yolanda Díaz,6,0,2,4,-0.333,"{'20minutos': 2, 'eldiario': 1, 'levante_emv': 1, 'google_news_es': 1, 'google_news_politica': 1}",IU-Sumar enarbolan el 'no a la guerra' para activar a la izquierda en Castilla y León,2026-03-07 18:32,2026-03-07 18:32
Puigdemont,4,0,0,4,0.0,"{'eldiario': 2, 'google_news_politica': 2}",El comisario de los Mossos cesado tras la fuga de Puigdemont en 2024 pide dejar el cuerpo,2026-03-07 18:32,2026-03-07 18:32
Zelenski,4,1,0,3,0.25,"{'elmundo_internacional': 3, 'lavanguardia': 1}",'Pulpos' contra 'Testigos': Trump y los países del Golfo olvidan su simpatía con Rusia y piden armas a Zelenski para par,2026-03-07 18:32,2026-03-07 18:32
Rajoy,1,0,0,1,0.0,{'elespanol': 1},"Rajoy carga contra Vox: ""La alternativa a Frankenstein no puede ser otro extremista que ni come ni deja comer""",2026-03-07 18:32,2026-03-07 18:32
Trump,262,22,9,231,0.05,"{'20minutos': 23, 'eldiario': 20, 'elpais': 19, 'lavanguardia': 19, 'google_news_politica': 17}","Trump, durante una reunión con líderes latinoamericanos: ""No voy a aprender su maldito idioma""",2026-03-07 19:02,2026-03-07 19:02
Sánchez,163,9,12,142,-0.018,"{'google_news_politica': 45, '20minutos': 10, 'elespanol': 10, 'elmundo_espana': 10, 'huffington_es': 9}",El Poder Judicial no sancionó al magistrado que llamó “Barbigoña” a la mujer de Sánchez porque lo hizo como “mero ciudad,2026-03-07 19:02,2026-03-07 19:02
Illa,97,7,3,87,0.041,"{'google_news_es': 16, 'heraldo_aragon': 15, '20minutos': 13, 'okdiario': 8, 'elconfidencial': 6}",Paz Padilla destapa cómo funcionaba ‘Sálvame’: «Me decían ‘mete mierda’ y hacían de una mentira una verdad»,2026-03-07 19:02,2026-03-07 19:02
Feijóo,69,1,11,57,-0.145,"{'google_news_politica': 14, 'eldiario': 7, 'heraldo_aragon': 6, '20minutos': 6, 'elmundo_espana': 5}",PP y Vox cruzan reproches tras la investidura fallida de María Guardiola en Extremadura,2026-03-07 19:02,2026-03-07 19:02
Abascal,67,1,17,49,-0.239,"{'heraldo_aragon': 10, 'elmundo_espana': 7, 'eldiario': 7, 'google_news_politica': 5, 'elespanol': 5}","Abascal, sobre la expulsión de Ortega Smith de Vox: &quot;No me gustan las telenovelas&quot;",2026-03-07 19:02,2026-03-07 19:02
Ayuso,10,2,1,7,0.1,"{'elpais': 3, 'google_news_es': 2, 'huffington_es': 1, 'heraldo_aragon': 1, '20minutos': 1}",El actor Mark Ruffalo mira a España por lo que dice la portavoz de Más Madrid sobre Ayuso y el feminismo en Irán,2026-03-07 19:02,2026-03-07 19:02
Yolanda Díaz,6,0,2,4,-0.333,"{'20minutos': 2, 'eldiario': 1, 'levante_emv': 1, 'google_news_es': 1, 'google_news_politica': 1}",IU-Sumar enarbolan el 'no a la guerra' para activar a la izquierda en Castilla y León,2026-03-07 19:02,2026-03-07 19:02
Puigdemont,4,0,0,4,0.0,"{'eldiario': 2, 'google_news_politica': 2}",El comisario de los Mossos cesado tras la fuga de Puigdemont en 2024 pide dejar el cuerpo,2026-03-07 19:02,2026-03-07 19:02
Zelenski,4,1,0,3,0.25,"{'elmundo_internacional': 3, 'lavanguardia': 1}",'Pulpos' contra 'Testigos': Trump y los países del Golfo olvidan su simpatía con Rusia y piden armas a Zelenski para par,2026-03-07 19:02,2026-03-07 19:02
Rajoy,1,0,0,1,0.0,{'elespanol': 1},"Rajoy carga contra Vox: ""La alternativa a Frankenstein no puede ser otro extremista que ni come ni deja comer""",2026-03-07 19:02,2026-03-07 19:02
Trump,269,23,9,237,0.052,"{'20minutos': 24, 'elpais': 20, 'eldiario': 20, 'lavanguardia': 19, 'google_news_politica': 17}","Última hora del ataque de EE UU e Israel contra Irán, en directo | El ministro de Exteriores iraní: “Si Trump busca la e",2026-03-07 19:32,2026-03-07 19:32
Sánchez,163,9,12,142,-0.018,"{'google_news_politica': 45, '20minutos': 10, 'elespanol': 10, 'elmundo_espana': 10, 'huffington_es': 9}",El Poder Judicial no sancionó al magistrado que llamó “Barbigoña” a la mujer de Sánchez porque lo hizo como “mero ciudad,2026-03-07 19:32,2026-03-07 19:32
Illa,97,7,3,87,0.041,"{'google_news_es': 16, 'heraldo_aragon': 15, '20minutos': 13, 'okdiario': 8, 'elconfidencial': 6}",Paz Padilla destapa cómo funcionaba ‘Sálvame’: «Me decían ‘mete mierda’ y hacían de una mentira una verdad»,2026-03-07 19:32,2026-03-07 19:32
Feijóo,69,1,11,57,-0.145,"{'google_news_politica': 14, 'eldiario': 7, 'heraldo_aragon': 6, '20minutos': 6, 'elmundo_espana': 5}",PP y Vox cruzan reproches tras la investidura fallida de María Guardiola en Extremadura,2026-03-07 19:32,2026-03-07 19:32
Abascal,68,1,17,50,-0.235,"{'heraldo_aragon': 10, 'eldiario': 8, 'elmundo_espana': 7, 'google_news_politica': 5, 'elespanol': 5}",Abascal condiciona negociar con Mañueco a que se disculpe por decir que a Vox le gustaría “tirar seres humanos al mar”,2026-03-07 19:32,2026-03-07 19:32
Ayuso,10,2,1,7,0.1,"{'elpais': 3, 'google_news_es': 2, 'huffington_es': 1, 'heraldo_aragon': 1, '20minutos': 1}",El actor Mark Ruffalo mira a España por lo que dice la portavoz de Más Madrid sobre Ayuso y el feminismo en Irán,2026-03-07 19:32,2026-03-07 19:32
Yolanda Díaz,6,0,2,4,-0.333,"{'20minutos': 2, 'eldiario': 1, 'levante_emv': 1, 'google_news_es': 1, 'google_news_politica': 1}",IU-Sumar enarbolan el 'no a la guerra' para activar a la izquierda en Castilla y León,2026-03-07 19:32,2026-03-07 19:32
Puigdemont,4,0,0,4,0.0,"{'eldiario': 2, 'google_news_politica': 2}",El comisario de los Mossos cesado tras la fuga de Puigdemont en 2024 pide dejar el cuerpo,2026-03-07 19:32,2026-03-07 19:32
Zelenski,4,1,0,3,0.25,"{'elmundo_internacional': 3, 'lavanguardia': 1}",'Pulpos' contra 'Testigos': Trump y los países del Golfo olvidan su simpatía con Rusia y piden armas a Zelenski para par,2026-03-07 19:32,2026-03-07 19:32
Rajoy,1,0,0,1,0.0,{'elespanol': 1},"Rajoy carga contra Vox: ""La alternativa a Frankenstein no puede ser otro extremista que ni come ni deja comer""",2026-03-07 19:32,2026-03-07 19:32
Trump,274,24,9,241,0.055,"{'20minutos': 25, 'elpais': 20, 'lavanguardia': 20, 'eldiario': 20, 'elespanol': 17}",Trump reconoce oficialmente al Gobierno de Venezuela: «Hemos alcanzado un acuerdo sobre el oro»,2026-03-07 20:02,2026-03-07 20:02
Sánchez,163,9,12,142,-0.018,"{'google_news_politica': 45, '20minutos': 10, 'elespanol': 10, 'elmundo_espana': 10, 'huffington_es': 9}",El Poder Judicial no sancionó al magistrado que llamó “Barbigoña” a la mujer de Sánchez porque lo hizo como “mero ciudad,2026-03-07 20:02,2026-03-07 20:02
Illa,99,7,3,89,0.04,"{'google_news_es': 16, 'heraldo_aragon': 15, '20minutos': 13, 'okdiario': 8, 'lavanguardia': 6}",Illa sitúa los presupuestos como “el mejor escudo social” ante la inestabilidad global,2026-03-07 20:02,2026-03-07 20:02
Feijóo,70,1,11,58,-0.143,"{'google_news_politica': 14, 'eldiario': 7, 'heraldo_aragon': 6, '20minutos': 6, 'elmundo_espana': 5}",PP y Vox cruzan reproches tras la investidura fallida de María Guardiola en Extremadura,2026-03-07 20:02,2026-03-07 20:02
Abascal,68,1,17,50,-0.235,"{'heraldo_aragon': 10, 'eldiario': 8, 'elmundo_espana': 7, 'google_news_politica': 5, 'elespanol': 5}",Abascal condiciona negociar con Mañueco a que se disculpe por decir que a Vox le gustaría “tirar seres humanos al mar”,2026-03-07 20:02,2026-03-07 20:02
Ayuso,11,2,1,8,0.091,"{'elpais': 3, 'google_news_es': 2, 'okdiario': 1, 'huffington_es': 1, 'heraldo_aragon': 1}",El ministro Óscar López que tapó la juerga de Ábalos en el Parador de Teruel califica de «machista» a Ayuso,2026-03-07 20:02,2026-03-07 20:02
Yolanda Díaz,6,0,2,4,-0.333,"{'20minutos': 2, 'eldiario': 1, 'levante_emv': 1, 'google_news_es': 1, 'google_news_politica': 1}",IU-Sumar enarbolan el 'no a la guerra' para activar a la izquierda en Castilla y León,2026-03-07 20:02,2026-03-07 20:02
Puigdemont,4,0,0,4,0.0,"{'eldiario': 2, 'google_news_politica': 2}",El comisario de los Mossos cesado tras la fuga de Puigdemont en 2024 pide dejar el cuerpo,2026-03-07 20:02,2026-03-07 20:02
Zelenski,4,1,0,3,0.25,"{'elmundo_internacional': 3, 'lavanguardia': 1}",'Pulpos' contra 'Testigos': Trump y los países del Golfo olvidan su simpatía con Rusia y piden armas a Zelenski para par,2026-03-07 20:02,2026-03-07 20:02
Rajoy,1,0,0,1,0.0,{'elespanol': 1},"Rajoy carga contra Vox: ""La alternativa a Frankenstein no puede ser otro extremista que ni come ni deja comer""",2026-03-07 20:02,2026-03-07 20:02
Trump,279,24,9,246,0.054,"{'20minutos': 25, 'elpais': 21, 'lavanguardia': 20, 'eldiario': 20, 'france24_es': 17}",María Corina Machado se reúne con Trump en la Casa Blanca por segunda vez,2026-03-07 20:32,2026-03-07 20:32
Sánchez,165,9,13,143,-0.024,"{'google_news_politica': 45, 'elespanol': 11, 'elmundo_espana': 10, '20minutos': 10, 'huffington_es': 9}",Sánchez usa el 'No a la guerra' para reflotar la campaña de CyL y Aznar le acusa de connivencia con el terrorismo de Irá,2026-03-07 20:32,2026-03-07 20:32
Illa,101,7,3,91,0.04,"{'google_news_es': 17, 'heraldo_aragon': 15, '20minutos': 13, 'okdiario': 8, 'elconfidencial': 6}",La Velada del Año de Ibai Llanos vuelve a la Cartuja de Sevilla en 2026: será en el mes de julio,2026-03-07 20:32,2026-03-07 20:32
Feijóo,70,1,11,58,-0.143,"{'google_news_politica': 14, 'eldiario': 7, 'heraldo_aragon': 6, '20minutos': 6, 'elmundo_espana': 5}",PP y Vox cruzan reproches tras la investidura fallida de María Guardiola en Extremadura,2026-03-07 20:32,2026-03-07 20:32
Abascal,68,1,17,50,-0.235,"{'heraldo_aragon': 10, 'eldiario': 8, 'elmundo_espana': 7, 'google_news_politica': 5, 'elespanol': 5}",Abascal condiciona negociar con Mañueco a que se disculpe por decir que a Vox le gustaría “tirar seres humanos al mar”,2026-03-07 20:32,2026-03-07 20:32
Ayuso,11,2,1,8,0.091,"{'elpais': 3, 'google_news_es': 2, 'okdiario': 1, 'huffington_es': 1, 'heraldo_aragon': 1}",El ministro Óscar López que tapó la juerga de Ábalos en el Parador de Teruel califica de «machista» a Ayuso,2026-03-07 20:32,2026-03-07 20:32
Yolanda Díaz,6,0,2,4,-0.333,"{'20minutos': 2, 'eldiario': 1, 'levante_emv': 1, 'google_news_es': 1, 'google_news_politica': 1}",IU-Sumar enarbolan el 'no a la guerra' para activar a la izquierda en Castilla y León,2026-03-07 20:32,2026-03-07 20:32
Puigdemont,4,0,0,4,0.0,"{'eldiario': 2, 'google_news_politica': 2}",El comisario de los Mossos cesado tras la fuga de Puigdemont en 2024 pide dejar el cuerpo,2026-03-07 20:32,2026-03-07 20:32
Zelenski,4,1,0,3,0.25,"{'elmundo_internacional': 3, 'lavanguardia': 1}",'Pulpos' contra 'Testigos': Trump y los países del Golfo olvidan su simpatía con Rusia y piden armas a Zelenski para par,2026-03-07 20:32,2026-03-07 20:32
Rajoy,1,0,0,1,0.0,{'elespanol': 1},"Rajoy carga contra Vox: ""La alternativa a Frankenstein no puede ser otro extremista que ni come ni deja comer""",2026-03-07 20:32,2026-03-07 20:32
Trump,284,24,11,249,0.046,"{'20minutos': 26, 'elpais': 22, 'eldiario': 21, 'lavanguardia': 20, 'google_news_politica': 17}",Una semana de caos y versiones contradictorias: las dificultades de Trump para justificar su guerra contra Irán,2026-03-07 21:02,2026-03-07 21:02
Sánchez,167,9,13,145,-0.024,"{'google_news_politica': 46, 'elespanol': 11, 'elmundo_espana': 10, '20minutos': 10, 'levante_emv': 9}","Sánchez Cotrina también se presentará a las primarias del PSOE de Extremadura: ""Volver a ilusionar para ganar en 2027""",2026-03-07 21:02,2026-03-07 21:02
Illa,102,7,3,92,0.039,"{'google_news_es': 17, 'heraldo_aragon': 15, '20minutos': 13, 'okdiario': 8, 'elconfidencial': 6}",La Velada del Año de Ibai Llanos vuelve a la Cartuja de Sevilla en 2026: será en el mes de julio,2026-03-07 21:02,2026-03-07 21:02
Feijóo,71,1,11,59,-0.141,"{'google_news_politica': 15, 'eldiario': 7, 'heraldo_aragon': 6, '20minutos': 6, 'elmundo_espana': 5}",PP y Vox cruzan reproches tras la investidura fallida de María Guardiola en Extremadura,2026-03-07 21:02,2026-03-07 21:02
Abascal,68,1,17,50,-0.235,"{'heraldo_aragon': 10, 'eldiario': 8, 'elmundo_espana': 7, 'google_news_politica': 5, 'elespanol': 5}",Abascal condiciona negociar con Mañueco a que se disculpe por decir que a Vox le gustaría “tirar seres humanos al mar”,2026-03-07 21:02,2026-03-07 21:02
Ayuso,11,2,1,8,0.091,"{'elpais': 3, 'google_news_es': 2, 'okdiario': 1, 'huffington_es': 1, 'heraldo_aragon': 1}",El ministro Óscar López que tapó la juerga de Ábalos en el Parador de Teruel califica de «machista» a Ayuso,2026-03-07 21:02,2026-03-07 21:02
Yolanda Díaz,6,0,2,4,-0.333,"{'20minutos': 2, 'eldiario': 1, 'levante_emv': 1, 'google_news_es': 1, 'google_news_politica': 1}",IU-Sumar enarbolan el 'no a la guerra' para activar a la izquierda en Castilla y León,2026-03-07 21:02,2026-03-07 21:02
Puigdemont,4,0,0,4,0.0,"{'eldiario': 2, 'google_news_politica': 2}",El comisario de los Mossos cesado tras la fuga de Puigdemont en 2024 pide dejar el cuerpo,2026-03-07 21:02,2026-03-07 21:02
Zelenski,4,1,0,3,0.25,"{'elmundo_internacional': 3, 'lavanguardia': 1}",'Pulpos' contra 'Testigos': Trump y los países del Golfo olvidan su simpatía con Rusia y piden armas a Zelenski para par,2026-03-07 21:02,2026-03-07 21:02
Rajoy,1,0,0,1,0.0,{'elespanol': 1},"Rajoy carga contra Vox: ""La alternativa a Frankenstein no puede ser otro extremista que ni come ni deja comer""",2026-03-07 21:02,2026-03-07 21:02
Trump,289,24,11,254,0.045,"{'20minutos': 26, 'elpais': 22, 'eldiario': 21, 'lavanguardia': 20, 'google_news_es': 19}","Una semana de los ataques de Trump y Netanyahu: caos en Irán, Líbano, el Golfo e incluso la UE",2026-03-07 21:32,2026-03-07 21:32
Sánchez,168,9,13,146,-0.024,"{'google_news_politica': 46, 'elespanol': 11, 'okdiario': 10, 'elmundo_espana': 10, '20minutos': 10}",El Gobierno tapia el local del Estado donde el suegro de Sánchez tenía su mayor prostíbulo gay,2026-03-07 21:32,2026-03-07 21:32
Illa,103,7,3,93,0.039,"{'google_news_es': 17, 'heraldo_aragon': 15, '20minutos': 13, 'okdiario': 8, 'elconfidencial': 6}",Palco del día 7: A la sombra de una sombrilla...,2026-03-07 21:32,2026-03-07 21:32
Feijóo,71,1,11,59,-0.141,"{'google_news_politica': 15, 'eldiario': 7, 'heraldo_aragon': 6, '20minutos': 6, 'elmundo_espana': 5}",PP y Vox cruzan reproches tras la investidura fallida de María Guardiola en Extremadura,2026-03-07 21:32,2026-03-07 21:32
Abascal,68,1,17,50,-0.235,"{'heraldo_aragon': 10, 'eldiario': 8, 'elmundo_espana': 7, 'google_news_politica': 5, 'elespanol': 5}",Abascal condiciona negociar con Mañueco a que se disculpe por decir que a Vox le gustaría “tirar seres humanos al mar”,2026-03-07 21:32,2026-03-07 21:32
Ayuso,11,2,1,8,0.091,"{'elpais': 3, 'google_news_es': 2, 'okdiario': 1, 'huffington_es': 1, 'heraldo_aragon': 1}",El ministro Óscar López que tapó la juerga de Ábalos en el Parador de Teruel califica de «machista» a Ayuso,2026-03-07 21:32,2026-03-07 21:32
Yolanda Díaz,6,0,2,4,-0.333,"{'20minutos': 2, 'eldiario': 1, 'levante_emv': 1, 'google_news_es': 1, 'google_news_politica': 1}",IU-Sumar enarbolan el 'no a la guerra' para activar a la izquierda en Castilla y León,2026-03-07 21:32,2026-03-07 21:32
Puigdemont,4,0,0,4,0.0,"{'eldiario': 2, 'google_news_politica': 2}",El comisario de los Mossos cesado tras la fuga de Puigdemont en 2024 pide dejar el cuerpo,2026-03-07 21:32,2026-03-07 21:32
Zelenski,4,1,0,3,0.25,"{'elmundo_internacional': 3, 'lavanguardia': 1}",'Pulpos' contra 'Testigos': Trump y los países del Golfo olvidan su simpatía con Rusia y piden armas a Zelenski para par,2026-03-07 21:32,2026-03-07 21:32
Rajoy,1,0,0,1,0.0,{'elespanol': 1},"Rajoy carga contra Vox: ""La alternativa a Frankenstein no puede ser otro extremista que ni come ni deja comer""",2026-03-07 21:32,2026-03-07 21:32
Trump,290,24,11,255,0.045,"{'20minutos': 26, 'elpais': 22, 'eldiario': 21, 'lavanguardia': 20, 'google_news_es': 19}","Una semana de los ataques de Trump y Netanyahu: caos en Irán, Líbano, el Golfo e incluso la UE",2026-03-07 22:02,2026-03-07 22:02
Sánchez,168,9,13,146,-0.024,"{'google_news_politica': 46, 'elespanol': 11, 'okdiario': 10, 'elmundo_espana': 10, '20minutos': 10}",El Gobierno tapia el local del Estado donde el suegro de Sánchez tenía su mayor prostíbulo gay,2026-03-07 22:02,2026-03-07 22:02
Illa,103,7,3,93,0.039,"{'google_news_es': 17, 'heraldo_aragon': 15, '20minutos': 13, 'okdiario': 8, 'elconfidencial': 6}",Palco del día 7: A la sombra de una sombrilla...,2026-03-07 22:02,2026-03-07 22:02
Feijóo,71,1,11,59,-0.141,"{'google_news_politica': 15, 'eldiario': 7, 'heraldo_aragon': 6, '20minutos': 6, 'elmundo_espana': 5}",PP y Vox cruzan reproches tras la investidura fallida de María Guardiola en Extremadura,2026-03-07 22:02,2026-03-07 22:02
Abascal,68,1,17,50,-0.235,"{'heraldo_aragon': 10, 'eldiario': 8, 'elmundo_espana': 7, 'google_news_politica': 5, 'elespanol': 5}",Abascal condiciona negociar con Mañueco a que se disculpe por decir que a Vox le gustaría “tirar seres humanos al mar”,2026-03-07 22:02,2026-03-07 22:02
Ayuso,11,2,1,8,0.091,"{'elpais': 3, 'google_news_es': 2, 'okdiario': 1, 'huffington_es': 1, 'heraldo_aragon': 1}",El ministro Óscar López que tapó la juerga de Ábalos en el Parador de Teruel califica de «machista» a Ayuso,2026-03-07 22:02,2026-03-07 22:02
Yolanda Díaz,6,0,2,4,-0.333,"{'20minutos': 2, 'eldiario': 1, 'levante_emv': 1, 'google_news_es': 1, 'google_news_politica': 1}",IU-Sumar enarbolan el 'no a la guerra' para activar a la izquierda en Castilla y León,2026-03-07 22:02,2026-03-07 22:02
Puigdemont,4,0,0,4,0.0,"{'eldiario': 2, 'google_news_politica': 2}",El comisario de los Mossos cesado tras la fuga de Puigdemont en 2024 pide dejar el cuerpo,2026-03-07 22:02,2026-03-07 22:02
Zelenski,4,1,0,3,0.25,"{'elmundo_internacional': 3, 'lavanguardia': 1}",'Pulpos' contra 'Testigos': Trump y los países del Golfo olvidan su simpatía con Rusia y piden armas a Zelenski para par,2026-03-07 22:02,2026-03-07 22:02
Rajoy,1,0,0,1,0.0,{'elespanol': 1},"Rajoy carga contra Vox: ""La alternativa a Frankenstein no puede ser otro extremista que ni come ni deja comer""",2026-03-07 22:02,2026-03-07 22:02
Trump,292,24,11,257,0.045,"{'20minutos': 26, 'eldiario': 22, 'elpais': 22, 'lavanguardia': 20, 'google_news_es': 19}",Trump recibe los restos de los primeros militares estadounidenses muertos en la guerra de Irán,2026-03-07 22:32,2026-03-07 22:32
Sánchez,169,9,13,147,-0.024,"{'google_news_politica': 46, 'elespanol': 11, 'levante_emv': 10, 'elmundo_espana': 10, 'okdiario': 10}",Sánchez ya tiene el eslogan de campaña con el No a la guerra,2026-03-07 22:32,2026-03-07 22:32
Illa,105,8,3,94,0.048,"{'google_news_es': 18, 'heraldo_aragon': 15, '20minutos': 13, 'okdiario': 9, 'lavanguardia': 6}",Munuera Montero perdona una roja clamorosa a Cubarsi tras una zancadilla como último hombre a Williams,2026-03-07 22:32,2026-03-07 22:32
Feijóo,71,1,11,59,-0.141,"{'google_news_politica': 15, 'eldiario': 7, 'heraldo_aragon': 6, '20minutos': 6, 'elmundo_espana': 5}",PP y Vox cruzan reproches tras la investidura fallida de María Guardiola en Extremadura,2026-03-07 22:32,2026-03-07 22:32
Abascal,68,1,17,50,-0.235,"{'heraldo_aragon': 10, 'eldiario': 8, 'elmundo_espana': 7, 'google_news_politica': 5, 'elespanol': 5}",Abascal condiciona negociar con Mañueco a que se disculpe por decir que a Vox le gustaría “tirar seres humanos al mar”,2026-03-07 22:32,2026-03-07 22:32
Ayuso,11,2,1,8,0.091,"{'elpais': 3, 'google_news_es': 2, 'okdiario': 1, 'huffington_es': 1, 'heraldo_aragon': 1}",El ministro Óscar López que tapó la juerga de Ábalos en el Parador de Teruel califica de «machista» a Ayuso,2026-03-07 22:32,2026-03-07 22:32
Yolanda Díaz,6,0,2,4,-0.333,"{'20minutos': 2, 'eldiario': 1, 'levante_emv': 1, 'google_news_es': 1, 'google_news_politica': 1}",IU-Sumar enarbolan el 'no a la guerra' para activar a la izquierda en Castilla y León,2026-03-07 22:32,2026-03-07 22:32
Puigdemont,4,0,0,4,0.0,"{'eldiario': 2, 'google_news_politica': 2}",El comisario de los Mossos cesado tras la fuga de Puigdemont en 2024 pide dejar el cuerpo,2026-03-07 22:32,2026-03-07 22:32
Zelenski,4,1,0,3,0.25,"{'elmundo_internacional': 3, 'lavanguardia': 1}",'Pulpos' contra 'Testigos': Trump y los países del Golfo olvidan su simpatía con Rusia y piden armas a Zelenski para par,2026-03-07 22:32,2026-03-07 22:32
Rajoy,1,0,0,1,0.0,{'elespanol': 1},"Rajoy carga contra Vox: ""La alternativa a Frankenstein no puede ser otro extremista que ni come ni deja comer""",2026-03-07 22:32,2026-03-07 22:32
Trump,294,24,11,259,0.044,"{'20minutos': 26, 'eldiario': 22, 'elpais': 22, 'google_news_es': 20, 'lavanguardia': 20}",Trump recibe los cuerpos de los 6 soldados fallecidos,2026-03-07 23:02,2026-03-07 23:02
Sánchez,169,9,13,147,-0.024,"{'google_news_politica': 46, 'elespanol': 11, 'levante_emv': 10, 'elmundo_espana': 10, 'okdiario': 10}",Sánchez ya tiene el eslogan de campaña con el No a la guerra,2026-03-07 23:02,2026-03-07 23:02
Illa,105,8,3,94,0.048,"{'google_news_es': 18, 'heraldo_aragon': 15, '20minutos': 13, 'okdiario': 9, 'lavanguardia': 6}",Munuera Montero perdona una roja clamorosa a Cubarsi tras una zancadilla como último hombre a Williams,2026-03-07 23:02,2026-03-07 23:02
Feijóo,71,1,11,59,-0.141,"{'google_news_politica': 15, 'eldiario': 7, 'heraldo_aragon': 6, '20minutos': 6, 'elmundo_espana': 5}",PP y Vox cruzan reproches tras la investidura fallida de María Guardiola en Extremadura,2026-03-07 23:02,2026-03-07 23:02
Abascal,68,1,17,50,-0.235,"{'heraldo_aragon': 10, 'eldiario': 8, 'elmundo_espana': 7, 'google_news_politica': 5, 'elespanol': 5}",Abascal condiciona negociar con Mañueco a que se disculpe por decir que a Vox le gustaría “tirar seres humanos al mar”,2026-03-07 23:02,2026-03-07 23:02
Ayuso,11,2,1,8,0.091,"{'elpais': 3, 'google_news_es': 2, 'okdiario': 1, 'huffington_es': 1, 'heraldo_aragon': 1}",El ministro Óscar López que tapó la juerga de Ábalos en el Parador de Teruel califica de «machista» a Ayuso,2026-03-07 23:02,2026-03-07 23:02
Yolanda Díaz,6,0,2,4,-0.333,"{'20minutos': 2, 'eldiario': 1, 'levante_emv': 1, 'google_news_es': 1, 'google_news_politica': 1}",IU-Sumar enarbolan el 'no a la guerra' para activar a la izquierda en Castilla y León,2026-03-07 23:02,2026-03-07 23:02
Puigdemont,4,0,0,4,0.0,"{'eldiario': 2, 'google_news_politica': 2}",El comisario de los Mossos cesado tras la fuga de Puigdemont en 2024 pide dejar el cuerpo,2026-03-07 23:02,2026-03-07 23:02
Zelenski,4,1,0,3,0.25,"{'elmundo_internacional': 3, 'lavanguardia': 1}",'Pulpos' contra 'Testigos': Trump y los países del Golfo olvidan su simpatía con Rusia y piden armas a Zelenski para par,2026-03-07 23:02,2026-03-07 23:02
Rajoy,1,0,0,1,0.0,{'elespanol': 1},"Rajoy carga contra Vox: ""La alternativa a Frankenstein no puede ser otro extremista que ni come ni deja comer""",2026-03-07 23:02,2026-03-07 23:02
Trump,299,24,12,263,0.04,"{'20minutos': 28, 'elpais': 23, 'eldiario': 22, 'lavanguardia': 21, 'google_news_es': 21}",Trump recibe los restos de los seis primeros soldados de EEUU muertos en la guerra de Irán,2026-03-07 23:32,2026-03-07 23:32
Sánchez,169,9,13,147,-0.024,"{'google_news_politica': 46, 'elespanol': 11, 'levante_emv': 10, 'elmundo_espana': 10, 'okdiario': 10}",Sánchez ya tiene el eslogan de campaña con el No a la guerra,2026-03-07 23:32,2026-03-07 23:32
Illa,105,8,3,94,0.048,"{'google_news_es': 18, 'heraldo_aragon': 15, '20minutos': 13, 'okdiario': 9, 'lavanguardia': 6}",Munuera Montero perdona una roja clamorosa a Cubarsi tras una zancadilla como último hombre a Williams,2026-03-07 23:32,2026-03-07 23:32
Feijóo,72,1,11,60,-0.139,"{'google_news_politica': 15, 'eldiario': 7, '20minutos': 6, 'heraldo_aragon': 6, 'okdiario': 5}",Otra alcaldía para el PP tras pactar con los regionalistas: gobierna en la mitad de pueblos de Baleares,2026-03-07 23:32,2026-03-07 23:32
Abascal,68,1,17,50,-0.235,"{'heraldo_aragon': 10, 'eldiario': 8, 'elmundo_espana': 7, 'google_news_politica': 5, 'elespanol': 5}",Abascal condiciona negociar con Mañueco a que se disculpe por decir que a Vox le gustaría “tirar seres humanos al mar”,2026-03-07 23:32,2026-03-07 23:32
Ayuso,11,2,1,8,0.091,"{'elpais': 3, 'google_news_es': 2, 'okdiario': 1, 'huffington_es': 1, 'heraldo_aragon': 1}",El ministro Óscar López que tapó la juerga de Ábalos en el Parador de Teruel califica de «machista» a Ayuso,2026-03-07 23:32,2026-03-07 23:32
Yolanda Díaz,6,0,2,4,-0.333,"{'20minutos': 2, 'eldiario': 1, 'levante_emv': 1, 'google_news_es': 1, 'google_news_politica': 1}",IU-Sumar enarbolan el 'no a la guerra' para activar a la izquierda en Castilla y León,2026-03-07 23:32,2026-03-07 23:32
Puigdemont,4,0,0,4,0.0,"{'eldiario': 2, 'google_news_politica': 2}",El comisario de los Mossos cesado tras la fuga de Puigdemont en 2024 pide dejar el cuerpo,2026-03-07 23:32,2026-03-07 23:32
Zelenski,4,1,0,3,0.25,"{'elmundo_internacional': 3, 'lavanguardia': 1}",'Pulpos' contra 'Testigos': Trump y los países del Golfo olvidan su simpatía con Rusia y piden armas a Zelenski para par,2026-03-07 23:32,2026-03-07 23:32
Rajoy,1,0,0,1,0.0,{'elespanol': 1},"Rajoy carga contra Vox: ""La alternativa a Frankenstein no puede ser otro extremista que ni come ni deja comer""",2026-03-07 23:32,2026-03-07 23:32
Trump,302,24,13,265,0.036,"{'20minutos': 29, 'elpais': 23, 'google_news_es': 22, 'eldiario': 22, 'lavanguardia': 21}",Trump culpa a Irán del bombardeo en una escuela de niñas que dejó casi 180 muertos,2026-03-08 00:02,2026-03-08 00:02
Sánchez,169,9,13,147,-0.024,"{'google_news_politica': 46, 'elespanol': 11, 'levante_emv': 10, 'elmundo_espana': 10, 'okdiario': 10}",Sánchez ya tiene el eslogan de campaña con el No a la guerra,2026-03-08 00:02,2026-03-08 00:02
Illa,106,8,3,95,0.047,"{'google_news_es': 18, 'heraldo_aragon': 15, '20minutos': 13, 'okdiario': 9, 'lavanguardia': 6}",Alivio tras el susto con Unai Gómez: «Igual no es una lesión dura de rodilla»,2026-03-08 00:02,2026-03-08 00:02
Feijóo,72,1,11,60,-0.139,"{'google_news_politica': 15, 'eldiario': 7, '20minutos': 6, 'heraldo_aragon': 6, 'okdiario': 5}",Otra alcaldía para el PP tras pactar con los regionalistas: gobierna en la mitad de pueblos de Baleares,2026-03-08 00:02,2026-03-08 00:02
Abascal,68,1,17,50,-0.235,"{'heraldo_aragon': 10, 'eldiario': 8, 'elmundo_espana': 7, 'google_news_politica': 5, 'elespanol': 5}",Abascal condiciona negociar con Mañueco a que se disculpe por decir que a Vox le gustaría “tirar seres humanos al mar”,2026-03-08 00:02,2026-03-08 00:02
Ayuso,11,2,1,8,0.091,"{'elpais': 3, 'google_news_es': 2, 'okdiario': 1, 'huffington_es': 1, 'heraldo_aragon': 1}",El ministro Óscar López que tapó la juerga de Ábalos en el Parador de Teruel califica de «machista» a Ayuso,2026-03-08 00:02,2026-03-08 00:02
Yolanda Díaz,6,0,2,4,-0.333,"{'20minutos': 2, 'eldiario': 1, 'levante_emv': 1, 'google_news_es': 1, 'google_news_politica': 1}",IU-Sumar enarbolan el 'no a la guerra' para activar a la izquierda en Castilla y León,2026-03-08 00:02,2026-03-08 00:02
Puigdemont,4,0,0,4,0.0,"{'eldiario': 2, 'google_news_politica': 2}",El comisario de los Mossos cesado tras la fuga de Puigdemont en 2024 pide dejar el cuerpo,2026-03-08 00:02,2026-03-08 00:02
Zelenski,4,1,0,3,0.25,"{'elmundo_internacional': 3, 'lavanguardia': 1}",'Pulpos' contra 'Testigos': Trump y los países del Golfo olvidan su simpatía con Rusia y piden armas a Zelenski para par,2026-03-08 00:02,2026-03-08 00:02
Rajoy,1,0,0,1,0.0,{'elespanol': 1},"Rajoy carga contra Vox: ""La alternativa a Frankenstein no puede ser otro extremista que ni come ni deja comer""",2026-03-08 00:02,2026-03-08 00:02
Trump,306,24,13,269,0.036,"{'20minutos': 29, 'elpais': 23, 'google_news_es': 23, 'lavanguardia': 22, 'eldiario': 22}",La turbulenta relación entre Sánchez y Trump toca fondo,2026-03-08 00:32,2026-03-08 00:32
Sánchez,175,10,13,152,-0.017,"{'google_news_politica': 47, 'elmundo_espana': 11, 'elespanol': 11, '20minutos': 10, 'levante_emv': 10}","Mario Saavedra destaca el ""poder blando"" que está consiguiendo España con la postura de Sánchez: ""Han tenido - LaSexta",2026-03-08 00:32,2026-03-08 00:32
Illa,107,8,3,96,0.047,"{'google_news_es': 18, 'heraldo_aragon': 15, '20minutos': 13, 'okdiario': 9, 'lavanguardia': 6}",El tiro imposible que desató la pesadilla,2026-03-08 00:32,2026-03-08 00:32
Feijóo,73,1,11,61,-0.137,"{'google_news_politica': 15, 'eldiario': 7, '20minutos': 6, 'heraldo_aragon': 6, 'okdiario': 5}",Feijóo restablece puentes con el PNV mientras Sánchez agita el antibelicismo y Abascal presiona,2026-03-08 00:32,2026-03-08 00:32
Abascal,69,1,17,51,-0.232,"{'heraldo_aragon': 10, 'eldiario': 8, 'elmundo_espana': 7, 'google_news_politica': 5, 'lavanguardia': 5}",Feijóo restablece puentes con el PNV mientras Sánchez agita el antibelicismo y Abascal presiona,2026-03-08 00:32,2026-03-08 00:32
Ayuso,11,2,1,8,0.091,"{'elpais': 3, 'google_news_es': 2, 'okdiario': 1, 'huffington_es': 1, 'heraldo_aragon': 1}",El ministro Óscar López que tapó la juerga de Ábalos en el Parador de Teruel califica de «machista» a Ayuso,2026-03-08 00:32,2026-03-08 00:32
Yolanda Díaz,6,0,2,4,-0.333,"{'20minutos': 2, 'eldiario': 1, 'levante_emv': 1, 'google_news_es': 1, 'google_news_politica': 1}",IU-Sumar enarbolan el 'no a la guerra' para activar a la izquierda en Castilla y León,2026-03-08 00:32,2026-03-08 00:32
Zelenski,5,1,0,4,0.2,"{'elmundo_internacional': 4, 'lavanguardia': 1}",Zelenski insta a desbloquear el apoyo de 90.000 millones de euros a Ucrania y  el nuevo paquete de sanciones a Rusia,2026-03-08 00:32,2026-03-08 00:32
Puigdemont,4,0,0,4,0.0,"{'eldiario': 2, 'google_news_politica': 2}",El comisario de los Mossos cesado tras la fuga de Puigdemont en 2024 pide dejar el cuerpo,2026-03-08 00:32,2026-03-08 00:32
Rajoy,1,0,0,1,0.0,{'elespanol': 1},"Rajoy carga contra Vox: ""La alternativa a Frankenstein no puede ser otro extremista que ni come ni deja comer""",2026-03-08 00:32,2026-03-08 00:32
